traj,tr,delay,observed_gap,dataset,gap_hat_E_locked,gap_hat_E_locked_source,tr_key,delay_key,traj_key,relief_consistency_overshoot_availability_index_mean,corner_turn_phase_index_mean,v3_residual_target,RCOAI_standardized,CTPI_standardized,v3_option_a_correction,gap_hat_A_development,v3_development_residual_after_correction
circle,0.2,0,-0.0595711393017816,original_96,0.15081956415580716,reconstructed_locked_E_in_sample_from_original_96_training_formula,0.2,0,circle,0.1623949805313444,6.979990010181514e-16,-0.21039070345758876,-0.276521253305701,-0.6494574462104482,-0.0007903962676943174,0.15002916788811285,-0.20960030718989445
circle,0.2,8,0.0406710695436763,original_96,0.05391941641578452,reconstructed_locked_E_in_sample_from_original_96_training_formula,0.2,8,circle,0.695611291987063,0.0188374557927181,-0.01324834687210822,0.9161971681873209,-0.6401778348062789,0.0026188179517861003,0.05653823436757062,-0.01586716482389432
circle,0.2,18,0.0874908828776035,original_96,0.1704309689483157,reconstructed_locked_E_in_sample_from_original_96_training_formula,0.2,18,circle,0.6673749648034749,0.0422221078365375,-0.0829400860707122,0.8530370831268577,-0.6286582067749682,0.0024382839244654,0.1728692528727811,-0.0853783699951776
circle,0.2,26,0.0847588652055486,original_96,0.06011611420554279,reconstructed_locked_E_in_sample_from_original_96_training_formula,0.2,26,circle,0.5617043984881938,0.0594821923827063,0.024642751000005805,0.6166691619922797,-0.6201556319498968,0.0017626601869261504,0.06187877439246894,0.022880090813079654
circle,0.2,34,0.2225726744763141,original_96,0.20723703434254573,reconstructed_locked_E_in_sample_from_original_96_training_formula,0.2,34,circle,0.5366181427663012,0.0744746546128038,0.015335640133768369,0.5605552759708637,-0.6127701216656056,0.001602266707050956,0.2088393010495967,0.013733373426717413
circle,0.2,44,-0.2385163793215547,original_96,-0.24076052588279317,reconstructed_locked_E_in_sample_from_original_96_training_formula,0.2,44,circle,0.5753629015687899,0.08853205831692,0.0022441465612384748,0.6472210184982656,-0.6058452351437134,0.0018499882785819747,-0.2389105376042112,0.0003941582826565001
circle,0.2,56,0.2772983526251853,original_96,0.19842311310859959,reconstructed_locked_E_in_sample_from_original_96_training_formula,0.2,56,circle,0.5427951188606239,0.1140387963511826,0.07887523951658573,0.5743721698252683,-0.5932802359341379,0.0016417603127072875,0.20006487342130688,0.07723347920387845
circle,0.2,68,0.2728691860705048,original_96,0.10257326722025509,reconstructed_locked_E_in_sample_from_original_96_training_formula,0.2,68,circle,0.5452415663729869,0.1131664003859247,0.17029591885024972,0.579844476190475,-0.5937099911854435,0.0016574021141060303,0.10423066933436112,0.1686385167361437
circle,0.3,0,-0.0295240501818834,original_96,0.0945475278694446,reconstructed_locked_E_in_sample_from_original_96_training_formula,0.3,0,circle,0.0704741915431983,6.84931733582102e-16,-0.12407157805132801,-0.4821331522459673,-0.6494574462104482,-0.0013781083352953692,0.09316941953414924,-0.12269346971603265
circle,0.3,8,0.0049740305851742,original_96,0.12379697939966558,reconstructed_locked_E_in_sample_from_original_96_training_formula,0.3,8,circle,0.2525106584865502,0.0184581100773254,-0.11882294881449137,-0.07494709502635033,-0.6403647061579845,-0.00021422550156703396,0.12358275389809854,-0.11860872331292434
circle,0.3,18,0.0441481023209054,original_96,0.12544105734522723,reconstructed_locked_E_in_sample_from_original_96_training_formula,0.3,18,circle,0.3348530493639293,0.0406829622333641,-0.08129295502432182,0.10923948058891018,-0.6294164128325721,0.0003122453580336074,0.12575330270326085,-0.08160520038235543
circle,0.3,26,0.1415258008603637,original_96,0.23972355680024682,reconstructed_locked_E_in_sample_from_original_96_training_formula,0.3,26,circle,0.2438553348120116,0.0572933897966614,-0.09819775593988311,-0.09430765052478082,-0.6212338687172414,-0.0002695648674331754,0.23945399193281364,-0.09792819107244993
circle,0.3,34,0.3290213866896017,original_96,0.38075597793391913,reconstructed_locked_E_in_sample_from_original_96_training_formula,0.3,34,circle,0.2056726307621703,0.0720353563417867,-0.05173459124431745,-0.17971616771423285,-0.6139717563397876,-0.0005136928409933801,0.38024228509292574,-0.05122089840332407
circle,0.3,44,-0.1934475304614282,original_96,-0.11391689737657262,reconstructed_locked_E_in_sample_from_original_96_training_formula,0.3,44,circle,0.340082244611781,0.0866269534383404,-0.07953063308485558,0.12093634238345873,-0.6067837181932259,0.0003456791566860628,-0.11357121821988655,-0.07987631224154165
circle,0.3,56,-0.0073660580826051,original_96,0.029368606897632724,reconstructed_locked_E_in_sample_from_original_96_training_formula,0.3,56,circle,0.3285539465975824,0.1055618081749945,-0.03673466498023782,0.09514940917344955,-0.5974561266180155,0.00027197091357340336,0.029640577811206128,-0.03700663589381122
circle,0.3,68,0.572377155987823,original_96,0.28511903420257523,reconstructed_locked_E_in_sample_from_original_96_training_formula,0.3,68,circle,0.3495966250556238,0.1185718076186078,0.2872581217852478,0.14221846856876513,-0.5910472070413143,0.0004065110562394375,0.2855255452588147,0.28685161072900833
circle,0.4,0,-0.0033820196043866,original_96,0.1013769571306574,reconstructed_locked_E_in_sample_from_original_96_training_formula,0.4,0,circle,0.1901375377046124,6.801644266043415e-16,-0.104758976735044,-0.21446565168776732,-0.6494574462104482,-0.0006130192475847062,0.1007639378830727,-0.10414595748745929
circle,0.4,8,-0.0047319954078167,original_96,0.14686799477288434,reconstructed_locked_E_in_sample_from_original_96_training_formula,0.4,8,circle,0.1484454246148986,0.0160667243240838,-0.15159999018070103,-0.3077241478078764,-0.6415427384120073,-0.0008795852579109711,0.14598840951497338,-0.15072040492279007
circle,0.4,18,0.1274413667707242,original_96,0.2363522629522489,reconstructed_locked_E_in_sample_from_original_96_training_formula,0.4,18,circle,0.1987550784955379,0.0363901790568508,-0.10891089618152469,-0.1951896103730448,-0.6315311017883811,-0.00055792145336838,0.2357943414988805,-0.10835297472815632
circle,0.4,26,0.227884140442528,original_96,0.38181440766107266,reconstructed_locked_E_in_sample_from_original_96_training_formula,0.4,26,circle,-0.030351055852508,0.0470189896862915,-0.15393026721854466,-0.7076628806823357,-0.6262951913015814,-0.0020227526564071,0.37979165500466555,-0.15190751456213755
circle,0.4,34,0.6793668046904928,original_96,0.6563005603526996,reconstructed_locked_E_in_sample_from_original_96_training_formula,0.4,34,circle,-0.0352563699313578,0.0586524900298313,0.02306624433779325,-0.7186352728229296,-0.6205643556916018,-0.0020541156626568084,0.6542464446900428,0.025120360000450058
circle,0.4,44,0.2560426485032481,original_96,0.32186327809665505,reconstructed_locked_E_in_sample_from_original_96_training_formula,0.4,44,circle,0.0079154585690904,0.080160469887868,-0.06582062959340695,-0.6220668932820907,-0.609969204341681,-0.001778088826187983,0.3200851892704671,-0.06404254076721898
circle,0.4,56,0.1997557782223631,original_96,0.18627284545925837,reconstructed_locked_E_in_sample_from_original_96_training_formula,0.4,56,circle,0.0386409340232403,0.094862638109843,0.013482932763104721,-0.553338987184755,-0.6027266972112116,-0.0015816399825046186,0.18469120547675374,0.01506457274560934
circle,0.4,68,1.436070576848118,original_96,0.569286548347042,reconstructed_locked_E_in_sample_from_original_96_training_formula,0.4,68,circle,-0.0500032400945803,0.1055427462032071,0.8667840285010759,-0.7516216300013558,-0.597465516829344,-0.002148402424657833,0.5671381459223841,0.8689324309257338
lemniscate,0.2,0,-0.0918592227212144,original_96,0.06416371017359271,reconstructed_locked_E_in_sample_from_original_96_training_formula,0.2,0,lemniscate,0.0114018149640668,0.0,-0.15602293289480712,-0.6142684793798114,-0.6494574462104485,-0.0017557981806458744,0.06240791199294683,-0.15426713471416126
lemniscate,0.2,8,-0.4841632145973089,original_96,-0.6719021740229002,reconstructed_locked_E_in_sample_from_original_96_training_formula,0.2,8,lemniscate,0.2278032775135456,0.0729488133436195,0.18773895942559132,-0.1302134996734558,-0.6135217738100501,-0.00037219657771308385,-0.6722743706006132,0.18811115600330441
lemniscate,0.2,18,0.1748948856819975,original_96,0.2761067663657317,reconstructed_locked_E_in_sample_from_original_96_training_formula,0.2,18,lemniscate,0.6302880022634324,0.138826908277808,-0.10121188068373424,0.7700795620075814,-0.5810692426528122,0.002201161770974507,0.27830792813670624,-0.10341304245470875
lemniscate,0.2,26,0.2488085951340169,original_96,0.2866792493426427,reconstructed_locked_E_in_sample_from_original_96_training_formula,0.2,26,lemniscate,0.5952586479387824,0.2022225807693951,-0.037870654208625815,0.6917245768010082,-0.5498395897792349,0.0019771953050260393,0.28865644464766876,-0.039847849513651855
lemniscate,0.2,34,0.2168056103074542,original_96,0.26607314257622083,reconstructed_locked_E_in_sample_from_original_96_training_formula,0.2,34,lemniscate,0.5695530643687513,0.1991092559805434,-0.04926753226876662,0.6342253548145282,-0.55137325995919,0.001812842041361355,0.2678859846175822,-0.05108037431012798
lemniscate,0.2,44,0.2917695849446329,original_96,0.3714702721138565,reconstructed_locked_E_in_sample_from_original_96_training_formula,0.2,44,lemniscate,0.5071485208200506,0.2313462514848271,-0.07970068716922363,0.4946365105194301,-0.5354928356381221,0.001413847388242827,0.3728841195020994,-0.08111453455746645
lemniscate,0.2,56,0.3080029544284253,original_96,0.3176645647725215,reconstructed_locked_E_in_sample_from_original_96_training_formula,0.2,56,lemniscate,0.5895894797411951,0.2926265140204499,-0.009661610344096183,0.679043566864638,-0.5053052652287514,0.001940948460327918,0.3196055132328494,-0.011602558804424101
lemniscate,0.2,68,0.318638186562695,original_96,0.34834577471053163,reconstructed_locked_E_in_sample_from_original_96_training_formula,0.2,68,lemniscate,0.5523538346480138,0.3272944226674646,-0.02970758814783664,0.5957534669845973,-0.48822733687263487,0.0017028756782394758,0.3500486503887711,-0.03141046382607612
lemniscate,0.3,0,-0.1301141276542103,original_96,-0.038463991468473305,reconstructed_locked_E_in_sample_from_original_96_training_formula,0.3,0,lemniscate,-0.1321278945701548,0.0,-0.09165013618573699,-0.9353211645942723,-0.6494574462104485,-0.002673481147481743,-0.041137472615955045,-0.08897665503825525
lemniscate,0.3,8,-0.6581319795897618,original_96,-0.8505847766420482,reconstructed_locked_E_in_sample_from_original_96_training_formula,0.3,8,lemniscate,0.1203842245309639,0.0595735550433723,0.19245279705228646,-0.37049250194531336,-0.6201106253419365,-0.0010589995786782005,-0.8516437762207264,0.19351179663096466
lemniscate,0.3,18,-0.2556515678144672,original_96,-0.1322070374283236,reconstructed_locked_E_in_sample_from_original_96_training_formula,0.3,18,lemniscate,0.3142917207555514,0.1141164202668559,-0.12344453038614359,0.06324712275080904,-0.5932419972366703,0.00018078281205162315,-0.132026254616272,-0.12362531319819521
lemniscate,0.3,26,0.3430521473959756,original_96,0.43833249633614224,reconstructed_locked_E_in_sample_from_original_96_training_formula,0.3,26,lemniscate,0.256418670605362,0.1749833760334171,-0.09528034894016663,-0.06620550564623641,-0.563258027900067,-0.000189238924451676,0.4381432574116906,-0.09509111001571495
lemniscate,0.3,34,0.3347721563550863,original_96,0.41927969119089137,reconstructed_locked_E_in_sample_from_original_96_training_formula,0.3,34,lemniscate,0.259428226224604,0.2097694874347529,-0.08450753483580509,-0.05947361776047758,-0.5461218711059346,-0.00016999679027272367,0.4191096944006186,-0.08433753804553236
lemniscate,0.3,44,0.5018367538683524,original_96,0.46016731460589105,reconstructed_locked_E_in_sample_from_original_96_training_formula,0.3,44,lemniscate,0.3088799521772121,0.2305391863553468,0.041669439262461305,0.05114187402235107,-0.5358904079462853,0.00014618169803198223,0.46031349630392304,0.041523257564429324
lemniscate,0.3,56,0.4328535444386343,original_96,0.39585038899075725,reconstructed_locked_E_in_sample_from_original_96_training_formula,0.3,56,lemniscate,0.4047518326593152,0.279653642869163,0.03700315544787702,0.2655917239191088,-0.5116958948554362,0.000759155778467735,0.396609544769225,0.03624399966940929
lemniscate,0.3,68,0.5377165778592716,original_96,0.4294918283940159,reconstructed_locked_E_in_sample_from_original_96_training_formula,0.3,68,lemniscate,0.3669063596321926,0.3197757532064834,0.10822474946525573,0.18093753784154162,-0.4919311454783211,0.0005171839519968115,0.4300090123460127,0.10770756551325893
lemniscate,0.4,0,-0.1206183774584378,original_96,-0.08896952850622232,reconstructed_locked_E_in_sample_from_original_96_training_formula,0.4,0,lemniscate,0.0963428332374483,0.0,-0.03164884895221548,-0.42426919567738297,-0.6494574462104485,-0.0012127125302384845,-0.0901822410364608,-0.030436136421976998
lemniscate,0.4,8,-0.5568143115048545,original_96,-0.6916183348999916,reconstructed_locked_E_in_sample_from_original_96_training_formula,0.4,8,lemniscate,0.137520084344997,0.0490544468877124,0.13480402339513708,-0.33216236232051205,-0.6252924947555699,-0.0009494383824320948,-0.6925677732824237,0.13575346177756917
lemniscate,0.4,18,-0.2427140261964256,original_96,-0.009498811859320985,reconstructed_locked_E_in_sample_from_original_96_training_formula,0.4,18,lemniscate,0.1168408802320357,0.0841929049741836,-0.23321521433710463,-0.37841838854748067,-0.6079827667343257,-0.0010816545866156764,-0.010580466445936661,-0.23213355975048894
lemniscate,0.4,26,0.4527702521984965,original_96,0.6065216430055022,reconstructed_locked_E_in_sample_from_original_96_training_formula,0.4,26,lemniscate,-0.0332608820343127,0.1306933079345224,-0.15375139080700567,-0.7141716899888367,-0.5850759753736762,-0.0020413571525226483,0.6044802858529795,-0.15171003365448302
lemniscate,0.4,34,0.5923090520437053,original_96,0.6297341127013424,reconstructed_locked_E_in_sample_from_original_96_training_formula,0.4,34,lemniscate,-0.0921434646445031,0.1522481151632273,-0.037425060657637066,-0.8458824787914615,-0.57445775616323,-0.002417833516057642,0.6273162791852848,-0.035007227141579424
lemniscate,0.4,44,0.7321423682943287,original_96,0.593031382730738,reconstructed_locked_E_in_sample_from_original_96_training_formula,0.4,44,lemniscate,0.0541083850393701,0.1578393809155129,0.1391109855635907,-0.5187408074889507,-0.5717034153430269,-0.0014827460574494292,0.5915486366732885,0.14059373162104014
lemniscate,0.4,56,0.6547624621451908,original_96,0.5262059864377857,reconstructed_locked_E_in_sample_from_original_96_training_formula,0.4,56,lemniscate,0.0653245943049012,0.2489391127748091,0.12855647570740514,-0.49365196620088625,-0.5268263300306291,-0.0014110332097829296,0.5247949532280027,0.12996750891718806
lemniscate,0.4,68,0.9072888379865652,original_96,0.5624834724872668,reconstructed_locked_E_in_sample_from_original_96_training_formula,0.4,68,lemniscate,0.0410051556400508,0.2775709977384732,0.3448053654992984,-0.5480506068140131,-0.5127218368785122,-0.001566523907131702,0.5609169485801351,0.3463718894064301
square,0.2,0,0.1423096040405677,original_96,0.49632230146807504,reconstructed_locked_E_in_sample_from_original_96_training_formula,0.2,0,square,-1.730218935453226,0.0,-0.35401269742750735,-4.509991673980008,-0.6494574462104485,-0.012891163134232594,0.48343113833384244,-0.34112153429327474
square,0.2,8,0.1816057424307101,original_96,0.45778544733102566,reconstructed_locked_E_in_sample_from_original_96_training_formula,0.2,8,square,2.5684808620233945,2.7197004090339814,-0.27617970490031557,5.105502688751008,0.690307499189079,0.014593345797658811,0.47237879312868447,-0.2907730506979744
square,0.2,18,0.1599365355617019,original_96,0.12159806673018952,reconstructed_locked_E_in_sample_from_original_96_training_formula,0.2,18,square,1.3325872387137054,0.6838189220210411,0.03833846883151237,2.3410090679484123,-0.31259805622708775,0.006691438028090371,0.12828950475827988,0.031647030803422
square,0.2,26,0.0667339477164361,original_96,0.08674527523987356,reconstructed_locked_E_in_sample_from_original_96_training_formula,0.2,26,square,0.4991817832818208,4.544786173645584,-0.020011327523437455,0.47681621054566276,1.5893719408651503,0.0013629106214660346,0.0881081858613396,-0.02137423814490349
square,0.2,34,0.1149874335906433,original_96,0.0780034397676059,reconstructed_locked_E_in_sample_from_original_96_training_formula,0.2,34,square,0.5763174440306719,0.3548384641222359,0.036983993823037395,0.6493561751953212,-0.4746587316420162,0.0018560913171879422,0.07985953108479385,0.035127902505849455
square,0.2,44,0.1399976287828657,original_96,0.08985161413283038,reconstructed_locked_E_in_sample_from_original_96_training_formula,0.2,44,square,0.4372424518952437,0.6642490796728928,0.05014601465003532,0.3382679704176664,-0.3222384521611226,0.0009668903858289545,0.09081850451865933,0.04917912426420636
square,0.2,56,0.2781460653402487,original_96,0.10163309363963435,reconstructed_locked_E_in_sample_from_original_96_training_formula,0.2,56,square,0.4277042083646,4.201212840842859,0.17651297170061436,0.3169324663768637,1.4201225978367118,0.0009059059133458052,0.10253899955298015,0.17560706578726856
square,0.2,68,0.2997339284929752,original_96,0.12269201171134808,reconstructed_locked_E_in_sample_from_original_96_training_formula,0.2,68,square,0.4599608899441747,9.707470443612587,0.17704191678162712,0.3890854322738727,4.132587136955125,0.0011121447983006042,0.12380415650964868,0.17592977198332652
square,0.3,0,0.0073124990399193,original_96,0.13079239227107886,reconstructed_locked_E_in_sample_from_original_96_training_formula,0.3,0,square,-1.6234834870880996,0.0,-0.12347989323115956,-4.27124178438295,-0.6494574462104485,-0.01220873088212167,0.11858366138895719,-0.11127116234903789
square,0.3,8,0.2571221403530843,original_96,0.474605519619923,reconstructed_locked_E_in_sample_from_original_96_training_formula,0.3,8,square,2.3471444773934143,2.511374573316012,-0.2174833792668387,4.610409088605645,0.5876830884308611,0.013178191884402012,0.487783711504325,-0.2306615711512407
square,0.3,18,0.2518423594552158,original_96,0.3144483827207159,reconstructed_locked_E_in_sample_from_original_96_training_formula,0.3,18,square,0.9384490444295086,1.287378150191364,-0.06260602326550008,1.4593858414320255,-0.015275787315045187,0.004171444720448266,0.3186198274411642,-0.06677746798594834
square,0.3,26,0.2209410891207663,original_96,0.23117000761655832,reconstructed_locked_E_in_sample_from_original_96_training_formula,0.3,26,square,0.4694024658966094,1.8497535539121288,-0.010228918495792022,0.41020470661799513,0.26175871602850814,0.0011725112092670431,0.23234251882582535,-0.011401429705059064
square,0.3,34,0.1857068431711748,original_96,0.22749098688490804,reconstructed_locked_E_in_sample_from_original_96_training_formula,0.3,34,square,0.3075365870305155,2.447503742329532,-0.041784143713733235,0.04813698403149085,0.5562193654027727,0.00013759265178249833,0.22762857953669055,-0.04192173636551573
square,0.3,44,0.2177778776285504,original_96,0.2583713728339568,reconstructed_locked_E_in_sample_from_original_96_training_formula,0.3,44,square,0.3079030179294394,0.818182279495604,-0.040593495205406394,0.04895663053134683,-0.2464086643026496,0.0001399354935227629,0.25851130832747954,-0.04073343069892916
square,0.3,56,0.4463412388936647,original_96,0.26582576652197254,reconstructed_locked_E_in_sample_from_original_96_training_formula,0.3,56,square,0.2464497330661906,3.7929249350589074,0.1805154723716922,-0.08850440234206725,1.2189938919017012,-0.0002529771164039634,0.26557278940556855,0.18076844948809614
square,0.3,68,0.4313136064188256,original_96,0.25495862830366,reconstructed_locked_E_in_sample_from_original_96_training_formula,0.3,68,square,0.225141411904308,8.275721702020157,0.1763549781151656,-0.13616766138881825,3.4272863735939283,-0.0003892156933897661,0.2545694126102702,0.17674419380855536
square,0.4,0,-0.0205682830318547,original_96,-0.24590999100008332,reconstructed_locked_E_in_sample_from_original_96_training_formula,0.4,0,square,0.1504854495942653,0.0,0.2253417079682286,-0.30316094274283656,-0.6494574462104485,-0.0008665419919449228,-0.24677653299202823,0.22620824996017352
square,0.4,8,0.1980386619060679,original_96,0.48896609529904117,reconstructed_locked_E_in_sample_from_original_96_training_formula,0.4,8,square,0.1170931502810947,0.2629229461498738,-0.2909274333929733,-0.37785410135626146,-0.5199376853490355,-0.0010800416527651478,0.487886053646276,-0.2898473917402081
square,0.4,18,0.3786901251517595,original_96,0.46083877470589213,reconstructed_locked_E_in_sample_from_original_96_training_formula,0.4,18,square,0.3666614582919756,1.1279746571821248,-0.08214864955413265,0.18038973325708008,-0.09380032310532124,0.000515618131309222,0.46135439283720137,-0.08266426768544187
square,0.4,26,0.456528497795597,original_96,0.48238424856258433,reconstructed_locked_E_in_sample_from_original_96_training_formula,0.4,26,square,0.0619970485856085,1.212046507055178,-0.025855750766987318,-0.5010951463746612,-0.05238527717575277,-0.0014323084707576232,0.4809519400918267,-0.024423442296229694
square,0.4,34,0.5726328558251526,original_96,0.4816370478745223,reconstructed_locked_E_in_sample_from_original_96_training_formula,0.4,34,square,0.0343876832084474,1.3033607487894747,0.09099580795063028,-0.5628528195433044,-0.007402521102702997,-0.0016088339052059365,0.48002821396931633,0.09260464185583622
square,0.4,44,0.5192474999904102,original_96,0.42117844600931104,reconstructed_locked_E_in_sample_from_original_96_training_formula,0.4,44,square,0.076695555455918,0.383015097017771,0.09806905398109916,-0.4682169700398104,-0.4607785024419781,-0.0013383309281528501,0.4198401150811582,0.09940738490925201
square,0.4,56,0.8843270271079917,original_96,0.4620211178652141,reconstructed_locked_E_in_sample_from_original_96_training_formula,0.4,56,square,0.028929737292347,1.7287096473103256,0.4223059092427776,-0.575061359488141,0.20213068406563756,-0.0016437302623251054,0.460377387602889,0.4239496395051027
square,0.4,68,1.0704884560944523,original_96,0.47515629355290934,reconstructed_locked_E_in_sample_from_original_96_training_formula,0.4,68,square,-0.0373181791732241,3.913200359891745,0.595332162541543,-0.7232472057506093,1.2782433582946955,-0.0020672982102162346,0.4730889953426931,0.5973994607517592
zigzag,0.2,0,0.2256546141852722,original_96,0.30160768533749693,reconstructed_locked_E_in_sample_from_original_96_training_formula,0.2,0,zigzag,-0.0012663673998917,0.0,-0.07595307115222474,-0.642605149034714,-0.6494574462104485,-0.0018367944790004212,0.2997708908584965,-0.07411627667322432
zigzag,0.2,8,0.0409797725828029,original_96,0.11908197839888028,reconstructed_locked_E_in_sample_from_original_96_training_formula,0.2,8,zigzag,0.1115019992135631,0.3053577789618586,-0.07810220581607738,-0.3903605996240833,-0.49903365442101844,-0.0011157896809352778,0.11796618871794501,-0.07698641613514211
zigzag,0.2,18,0.0639781780287427,original_96,0.09787102231887415,reconstructed_locked_E_in_sample_from_original_96_training_formula,0.2,18,zigzag,0.1483798609812912,1.6894150056400965,-0.03389284429013145,-0.30787080302434955,0.18277355808332843,-0.0008800044507735542,0.09699101786810059,-0.0330128398393579
zigzag,0.2,26,0.1333456645766508,original_96,0.1256810584305445,reconstructed_locked_E_in_sample_from_original_96_training_formula,0.2,26,zigzag,0.2437116388788168,4.543468786717108,0.007664606146106312,-0.0946290750253689,1.5887229764349369,-0.0002704836131808285,0.12541057481736367,0.007935089759287141
zigzag,0.2,34,0.1391951286727062,original_96,0.07649224207851202,reconstructed_locked_E_in_sample_from_original_96_training_formula,0.2,34,zigzag,0.3435417778223807,6.521349371538066,0.06270288659419418,0.12867475717197904,2.5630564232099298,0.0003677983033830985,0.07686004038189512,0.06233508829081108
zigzag,0.2,44,0.1963546264493954,original_96,0.09784349328151826,reconstructed_locked_E_in_sample_from_original_96_training_formula,0.2,44,zigzag,0.4925843566102037,7.39140652789029,0.09851113316787713,0.4620588369308075,2.9916595424000842,0.0013207287895572331,0.09916422207107549,0.0971904043783199
zigzag,0.2,56,0.2054057451403257,original_96,0.11180117346608832,reconstructed_locked_E_in_sample_from_original_96_training_formula,0.2,56,zigzag,0.5397918188508346,5.932806381261738,0.09360457167423737,0.5676542747234351,2.273131376828474,0.0016225581748904854,0.11342373164097881,0.09198201349934688
zigzag,0.2,68,-0.0074532516577736,original_96,0.11341190144251835,reconstructed_locked_E_in_sample_from_original_96_training_formula,0.2,68,zigzag,0.5062453869009762,4.267611688681411,-0.12086515310029194,0.4926163463961413,1.4528316596339288,0.0014080730393850479,0.1148199744819034,-0.12227322613967699
zigzag,0.3,0,0.2169308451956277,original_96,0.37346091839905304,reconstructed_locked_E_in_sample_from_original_96_training_formula,0.3,0,zigzag,-0.0161351759043496,0.0,-0.15653007320342535,-0.6758642625087619,-0.6494574462104485,-0.0019318608756786083,0.37152905752337445,-0.15459821232774673
zigzag,0.3,8,0.0074154402265502,original_96,0.14898757915151817,reconstructed_locked_E_in_sample_from_original_96_training_formula,0.3,8,zigzag,0.0672393031330971,0.3003010590441194,-0.14157213892496798,-0.4893690730445424,-0.5015246699983176,-0.0013987911751283085,0.14758878797638986,-0.14017334774983967
zigzag,0.3,18,0.1037713793177534,original_96,0.19635817860853114,reconstructed_locked_E_in_sample_from_original_96_training_formula,0.3,18,zigzag,0.1178519122823344,2.050865509710025,-0.09258679929077773,-0.37615687380158147,0.3608294620502968,-0.0010751903716841817,0.19528298823684695,-0.09151160891909355
zigzag,0.3,26,0.2647130997676798,original_96,0.2584674778146367,reconstructed_locked_E_in_sample_from_original_96_training_formula,0.3,26,zigzag,0.1674742075889852,3.341269849851105,0.006245621953043123,-0.265159846033566,0.9965018672055761,-0.0007579213175908513,0.25770955649704586,0.0070035432706339745
zigzag,0.3,34,0.2384596072021687,original_96,0.21959529068993705,reconstructed_locked_E_in_sample_from_original_96_training_formula,0.3,34,zigzag,0.1743987656484968,4.321676684934704,0.018864316512231638,-0.24967073255215422,1.4794648823641656,-0.0007136479124212776,0.21888164277751576,0.019577964424652917
zigzag,0.3,44,0.2779905567840508,original_96,0.19453308381068443,reconstructed_locked_E_in_sample_from_original_96_training_formula,0.3,44,zigzag,0.2844087298784569,6.068354501688767,0.08345747297336639,-0.0035962819663372587,2.3399044006364282,-1.0279455230976082e-05,0.19452280435545347,0.08346775242859737
zigzag,0.3,56,0.2950416149615664,original_96,0.19013388778800383,reconstructed_locked_E_in_sample_from_original_96_training_formula,0.3,56,zigzag,0.4075075653446629,5.763089944010093,0.10490772717356256,0.27175585106209027,2.1895265310401046,0.0007767750501481637,0.190910662838152,0.1041309521234144
zigzag,0.3,68,-0.16314180191375,original_96,0.08960570105597696,reconstructed_locked_E_in_sample_from_original_96_training_formula,0.3,68,zigzag,0.4347219337529296,4.770792799739846,-0.2527475029697269,0.33262998006467426,1.700706172408933,0.0009507750005591826,0.09055647605653613,-0.2536982779702861
zigzag,0.4,0,0.2335767334121188,original_96,0.23965853348102653,reconstructed_locked_E_in_sample_from_original_96_training_formula,0.4,0,zigzag,0.017192920223174,0.0,-0.006081800068907739,-0.6013147160103353,-0.6494574462104485,-0.0017187717094526806,0.23793976177157386,-0.004363028359455058
zigzag,0.4,8,0.0183671591181646,original_96,0.2150300224438643,reconstructed_locked_E_in_sample_from_original_96_training_formula,0.4,8,zigzag,0.0168618312211311,0.3250143115444024,-0.19666286332569968,-0.6020553084179685,-0.48935055358582397,-0.0017208885864300498,0.21330913385743425,-0.19494197473926964
zigzag,0.4,18,0.101927895465506,original_96,0.24616163010301453,reconstructed_locked_E_in_sample_from_original_96_training_formula,0.4,18,zigzag,0.0448149563538853,0.8664053435403687,-0.14423373463750855,-0.5395287004207105,-0.22265326442392536,-0.0015421652622666718,0.24461946484074787,-0.14269156937524188
zigzag,0.4,26,0.3870557613435799,original_96,0.4507886252546969,reconstructed_locked_E_in_sample_from_original_96_training_formula,0.4,26,zigzag,0.0351324464390413,1.6869127192999955,-0.06373286391111699,-0.5611869049684953,0.18154089454778477,-0.0016040721277783949,0.44918455312691846,-0.06212879178333859
zigzag,0.4,34,0.4974223743159867,original_96,0.43013892662845876,reconstructed_locked_E_in_sample_from_original_96_training_formula,0.4,34,zigzag,0.0221711760633401,2.3508018031494,0.06728344768752792,-0.5901791649780326,0.5085825492904732,-0.0016869423369562332,0.42845198429150255,0.06897039002448416
zigzag,0.4,44,0.4566103734456908,original_96,0.3387465969856934,reconstructed_locked_E_in_sample_from_original_96_training_formula,0.4,44,zigzag,0.0285505783425013,3.458988755202814,0.11786377645999735,-0.5759094765739073,1.054491954009675,-0.0016461544831440976,0.33710044250254934,0.11950993094314144
zigzag,0.4,56,0.4948362886143083,original_96,0.3308024810483632,reconstructed_locked_E_in_sample_from_original_96_training_formula,0.4,56,zigzag,0.0948666779481098,4.586618455066166,0.1640338075659451,-0.42757111568386535,1.6099791459996635,-0.001222150594105726,0.32958033045425744,0.16525595816005081
zigzag,0.4,68,0.0763075401821939,original_96,0.2611128986136105,reconstructed_locked_E_in_sample_from_original_96_training_formula,0.4,68,zigzag,0.1087920027258784,4.853636933681251,-0.18480535843141657,-0.3964224223095496,1.7415164271774357,-0.001133116530024597,0.2599797820835859,-0.18367224190139197
circle,0.25,4,-0.0495769430416511,heldout1_56,0.0368636370804834,existing_prediction_table_E_locked_predicted_gap,0.25,4,circle,0.4336434274657791,0.0093935172809562,-0.0864405801221345,0.33021753639267065,-0.6448300596331528,0.0009438793769802369,0.037807516457463636,-0.08738445949911473
circle,0.25,12,0.035565196526217,heldout1_56,-0.0630357921023008,existing_prediction_table_E_locked_predicted_gap,0.25,12,circle,0.6991344616084356,0.0275405932369346,0.0986009886285178,0.9240779273073553,-0.6358905396233153,0.0026413439693005187,-0.06039444813300028,0.09595964465921727
circle,0.25,22,0.1683192000604687,heldout1_56,0.2147106229816423,existing_prediction_table_E_locked_predicted_gap,0.25,22,circle,0.6052530524998029,0.0506831383809955,-0.046391422921173625,0.7140804390949415,-0.6244901770582517,0.002041096324954798,0.21675171930659712,-0.04843251924612842
circle,0.25,30,0.1637880591866708,heldout1_56,0.1446641155744764,existing_prediction_table_E_locked_predicted_gap,0.25,30,circle,0.5050123725832733,0.0672324233250672,0.01912394361219441,0.4898582933150681,-0.6163377527081849,0.0014001895409728189,0.1460643051154492,0.017723754071221592
circle,0.25,40,0.0765484181685409,heldout1_56,0.0553779553374132,existing_prediction_table_E_locked_predicted_gap,0.25,40,circle,0.529285308029251,0.0800296762849471,0.021170462831127695,0.5441529137686152,-0.6100336352193225,0.001555382911642669,0.05693333824905587,0.019615079919485027
circle,0.25,50,-0.065485349439015,heldout1_56,-0.1240575133637238,existing_prediction_table_E_locked_predicted_gap,0.25,50,circle,0.5957147753756562,0.0984238994198944,0.05857216392470879,0.6927448599109202,-0.6009723668265979,0.001980111637685556,-0.12207740172603825,0.056592052287023235
circle,0.25,62,0.9225757132489324,heldout1_56,0.3334352833881714,existing_prediction_table_E_locked_predicted_gap,0.25,62,circle,0.5302221519403151,0.1198434624133282,0.589140429860761,0.5462484816775172,-0.590420770941604,0.001561372791386433,0.3349966561795578,0.5875790570693745
circle,0.35,4,-0.0694458256860291,heldout1_56,0.0969556288492609,existing_prediction_table_E_locked_predicted_gap,0.35,4,circle,0.0604654387496725,0.0085958581995284,-0.16640145453528998,-0.5045211092092818,-0.6452229983818939,-0.0014421010932246924,0.0955135277560362,-0.1649593534420653
circle,0.35,12,0.0149251684196314,heldout1_56,0.0522468797941785,existing_prediction_table_E_locked_predicted_gap,0.35,12,circle,0.2358561373880386,0.0260062182558295,-0.037321711374547095,-0.11220055799920728,-0.6366463956014055,-0.0003207091723172255,0.05192617062186127,-0.03700100220222987
circle,0.35,22,0.2258603112111898,heldout1_56,0.4193209982617305,existing_prediction_table_E_locked_predicted_gap,0.35,22,circle,0.0866015464092809,0.046399193335453,-0.19346068705054073,-0.4460588746489113,-0.6266005122190551,-0.001274995196498186,0.4180460030652323,-0.19218569185404255
circle,0.35,30,0.4043642157544213,heldout1_56,0.5328637238030749,existing_prediction_table_E_locked_predicted_gap,0.35,30,circle,-0.0507315712539343,0.0590691733847348,-0.12849950804865362,-0.7532507886974529,-0.6203590912623372,-0.0021530591406877337,0.5307106646623871,-0.1263464489079659
circle,0.35,40,0.4068751549552893,heldout1_56,0.4455233065064544,existing_prediction_table_E_locked_predicted_gap,0.35,40,circle,0.0095994344758917,0.0772654519460833,-0.03864815155116508,-0.6183001122548769,-0.6113953333159688,-0.0017673220238914515,0.4437559844825629,-0.036880829527273624
circle,0.35,50,0.0238428098074856,heldout1_56,0.0954931427266847,existing_prediction_table_E_locked_predicted_gap,0.35,50,circle,0.0875533868672437,0.09212147303116,-0.0716503329191991,-0.44392976189646155,-0.6040770359727069,-0.001268909433639386,0.09422423329304531,-0.07038142348555972
circle,0.35,62,1.020512392101402,heldout1_56,0.5152690310931309,existing_prediction_table_E_locked_predicted_gap,0.35,62,circle,0.0087499724972141,0.109140558062688,0.5052433610082712,-0.6202002209510281,-0.5956931810994731,-0.0017727532115621913,0.5134962778815687,0.5070161142198334
lemniscate,0.25,4,0.0328325360796105,heldout1_56,0.3795692857046119,existing_prediction_table_E_locked_predicted_gap,0.25,4,lemniscate,0.2770234030786866,0.0352169068981141,-0.3467367496250014,-0.020116060400691537,-0.6321090731356911,-5.749886806654455e-05,0.37951178683654535,-0.34667925075693484
lemniscate,0.25,12,-0.1334580459537349,heldout1_56,-0.0732438658496047,existing_prediction_table_E_locked_predicted_gap,0.25,12,lemniscate,0.4353983883043457,0.1006546378086918,-0.0602141801041302,0.3341430992012102,-0.5998734718579682,0.0009551000341824488,-0.07228876581542225,-0.061169280138312646
lemniscate,0.25,22,0.2574460152037267,heldout1_56,0.3175603978857464,existing_prediction_table_E_locked_predicted_gap,0.25,22,lemniscate,0.596108062598653,0.156159092689111,-0.06011438268201974,0.6936245796526616,-0.5725311503598778,0.001982626190155491,0.3195430240759019,-0.06209700887217523
lemniscate,0.25,30,0.3800456008671109,heldout1_56,0.3277271339587722,existing_prediction_table_E_locked_predicted_gap,0.25,30,lemniscate,0.5924080931641051,0.1940076294720681,0.052318466908338745,0.6853483480207025,-0.5538863971922001,0.0019589697712933856,0.32968610373006557,0.05035949713704536
lemniscate,0.25,40,0.4112533450465516,heldout1_56,0.3411825798040384,existing_prediction_table_E_locked_predicted_gap,0.25,40,lemniscate,0.5440743269810294,0.2225320922683957,0.07007076524251321,0.5772335509521241,-0.5398348218003183,0.0016499391594906035,0.34283251896352895,0.0684208260830226
lemniscate,0.25,50,0.3443012942524699,heldout1_56,0.3189680561265417,existing_prediction_table_E_locked_predicted_gap,0.25,50,lemniscate,0.5816129032322961,0.2486148070384449,0.025333238125928192,0.6612012587089872,-0.526986087868562,0.00188994878632569,0.3208580049128674,0.0234432893396025
lemniscate,0.25,62,0.4045099223721928,heldout1_56,0.3678787145129052,existing_prediction_table_E_locked_predicted_gap,0.25,62,lemniscate,0.510978720539676,0.3453138992218216,0.036631207859287584,0.5032040461807505,-0.4793506742292846,0.0014383364578137627,0.369317050970719,0.03519287140147382
lemniscate,0.35,4,0.0443150624333253,heldout1_56,0.4148737846701319,existing_prediction_table_E_locked_predicted_gap,0.35,4,lemniscate,0.092155043490786,0.0239278337783581,-0.37055872223680664,-0.43363660224179845,-0.6376702387632218,-0.0012394879158480092,0.4136342967542839,-0.36931923432095864
lemniscate,0.35,12,-0.6882410201687007,heldout1_56,-0.6966789812425852,existing_prediction_table_E_locked_predicted_gap,0.35,12,lemniscate,0.0862819499324944,0.0733183284047637,0.008437961073884503,-0.4467737601411928,-0.6133397451851055,-0.0012770385939519918,-0.6979560198365372,0.009714999667836495
lemniscate,0.35,22,0.3118069901413446,heldout1_56,0.5548428307039004,existing_prediction_table_E_locked_predicted_gap,0.35,22,lemniscate,0.0535992455927753,0.1263496487791392,-0.24303584056255578,-0.5198796698680939,-0.5872157265947356,-0.0014860013319107275,0.5533568293719897,-0.24154983923064505
lemniscate,0.35,30,0.4458231578285807,heldout1_56,0.5793567436931876,existing_prediction_table_E_locked_predicted_gap,0.35,30,lemniscate,-0.0546752628993776,0.1528634453970433,-0.1335335858646069,-0.7620721873927908,-0.5741546353215473,-0.002178273841262414,0.5771784698519251,-0.1313553120233445
lemniscate,0.35,40,0.5412681322088515,heldout1_56,0.555342006571623,existing_prediction_table_E_locked_predicted_gap,0.35,40,lemniscate,0.0856372421281269,0.1886002798408906,-0.014073874362771521,-0.4482158669526857,-0.5565501381907698,-0.0012811606490482795,0.5540608459225748,-0.012792713713723241
lemniscate,0.35,50,0.4857144512885771,heldout1_56,0.4885627612592517,existing_prediction_table_E_locked_predicted_gap,0.35,50,lemniscate,0.1086836593845455,0.2415762989745265,-0.0028483099706745896,-0.39666476879497703,-0.5304533618155844,-0.0011338092426290741,0.4874289520166226,-0.0017145007280455155
lemniscate,0.35,62,0.5834273007282298,heldout1_56,0.50956057793693,existing_prediction_table_E_locked_predicted_gap,0.35,62,lemniscate,0.1149850614377723,0.3015782741289974,0.0738667227912998,-0.38256955424762207,-0.5008954948168267,-0.0010935200972653953,0.5084670578396646,0.07496024288856519
square,0.25,4,0.2257580943275674,heldout1_56,0.1547310377968902,existing_prediction_table_E_locked_predicted_gap,0.25,4,square,2.1451409175940856,0.5665247537356249,0.0710270565306772,4.158559882563803,-0.37037891122369043,0.011886645857662121,0.16661768365455232,0.05914041067301508
square,0.25,12,0.3446478781755545,heldout1_56,0.3856927170892311,existing_prediction_table_E_locked_predicted_gap,0.25,12,square,1.6372962522480046,1.3185979250679114,-0.04104483891367661,3.0225937191102075,0.00010353896807284684,0.008639649812739148,0.3943323669019702,-0.04968448872641575
square,0.25,22,0.2543451021046919,heldout1_56,0.21337292556958,existing_prediction_table_E_locked_predicted_gap,0.25,22,square,0.6893074785874643,1.2930597259333043,0.0409721765351119,0.90209655984916,-0.012476958448306966,0.0025785133890464666,0.21595143895862648,0.03839366314606543
square,0.25,30,0.1200788311016707,heldout1_56,0.086964794660896,existing_prediction_table_E_locked_predicted_gap,0.25,30,square,0.4801266935222305,4.805132190141138,0.033114036440774694,0.4341930647581322,1.7176222677822397,0.001241078483989749,0.08820587314488575,0.03187295795678494
square,0.25,40,0.1392715089490299,heldout1_56,0.0891309098836869,existing_prediction_table_E_locked_predicted_gap,0.25,40,square,0.4411813397525874,0.1109956206839145,0.050140599065343,0.3470786238180156,-0.5947793496115694,0.0009920743725219609,0.09012298425620886,0.04914852469282104
square,0.25,50,0.2686605626542833,heldout1_56,0.1142280955003551,existing_prediction_table_E_locked_predicted_gap,0.25,50,square,0.430920306230962,1.2182298094763335,0.15443246715392817,0.32412635577619975,-0.0493392902710368,0.0009264686124637457,0.11515456411281885,0.15350599854146443
square,0.25,62,0.3708309467587725,heldout1_56,0.1325311104751737,existing_prediction_table_E_locked_predicted_gap,0.25,62,square,0.3697340841984908,7.488685957592754,0.23829983628359877,0.18726269914788762,3.039580838948373,0.0005352635166933213,0.13306637399186705,0.23776457276690544
square,0.35,4,0.17663812527771,heldout1_56,0.02432460849177,existing_prediction_table_E_locked_predicted_gap,0.35,4,square,0.1049093178150476,0.2831468421565523,0.15231351678594,-0.4051073588325117,-0.5099750928373192,-0.0011579411730885513,0.02316666731868145,0.15347145795902853
square,0.35,12,0.3026725414042063,heldout1_56,0.609738527711339,existing_prediction_table_E_locked_predicted_gap,0.35,12,square,0.3153957126694429,2.383773228818855,-0.30706598630713267,0.06571657363704111,0.5248247648540147,0.00018784138256075665,0.6099263690938997,-0.30725382768969345
square,0.35,22,0.3593170985751739,heldout1_56,0.4374398642788071,existing_prediction_table_E_locked_predicted_gap,0.35,22,square,0.2173139524703847,0.8745107403541853,-0.07812276570363319,-0.15367641882881822,-0.21866042518191425,-0.00043926196060106753,0.43700060231820603,-0.07768350374303212
square,0.35,30,0.4467930241729594,heldout1_56,0.4882388073223,existing_prediction_table_E_locked_predicted_gap,0.35,30,square,0.0221518018518669,1.545659449625856,-0.04144578314934061,-0.5902225019473442,0.11195742921319769,-0.0016870662094556797,0.4865517411128443,-0.039758716939884926
square,0.35,40,0.383143742781987,heldout1_56,0.3800236626494991,existing_prediction_table_E_locked_predicted_gap,0.35,40,square,0.1487927677212691,0.5765318897008899,0.003120080132487879,-0.30694719760465455,-0.36544924693950154,-0.0008773644573993664,0.3791462981920997,0.003997444589887245
square,0.35,50,0.5106052729304571,heldout1_56,0.3969841337992418,existing_prediction_table_E_locked_predicted_gap,0.35,50,square,0.0990848567668635,1.5065112671838503,0.1136211391312153,-0.41813573369312323,0.09267245122897401,-0.0011951809105078142,0.395788952888734,0.11481632004172311
square,0.35,62,0.6870936310123477,heldout1_56,0.3986118912168089,existing_prediction_table_E_locked_predicted_gap,0.35,62,square,0.0284104386480352,4.241472852082113,0.28848173979553876,-0.5762229463451447,1.4399552792528616,-0.001647050491440961,0.3969648407253679,0.29012879028697974
zigzag,0.25,4,-0.0498098018216661,heldout1_56,0.0358829307201446,existing_prediction_table_E_locked_predicted_gap,0.25,4,zigzag,0.0702597819637573,0.0456627221611424,-0.0856927325418107,-0.48261275170616696,-0.6269633088930422,-0.0013794792014360305,0.03450345151870857,-0.08431325334037468
zigzag,0.25,12,0.0358847417386343,heldout1_56,0.1097523263881369,existing_prediction_table_E_locked_predicted_gap,0.25,12,zigzag,0.109809752662952,0.4300370475603587,-0.0738675846495026,-0.3941458807403184,-0.4376147889711823,-0.0011266093630778956,0.108625717025059,-0.0727409752864247
zigzag,0.25,22,0.1830711814158765,heldout1_56,0.1925321603332109,existing_prediction_table_E_locked_predicted_gap,0.25,22,zigzag,0.1728671623605806,2.694190174605166,-0.009460978917334412,-0.2530966807399163,0.6777407776034502,-0.0007234404930224065,0.1918087198401885,-0.008737538424312005
zigzag,0.25,30,0.2386698998719889,heldout1_56,0.1315597407614746,existing_prediction_table_E_locked_predicted_gap,0.25,30,zigzag,0.2718502607894866,5.402420368315551,0.1071101591105143,-0.03168754081637616,2.0118553240267913,-9.057428206426656e-05,0.13146916647941032,0.10720073339257857
zigzag,0.25,40,0.1640021318736924,heldout1_56,0.0774447493917599,existing_prediction_table_E_locked_predicted_gap,0.25,40,zigzag,0.3723039712040329,7.278883891179411,0.0865573824819325,0.19301111964218484,2.9362292149535745,0.0005516945506536913,0.07799644394241359,0.0860056879312788
zigzag,0.25,50,0.1214535602840154,heldout1_56,0.0921810392268344,existing_prediction_table_E_locked_predicted_gap,0.25,50,zigzag,0.4918456267429135,5.372155868924053,0.029272521057180992,0.46040641801132864,1.9969465806813447,0.0013160055875211867,0.0934970448143556,0.027956515469659805
zigzag,0.25,62,-0.204115741271968,heldout1_56,0.0262559311138743,existing_prediction_table_E_locked_predicted_gap,0.25,62,zigzag,0.541295232584048,5.4066526910221615,-0.2303716723858423,0.5710171674485917,2.0139402292542568,0.0016321705205125474,0.027888101634386847,-0.23200384290635484
zigzag,0.35,4,0.1872837519920376,heldout1_56,0.29915835931575,existing_prediction_table_E_locked_predicted_gap,0.35,4,zigzag,0.0034895940236527,0.0480327458643815,-0.11187460732371243,-0.6319668345647661,-0.6257957999031482,-0.0018063863857667721,0.2973519729299833,-0.11006822093794566
zigzag,0.35,12,0.0517178823968937,heldout1_56,0.2485218335477268,existing_prediction_table_E_locked_predicted_gap,0.35,12,zigzag,0.0594143075043276,0.4311605057357496,-0.1968039511508331,-0.5068723193519481,-0.43706135673430374,-0.0014488216895590146,0.2470730118581678,-0.1953551294612741
zigzag,0.35,22,0.2138492519717361,heldout1_56,0.3634520496628901,existing_prediction_table_E_locked_predicted_gap,0.35,22,zigzag,0.0548335936808076,1.669645484401566,-0.14960279769115398,-0.5171186333590801,0.17303479735264837,-0.0014781093057984359,0.36197394035709163,-0.14812468838535553
zigzag,0.35,30,0.3358555418498345,heldout1_56,0.3841138215298663,existing_prediction_table_E_locked_predicted_gap,0.35,30,zigzag,0.0313060791095084,2.702119916892481,-0.04825827968003177,-0.5697458681946456,0.68164708680843,-0.0016285366942752177,0.3824852848355911,-0.04662974298575655
zigzag,0.35,40,0.3228245988050742,heldout1_56,0.3134341902389698,existing_prediction_table_E_locked_predicted_gap,0.35,40,zigzag,0.052192979680128,3.20895911593663,0.009390408566104402,-0.5230252586722942,0.9313236282312101,-0.0014949925455003475,0.31193919769346945,0.01088540111160475
zigzag,0.35,50,0.3396481816058636,heldout1_56,0.2929701298604783,existing_prediction_table_E_locked_predicted_gap,0.35,50,zigzag,0.1164349216089013,4.267863846946421,0.04667805174538525,-0.37932645215651484,1.4529558765524653,-0.0010842501559573798,0.29188587970452096,0.04776230190134263
zigzag,0.35,62,-0.0207353699196803,heldout1_56,0.2192500282482926,existing_prediction_table_E_locked_predicted_gap,0.35,62,zigzag,0.1498648082711547,5.33987015926875,-0.2399853981679729,-0.30454921673841795,1.9810421590436371,-0.0008705101736724644,0.21837951807462014,-0.23911488799430045
circle,0.275,2,-0.1090774314863057,heldout2_80,0.1046970410601198,existing_prediction_table_E_locked_predicted_gap,0.275,2,circle,-0.0140703780513239,0.0046972179967326,-0.2137744725464255,-0.6712456445425568,-0.6471435266360652,-0.0019186592198971676,0.10277838184022263,-0.21185581332652834
circle,0.275,6,-0.0277341224514209,heldout2_80,0.0224608067209582,existing_prediction_table_E_locked_predicted_gap,0.275,6,circle,0.549222093093055,0.0132652543391768,-0.050194929172379096,0.5887482689745123,-0.6429227842688597,0.001682852326343592,0.024143659047301792,-0.051877781498722686
circle,0.275,10,0.0225549964678618,heldout2_80,-0.0282464946861921,existing_prediction_table_E_locked_predicted_gap,0.275,10,circle,0.6446301968675019,0.0221634195575883,0.0508014911540539,0.8021607255830361,-0.6385394154983871,0.0022928611671337515,-0.02595363351905835,0.04850862998692015
circle,0.275,14,0.0167739180007785,heldout2_80,-0.1164421421322866,existing_prediction_table_E_locked_predicted_gap,0.275,14,circle,0.6877881442975433,0.0318017986595702,0.13321606013306508,0.8986980554203523,-0.6337914063395793,0.002568799252486762,-0.11387334287979983,0.13064726088057832
circle,0.275,20,0.1335597008405402,heldout2_80,0.1665925858389625,existing_prediction_table_E_locked_predicted_gap,0.275,20,circle,0.6139455952327953,0.0453212729024712,-0.0330328849984223,0.7335242475916296,-0.6271315118855044,0.0020966736575533714,0.16868925949651586,-0.035129558655975675
circle,0.275,28,0.1590028189324133,heldout2_80,0.1550214794747813,existing_prediction_table_E_locked_predicted_gap,0.275,28,circle,0.4741693999562624,0.0621629325803485,0.003981339457632016,0.4208675650955772,-0.6188350593851413,0.0012029894580196493,0.15622446893280093,0.0027783499996123667
circle,0.275,38,0.2447163015592968,heldout2_80,0.1612820732330626,existing_prediction_table_E_locked_predicted_gap,0.275,38,circle,0.4766770797392369,0.079639419154033,0.0834342283262342,0.42647683812061615,-0.6102258816968955,0.00121902275893402,0.1625010959919966,0.08221520556730019
circle,0.275,46,-0.3833704882115085,heldout2_80,-0.4278870623987902,existing_prediction_table_E_locked_predicted_gap,0.275,46,circle,0.5202932032049851,0.087105261953897,0.04451657418728172,0.5240390334512294,-0.6065480962916001,0.0014978902750309856,-0.4263891721237592,0.043018683912250735
circle,0.275,58,0.4441271985162651,heldout2_80,0.2024575012408678,existing_prediction_table_E_locked_predicted_gap,0.275,58,circle,0.5542919198930996,0.1125825376034232,0.24166969727539728,0.6000886493947656,-0.5939976106917394,0.00171526717421242,0.20417276841508022,0.23995443010118486
circle,0.275,64,0.8932246964677457,heldout2_80,0.3171521180698382,existing_prediction_table_E_locked_predicted_gap,0.275,64,circle,0.5146991693037619,0.1198214303542068,0.5760725783979075,0.5115260867519246,-0.5904316242622079,0.0014621238149460725,0.31861424188478427,0.5746104545829614
circle,0.375,2,-0.0467096361307723,heldout2_80,0.0559405483719559,existing_prediction_table_E_locked_predicted_gap,0.375,2,circle,0.0807930029852073,0.0039973700307898,-0.1026501845027282,-0.4590516443656158,-0.6474882821719193,-0.0013121331617298923,0.05462841521022601,-0.10133805134099831
circle,0.375,6,-0.0372149242326684,heldout2_80,0.1513631516622994,existing_prediction_table_E_locked_predicted_gap,0.375,6,circle,0.0836350383255375,0.0124736798274017,-0.1885780758949678,-0.45269447217841896,-0.643312725667929,-0.0012939620985302923,0.1500691895637691,-0.1872841137964375
circle,0.375,10,0.0425590586391689,heldout2_80,0.1868069808611442,existing_prediction_table_E_locked_predicted_gap,0.375,10,circle,0.1782667069553014,0.0211054175414556,-0.1442479222219753,-0.2410187750805517,-0.6390606030559094,-0.0006889175352366911,0.1861180633259075,-0.1435590046867386
circle,0.375,14,0.0064568857394148,heldout2_80,-0.0046703149278176,existing_prediction_table_E_locked_predicted_gap,0.375,14,circle,0.2281173557780442,0.029632899818712,0.0111272006672324,-0.12951095752721997,-0.6348598382254764,-0.00037018846194026526,-0.005040503389757865,0.011497389129172666
circle,0.375,20,0.1702754870022967,heldout2_80,0.3593255539633665,existing_prediction_table_E_locked_predicted_gap,0.375,20,circle,0.1215530346719436,0.0411710949287857,-0.18905006696106982,-0.36787806319611516,-0.6291759513935633,-0.0010515265811968924,0.3582740273821696,-0.18799854037987293
circle,0.375,28,0.3223777712269193,heldout2_80,0.4494839817118389,existing_prediction_table_E_locked_predicted_gap,0.375,28,circle,-0.019404958431742,0.0532128199108013,-0.1271062104849196,-0.6831782357892301,-0.6232440182440674,-0.001952766817315243,0.44753121489452363,-0.12515344366760436
circle,0.375,38,0.5273512328511624,heldout2_80,0.5106930123238963,existing_prediction_table_E_locked_predicted_gap,0.375,38,circle,-0.03923860232989,0.0698569480852577,0.016658220527266066,-0.7275428809330955,-0.6150448727055359,-0.002079576780455863,0.5086134355434404,0.01873779730772193
circle,0.375,46,0.0029356808833509,heldout2_80,0.117857781088551,existing_prediction_table_E_locked_predicted_gap,0.375,46,circle,0.0461773315104989,0.0850634782102943,-0.11492210020520009,-0.5364812881203604,-0.6075539093865568,-0.0015334546721057787,0.11632432641644522,-0.11338864553309431
circle,0.375,58,0.3991987456367707,heldout2_80,0.3295591549191043,existing_prediction_table_E_locked_predicted_gap,0.375,58,circle,0.0489949473357521,0.1007600531949459,0.0696395907176664,-0.5301787384284821,-0.5998215426679957,-0.0015154397394600357,0.32804371517964426,0.07115503045712644
circle,0.375,64,1.278978308562691,heldout2_80,0.561435733183869,existing_prediction_table_E_locked_predicted_gap,0.375,64,circle,-0.052339443932386,0.1098937071938886,0.7175425753788219,-0.7568473391438733,-0.5953221686154183,-0.002163339363330448,0.5592723938205385,0.7197059147421524
lemniscate,0.275,2,-0.05196805497872,heldout2_80,0.2870618520852492,existing_prediction_table_E_locked_predicted_gap,0.275,2,lemniscate,-0.1144050433935495,0.0168107281452013,-0.3390299070639692,-0.8956780204788809,-0.6411762310439657,-0.0025601669165722183,0.28450168516867697,-0.33646974014739695
lemniscate,0.275,6,0.0955588698378338,heldout2_80,0.455788473644142,existing_prediction_table_E_locked_predicted_gap,0.275,6,lemniscate,0.2212015336100802,0.0518740154956031,-0.3602296038063082,-0.14498053023586638,-0.6239035332473637,-0.0004144060126188116,0.45537406763152316,-0.35981519779368937
lemniscate,0.275,10,-0.5265757763645256,heldout2_80,-0.604773224844962,existing_prediction_table_E_locked_predicted_gap,0.275,10,lemniscate,0.1508326851409345,0.0835222168676753,0.07819744848043642,-0.3023842331332245,-0.6083131576889366,-0.0008643218791355793,-0.6056375467240975,0.079061770359572
lemniscate,0.275,14,-0.3417368554557248,heldout2_80,-0.2878362246739551,existing_prediction_table_E_locked_predicted_gap,0.275,14,lemniscate,0.3213567209893614,0.1043595702140681,-0.05390063078176971,0.07905038260179262,-0.5980483669510785,0.0002259541594771751,-0.2876102705144779,-0.054126584941246884
lemniscate,0.275,20,0.3057326836035247,heldout2_80,0.3469615860136421,existing_prediction_table_E_locked_predicted_gap,0.275,20,lemniscate,0.5554034749832774,0.1512338819282337,-0.041228902410117396,0.602575017879893,-0.5749573825670022,0.0017223741012470117,0.3486839601148891,-0.042951276511364406
lemniscate,0.275,28,0.4126775479670387,heldout2_80,0.3479330073558988,existing_prediction_table_E_locked_predicted_gap,0.275,28,lemniscate,0.5129018719653144,0.2110216420471629,0.06474454061113988,0.5075058240585079,-0.5455050410865857,0.0014506324717308936,0.3493836398276297,0.06329390813940898
lemniscate,0.275,38,0.527558117063458,heldout2_80,0.4166410196755612,existing_prediction_table_E_locked_predicted_gap,0.275,38,lemniscate,0.426455044785879,0.2033533233860228,0.11091709738789679,0.31413829001768373,-0.549282569118064,0.0008979191617338632,0.4175389388372951,0.11001917822616293
lemniscate,0.275,46,0.4281913479001935,heldout2_80,0.3624000110087531,existing_prediction_table_E_locked_predicted_gap,0.275,46,lemniscate,0.4812446086191015,0.2335883665100008,0.0657913368914404,0.4366936595468833,-0.5343883363688999,0.0012482260748689921,0.3636482370836221,0.06454311081657141
lemniscate,0.275,58,0.4144986495488805,heldout2_80,0.3258522420103407,existing_prediction_table_E_locked_predicted_gap,0.275,58,lemniscate,0.5593188304853465,0.3023172441554452,0.0886464075385398,0.6113330332175384,-0.5005314671710437,0.001747407629601636,0.3275996496399423,0.08689899990893817
lemniscate,0.275,64,0.5258197673814311,heldout2_80,0.379540955368231,existing_prediction_table_E_locked_predicted_gap,0.275,64,lemniscate,0.5125518298219118,0.3447782816040738,0.1462788120132001,0.5067228365471255,-0.4796145274485632,0.0014483944144414464,0.38098934978267246,0.14483041759875864
lemniscate,0.375,2,-0.0265788805915421,heldout2_80,0.2722552678654065,existing_prediction_table_E_locked_predicted_gap,0.375,2,lemniscate,0.0581281154387116,0.0117696115162879,-0.2988341484569486,-0.5097493224317118,-0.6436595602086981,-0.001457045189449912,0.2707982226759566,-0.2973771032674987
lemniscate,0.375,6,0.147208751872752,heldout2_80,0.5254953837235385,existing_prediction_table_E_locked_predicted_gap,0.375,6,lemniscate,0.1510539591440773,0.0362061159836195,-0.37828663185078654,-0.30188927907035007,-0.63162177400082,-0.0008629071240695606,0.524632476599469,-0.377423724726717
lemniscate,0.375,10,-0.5348794337130369,heldout2_80,-0.5404381800194169,existing_prediction_table_E_locked_predicted_gap,0.375,10,lemniscate,0.1197608070860698,0.0630466729121472,0.00555874630637998,-0.37188698567514406,-0.618399715729845,-0.0010629855100387825,-0.5415011655294557,0.006621731816418763
lemniscate,0.375,14,-0.5585966755617728,heldout2_80,-0.4935120674544698,existing_prediction_table_E_locked_predicted_gap,0.375,14,lemniscate,0.1621377531939338,0.0787593353961642,-0.06508460810730304,-0.27709662914708066,-0.6106594240693906,-0.0007920408968579398,-0.4943041083513277,-0.0642925672104451
lemniscate,0.375,20,0.0396184443313638,heldout2_80,0.2991603583048804,existing_prediction_table_E_locked_predicted_gap,0.375,20,lemniscate,0.0843335909155546,0.1110934594393976,-0.2595419139735166,-0.4511319233129868,-0.5947311527828075,-0.0012894957771298094,0.2978708625277506,-0.2582524181963868
lemniscate,0.375,28,0.436173191622408,heldout2_80,0.5851206875156674,existing_prediction_table_E_locked_predicted_gap,0.375,28,lemniscate,-0.0319724412231567,0.1424456736521503,-0.1489474958932594,-0.7112896568299603,-0.5792865849093105,-0.002033119274873407,0.583087568240794,-0.146914376618386
lemniscate,0.375,38,0.5489800069588933,heldout2_80,0.5519771312058138,existing_prediction_table_E_locked_predicted_gap,0.375,38,lemniscate,0.0354439664037434,0.1873082161737808,-0.0029971242469205572,-0.5604900853240461,-0.557186628005114,-0.0016020803689546352,0.5503750508368592,-0.001395043877965922
lemniscate,0.375,46,0.604656462622529,heldout2_80,0.5411927963071538,existing_prediction_table_E_locked_predicted_gap,0.375,46,lemniscate,0.0308868663204958,0.2164967038523917,0.06346366631537526,-0.5706835792234318,-0.5428079440621577,-0.0016312170065060792,0.5395615793006477,0.06509488332188133
lemniscate,0.375,58,0.5313544492287376,heldout2_80,0.4965637199541007,existing_prediction_table_E_locked_predicted_gap,0.375,58,lemniscate,0.0963444000219921,0.2668900956577815,0.034790729274636945,-0.42426569103443085,-0.5179834083903679,-0.0012127025127202076,0.4953510174413805,0.036003431787357154
lemniscate,0.375,64,0.6864661319768341,heldout2_80,0.5269369539205007,existing_prediction_table_E_locked_predicted_gap,0.375,64,lemniscate,0.0634752727372613,0.2818256398181404,0.1595291780563335,-0.49778859865867187,-0.5106259367953172,-0.0014228571792477373,0.5255140967412529,0.16095203523558121
square,0.275,2,0.1410437792985824,heldout2_80,0.1347898180980685,existing_prediction_table_E_locked_predicted_gap,0.275,2,square,-0.748292315088819,0.0760731732833033,0.006253961200513886,-2.3135810550594105,-0.61198266755037,-0.006613038994531197,0.1281767791035373,0.012867000195045082
square,0.275,6,0.273922066092398,heldout2_80,0.3545247104232197,existing_prediction_table_E_locked_predicted_gap,0.275,6,square,2.3926861797600445,1.2971612502383516,-0.0806026443308217,4.7122784916824925,-0.01045648646236557,0.0134693709349149,0.3679940813581346,-0.09407201526573661
square,0.275,10,0.2931898928615639,heldout2_80,0.5055878215364037,existing_prediction_table_E_locked_predicted_gap,0.275,10,square,2.491553926401256,7.215450677250965,-0.2123979286748398,4.933429608362595,2.9049810686088278,0.014101499623508472,0.5196893211599122,-0.2264994282983483
square,0.275,14,0.3078187732661524,heldout2_80,0.314595299433728,existing_prediction_table_E_locked_predicted_gap,0.275,14,square,1.26798989254394,1.3246514546513588,-0.0067765261675755695,2.196515279778469,0.003085597839300711,0.006278423297724321,0.3208737227314523,-0.01305494946529989
square,0.275,20,0.2585725052072429,heldout2_80,0.2103373446960736,existing_prediction_table_E_locked_predicted_gap,0.275,20,square,0.9091244778509991,1.4748815378483962,0.0482351605111693,1.393791541315812,0.07709117527102084,0.003983952839176631,0.21432129753525023,0.04425120767199267
square,0.275,28,0.2212461656927311,heldout2_80,0.1549538412753569,existing_prediction_table_E_locked_predicted_gap,0.275,28,square,0.4622637920701981,2.803984962624248,0.06629232441737418,0.39423665088739335,0.7318273261390613,0.001126868816500041,0.15608071009185695,0.06516545560087414
square,0.275,38,0.2660186445774124,heldout2_80,0.1493324565661779,existing_prediction_table_E_locked_predicted_gap,0.275,38,square,0.4465950418364858,1.0392907630799415,0.11668618801123451,0.35918819748486885,-0.13748733074225117,0.0010266878487565304,0.15035914441493445,0.11565950016247797
square,0.275,46,0.1759546134882397,heldout2_80,0.090719085306884,existing_prediction_table_E_locked_predicted_gap,0.275,46,square,0.4062832716296916,0.380998906697368,0.08523552818135571,0.26901730455518036,-0.4617717078353211,0.0007689473084751721,0.09148803261535916,0.08446658087288055
square,0.275,58,0.4530001944170987,heldout2_80,0.1359596101547344,existing_prediction_table_E_locked_predicted_gap,0.275,58,square,0.387314856902284,2.3123504571744924,0.3170405842623643,0.2265880367592769,0.489640843332901,0.0006476693433785435,0.13660727949811294,0.31639291491898575
square,0.275,64,0.4865996079234076,heldout2_80,0.1300952600996608,existing_prediction_table_E_locked_predicted_gap,0.275,64,square,0.3772031594157984,6.433796435996836,0.35650434782374685,0.20396980921149188,2.5199265426115627,0.000583018390072375,0.13067827848973318,0.3559213294336745
square,0.375,2,0.0630680528045187,heldout2_80,-0.3140860296441129,existing_prediction_table_E_locked_predicted_gap,0.375,2,square,0.1142549824606682,0.0386043155170308,0.37715408244863163,-0.38420262252859716,-0.6304403851771594,-0.0010981879882818798,-0.3151842176323948,0.3782522704369135
square,0.375,6,0.1464396768806992,heldout2_80,0.2042842520752431,existing_prediction_table_E_locked_predicted_gap,0.375,6,square,0.0815653559725956,0.1729612843685259,-0.05784457519454389,-0.457324015978858,-0.5642541403836357,-0.0013071949842388968,0.2029770570910042,-0.056537380210304994
square,0.375,10,0.2649370220184975,heldout2_80,0.6190195058882134,existing_prediction_table_E_locked_predicted_gap,0.375,10,square,0.0395490966287794,0.6041402352640067,-0.3540824838697159,-0.5513075747053049,-0.3518489645469719,-0.0015758334818370913,0.6174436724063763,-0.3525066503878788
square,0.375,14,0.3601479844084377,heldout2_80,0.57800976601802,existing_prediction_table_E_locked_predicted_gap,0.375,14,square,0.2621984459280484,1.3005458120682711,-0.2178617816095823,-0.05327708550725243,-0.008789200874511394,-0.0001522848932411343,0.5778574811247789,-0.21770949671634118
square,0.375,20,0.3573805028981506,heldout2_80,0.45833514399253,existing_prediction_table_E_locked_predicted_gap,0.375,20,square,0.3225297196581367,0.7297878951505327,-0.1009546410943794,0.08167419040845098,-0.2899530551194911,0.00023345393706294094,0.4585685979295929,-0.10118809503144234
square,0.375,28,0.400683109605321,heldout2_80,0.4699403852632011,existing_prediction_table_E_locked_predicted_gap,0.375,28,square,0.0302769553506327,1.5427446951038062,-0.06925727565788009,-0.5720478511588504,0.11052157770539352,-0.0016351165817936352,0.4683052686814074,-0.06762215907608646
square,0.375,38,0.446874486538819,heldout2_80,0.4026001310436787,existing_prediction_table_E_locked_predicted_gap,0.375,38,square,0.0792187776885888,1.523679849153318,0.044274355495140305,-0.46257293107519,0.10112995052136167,-0.0013221982537958976,0.4012779327898828,0.0455965537489362
square,0.375,46,0.4721421072788658,heldout2_80,0.4204171508812394,existing_prediction_table_E_locked_predicted_gap,0.375,46,square,0.1224511248994654,0.685092134172975,0.05172495639762642,-0.36586918099293625,-0.3119708529500093,-0.0010457844800865854,0.4193713664011528,0.052770740877713
square,0.375,58,0.8318217271648927,heldout2_80,0.437725604809429,existing_prediction_table_E_locked_predicted_gap,0.375,58,square,0.0267220887418502,2.455034900628648,0.39409612235546365,-0.579999511299685,0.5599293261962097,-0.001657845259687848,0.43606775954974114,0.3957539676151515
square,0.375,64,0.8973274035712002,heldout2_80,0.4414682983195389,existing_prediction_table_E_locked_predicted_gap,0.375,64,square,-0.0278743055758685,4.475489069403725,0.45585910525166135,-0.7021227919473886,1.5552351547792458,-0.0020069171088444807,0.4394613812106944,0.45786602236050583
zigzag,0.275,2,0.329465249817461,heldout2_80,0.1232128951751598,existing_prediction_table_E_locked_predicted_gap,0.275,2,zigzag,0.0310972122307399,0.6069529769357478,0.20625235464230118,-0.5702130695322543,-0.3504633660892353,-0.001629872122164008,0.1215830230529958,0.2078822267644652
zigzag,0.275,6,-0.0501124695846286,heldout2_80,0.0965507523164719,existing_prediction_table_E_locked_predicted_gap,0.275,6,zigzag,0.0511661138884692,0.8560249165995508,-0.14666322190110048,-0.5253221909299904,-0.22776681740475843,-0.0015015579962999745,0.09504919432017192,-0.1451616639048005
zigzag,0.275,10,0.0670552578745555,heldout2_80,0.1576403355868723,existing_prediction_table_E_locked_predicted_gap,0.275,10,zigzag,0.111057341609448,0.4217506516958553,-0.09058507771231679,-0.3913552265780809,-0.4416967910424724,-0.0011186326791597894,0.1565217029077125,-0.089466445033157
zigzag,0.275,14,0.0826788755090235,heldout2_80,0.1269377323413073,existing_prediction_table_E_locked_predicted_gap,0.275,14,zigzag,0.1301474789492787,0.794922474620358,-0.04425885683228381,-0.34865368503692584,-0.2578667907584809,-0.000996576458686891,0.12594115588262042,-0.04326228037359692
zigzag,0.275,20,0.205526037671994,heldout2_80,0.2072563722732634,existing_prediction_table_E_locked_predicted_gap,0.275,20,zigzag,0.167626579066528,1.595057796572148,-0.0017303346012693954,-0.26481901574711203,0.13629179096109081,-0.000756947103192826,0.20649942517007058,-0.0009733874980765694
zigzag,0.275,28,0.3033759724902836,heldout2_80,0.2179411567965992,existing_prediction_table_E_locked_predicted_gap,0.275,28,zigzag,0.221871866328809,3.669727241650813,0.08543481569368438,-0.14348110464632538,1.1583048724663325,-0.0004101201200319284,0.21753103667656729,0.08584493581371631
zigzag,0.275,38,0.2970052826176417,heldout2_80,0.1079447846789522,existing_prediction_table_E_locked_predicted_gap,0.275,38,zigzag,0.3120497565956995,6.653747276087433,0.1890604979386895,0.05823221248581325,2.6282776037378976,0.00016644841167953836,0.10811123309063174,0.18889404952700997
zigzag,0.275,46,0.2870209989639245,heldout2_80,0.0973946561322314,existing_prediction_table_E_locked_predicted_gap,0.275,46,zigzag,0.4143881572853313,6.569329617532927,0.1896263428316931,0.2871466194652679,2.586692207299249,0.0008207673500433575,0.09821542348227476,0.18880557548164975
zigzag,0.275,58,0.2082452247657653,heldout2_80,0.1153950845870955,existing_prediction_table_E_locked_predicted_gap,0.275,58,zigzag,0.5223287596185456,5.883199267085422,0.09285014017866978,0.5285922430591908,2.2486941732324106,0.0015109049704192783,0.11690598955751479,0.0913392352082505
zigzag,0.275,64,-0.1427628659528763,heldout2_80,0.0512952482834969,existing_prediction_table_E_locked_predicted_gap,0.275,64,zigzag,0.5381302781298328,5.152760825804902,-0.1940581142363732,0.5639376775687283,1.8888693134245949,0.001611934815982315,0.05290718309947921,-0.19567004905235552
zigzag,0.375,2,0.1789656615408761,heldout2_80,0.2571646564888322,existing_prediction_table_E_locked_predicted_gap,0.375,2,zigzag,0.0017079288083687,0.0242242152539649,-0.0781989949479561,-0.6359521307335969,-0.6375242368322133,-0.0018177777821959571,0.25534687870663625,-0.07638121716576014
zigzag,0.375,6,-0.0525529405987521,heldout2_80,0.1937359101249396,existing_prediction_table_E_locked_predicted_gap,0.375,6,zigzag,0.0048329302889253,0.0306172766109931,-0.2462888507236917,-0.6289620091769679,-0.6343749195502495,-0.0017977975241758577,0.19193811260076374,-0.24449105319951583
zigzag,0.375,10,0.0770444498229547,heldout2_80,0.3039815433981287,existing_prediction_table_E_locked_predicted_gap,0.375,10,zigzag,0.0421550514856453,0.1426361417809344,-0.226937093575174,-0.5454784762764183,-0.5791927574710702,-0.0015591718415937598,0.30242237155653495,-0.22537792173358023
zigzag,0.375,14,-0.0196976775455086,heldout2_80,0.22166470250462,existing_prediction_table_E_locked_predicted_gap,0.375,14,zigzag,0.0409868348221811,0.5769765974752378,-0.2413623800501286,-0.5480915875126536,-0.36523017726365087,-0.001566641044570021,0.22009806146004998,-0.2397957390055586
zigzag,0.375,20,0.2122942667410368,heldout2_80,0.3292995869819177,existing_prediction_table_E_locked_predicted_gap,0.375,20,zigzag,0.0597584950981371,1.265971837595384,-0.1170053202408809,-0.5061024275186221,-0.02582085585682076,-0.0014466210643835006,0.3278529659175342,-0.11555869917649739
zigzag,0.375,28,0.365376995235172,heldout2_80,0.4223186419517685,existing_prediction_table_E_locked_predicted_gap,0.375,28,zigzag,0.0211168049524912,2.023398005587936,-0.05694164671659652,-0.5925376221744494,0.3472985602501744,-0.0016936836479523316,0.4206249583038162,-0.055247963068644185
zigzag,0.375,38,0.4459921161045648,heldout2_80,0.3626858260500814,existing_prediction_table_E_locked_predicted_gap,0.375,38,zigzag,0.0230257574480413,2.989259544860772,0.08330629005448342,-0.5882676050007779,0.8230963459654784,-0.0016814784174439576,0.3610043476326374,0.08498776847192738
zigzag,0.375,46,0.4011483843297512,heldout2_80,0.3107194678457882,existing_prediction_table_E_locked_predicted_gap,0.375,46,zigzag,0.0685925086164564,3.9948837003855657,0.090428916483963,-0.48634217181629297,1.3184817889149365,-0.0013901392129196648,0.30932932863286855,0.09181905569688267
zigzag,0.375,58,0.4249706257446517,heldout2_80,0.3232390840717751,existing_prediction_table_E_locked_predicted_gap,0.375,58,zigzag,0.113897435255335,5.015148465760678,0.10173154167287662,-0.3850023976464851,1.8210794144237576,-0.0011004740305322184,0.3221386100412429,0.10283201570340884
zigzag,0.375,64,0.0027723975077385,heldout2_80,0.2391919117182289,existing_prediction_table_E_locked_predicted_gap,0.375,64,zigzag,0.1253281898258079,5.12698208608653,-0.2364195142104904,-0.3594336533022851,1.876170322132565,-0.0010273894489397004,0.2381645222692892,-0.2353921247615507
