model,model_class,evaluation_scheme,n_cells_evaluated,features,free_parameters,correlation_with_rmse_gap,r2,mae,sign_accuracy,balanced_accuracy,false_benefit,false_harm,trajectory_wise_accuracy,delay_wise_accuracy,minority_fraction_wise_accuracy,notes
A_scalar_delay_feedback,A,loocv,96,"delay, tr, delay_x_tr",4,0.6346732723246931,0.4007708864038425,0.16213721720678684,0.8229166666666666,0.6132478632478633,13,4,"{""circle"": 0.7916666666666666, ""lemniscate"": 0.75, ""square"": 0.9583333333333334, ""zigzag"": 0.7916666666666666}","{""0"": 0.5, ""18"": 0.8333333333333334, ""26"": 1.0, ""34"": 1.0, ""44"": 0.8333333333333334, ""56"": 0.9166666666666666, ""68"": 0.8333333333333334, ""8"": 0.6666666666666666}","{""0.2"": 0.8125, ""0.3"": 0.78125, ""0.4"": 0.875}",scalar delay feedback
A_scalar_delay_feedback,A,leave_one_trajectory_out,96,"delay, tr, delay_x_tr",4,0.5771694797021489,0.3194433774362384,0.1770734008721315,0.7708333333333334,0.5384615384615384,15,7,"{""circle"": 0.7916666666666666, ""lemniscate"": 0.6666666666666666, ""square"": 0.9166666666666666, ""zigzag"": 0.7083333333333334}","{""0"": 0.25, ""18"": 0.8333333333333334, ""26"": 1.0, ""34"": 1.0, ""44"": 0.8333333333333334, ""56"": 0.9166666666666666, ""68"": 0.8333333333333334, ""8"": 0.5}","{""0.2"": 0.78125, ""0.3"": 0.71875, ""0.4"": 0.8125}",scalar delay feedback
A_scalar_delay_feedback,A,leave_one_delay_out,96,"delay, tr, delay_x_tr",4,0.6459125834296856,0.41518523022751397,0.1629080673148702,0.8333333333333334,0.6623931623931624,11,5,"{""circle"": 0.8333333333333334, ""lemniscate"": 0.7916666666666666, ""square"": 0.9166666666666666, ""zigzag"": 0.7916666666666666}","{""0"": 0.5833333333333334, ""18"": 0.8333333333333334, ""26"": 1.0, ""34"": 1.0, ""44"": 0.8333333333333334, ""56"": 0.9166666666666666, ""68"": 0.8333333333333334, ""8"": 0.6666666666666666}","{""0.2"": 0.84375, ""0.3"": 0.78125, ""0.4"": 0.875}",scalar delay feedback
A_scalar_delay_feedback,A,leave_one_minority_fraction_out,96,"delay, tr, delay_x_tr",4,0.5158284397072632,0.1814909217871319,0.21177488904122613,0.6041666666666666,0.5427350427350428,10,28,"{""circle"": 0.5833333333333334, ""lemniscate"": 0.5416666666666666, ""square"": 0.6666666666666666, ""zigzag"": 0.625}","{""0"": 0.5833333333333334, ""18"": 0.5, ""26"": 0.6666666666666666, ""34"": 0.6666666666666666, ""44"": 0.6666666666666666, ""56"": 0.5833333333333334, ""68"": 0.6666666666666666, ""8"": 0.5}","{""0.2"": 0.15625, ""0.3"": 0.78125, ""0.4"": 0.875}",scalar delay feedback
B_direct_relief_only,B,loocv,96,frame_energy_relief,2,0.2448820709326022,0.05207959376344529,0.22543970155918136,0.8125,0.5,18,0,"{""circle"": 0.7083333333333334, ""lemniscate"": 0.6666666666666666, ""square"": 0.9583333333333334, ""zigzag"": 0.9166666666666666}","{""0"": 0.4166666666666667, ""18"": 0.8333333333333334, ""26"": 1.0, ""34"": 1.0, ""44"": 0.8333333333333334, ""56"": 0.9166666666666666, ""68"": 0.8333333333333334, ""8"": 0.6666666666666666}","{""0.2"": 0.84375, ""0.3"": 0.78125, ""0.4"": 0.8125}",direct projected relief only
B_direct_relief_only,B,leave_one_trajectory_out,96,frame_energy_relief,2,0.24721216162332782,0.04844590774874491,0.2294060517987745,0.8125,0.5,18,0,"{""circle"": 0.7083333333333334, ""lemniscate"": 0.6666666666666666, ""square"": 0.9583333333333334, ""zigzag"": 0.9166666666666666}","{""0"": 0.4166666666666667, ""18"": 0.8333333333333334, ""26"": 1.0, ""34"": 1.0, ""44"": 0.8333333333333334, ""56"": 0.9166666666666666, ""68"": 0.8333333333333334, ""8"": 0.6666666666666666}","{""0.2"": 0.84375, ""0.3"": 0.78125, ""0.4"": 0.8125}",direct projected relief only
B_direct_relief_only,B,leave_one_delay_out,96,frame_energy_relief,2,0.005520627591724415,-0.25382461452784844,0.2557179365982044,0.8125,0.5,18,0,"{""circle"": 0.7083333333333334, ""lemniscate"": 0.6666666666666666, ""square"": 0.9583333333333334, ""zigzag"": 0.9166666666666666}","{""0"": 0.4166666666666667, ""18"": 0.8333333333333334, ""26"": 1.0, ""34"": 1.0, ""44"": 0.8333333333333334, ""56"": 0.9166666666666666, ""68"": 0.8333333333333334, ""8"": 0.6666666666666666}","{""0.2"": 0.84375, ""0.3"": 0.78125, ""0.4"": 0.8125}",direct projected relief only
B_direct_relief_only,B,leave_one_minority_fraction_out,96,frame_energy_relief,2,-0.020505686158969368,-0.26985544304583176,0.26620498794327174,0.6666666666666666,0.45299145299145294,16,16,"{""circle"": 0.5, ""lemniscate"": 0.625, ""square"": 0.6666666666666666, ""zigzag"": 0.875}","{""0"": 0.4166666666666667, ""18"": 0.5833333333333334, ""26"": 0.75, ""34"": 0.8333333333333334, ""44"": 0.75, ""56"": 0.75, ""68"": 0.6666666666666666, ""8"": 0.5833333333333334}","{""0.2"": 0.40625, ""0.3"": 0.78125, ""0.4"": 0.8125}",direct projected relief only
C_direct_relief_cost_balance,C,loocv,96,"frame_energy_relief, frame_abs_relief, osc_change_pct, edot_change_pct, tail_delta",6,0.7678696236081642,0.5831769308995256,0.1419053945942378,0.90625,0.75,9,0,"{""circle"": 0.7916666666666666, ""lemniscate"": 0.9166666666666666, ""square"": 1.0, ""zigzag"": 0.9166666666666666}","{""0"": 0.6666666666666666, ""18"": 0.9166666666666666, ""26"": 1.0, ""34"": 1.0, ""44"": 1.0, ""56"": 0.9166666666666666, ""68"": 0.8333333333333334, ""8"": 0.9166666666666666}","{""0.2"": 0.90625, ""0.3"": 0.90625, ""0.4"": 0.90625}",direct relief plus replayed cost terms
C_direct_relief_cost_balance,C,leave_one_trajectory_out,96,"frame_energy_relief, frame_abs_relief, osc_change_pct, edot_change_pct, tail_delta",6,0.6903150325969526,-0.6775618492908682,0.22698450337335133,0.9166666666666666,0.7777777777777778,8,0,"{""circle"": 0.75, ""lemniscate"": 1.0, ""square"": 1.0, ""zigzag"": 0.9166666666666666}","{""0"": 0.75, ""18"": 1.0, ""26"": 1.0, ""34"": 1.0, ""44"": 0.9166666666666666, ""56"": 0.9166666666666666, ""68"": 0.8333333333333334, ""8"": 0.9166666666666666}","{""0.2"": 0.9375, ""0.3"": 0.875, ""0.4"": 0.9375}",direct relief plus replayed cost terms
C_direct_relief_cost_balance,C,leave_one_delay_out,96,"frame_energy_relief, frame_abs_relief, osc_change_pct, edot_change_pct, tail_delta",6,0.6833587918729471,0.3804690024962446,0.171414413919968,0.8854166666666666,0.6944444444444444,11,0,"{""circle"": 0.7916666666666666, ""lemniscate"": 0.8333333333333334, ""square"": 1.0, ""zigzag"": 0.9166666666666666}","{""0"": 0.5833333333333334, ""18"": 0.8333333333333334, ""26"": 1.0, ""34"": 1.0, ""44"": 1.0, ""56"": 0.9166666666666666, ""68"": 0.8333333333333334, ""8"": 0.9166666666666666}","{""0.2"": 0.90625, ""0.3"": 0.84375, ""0.4"": 0.90625}",direct relief plus replayed cost terms
C_direct_relief_cost_balance,C,leave_one_minority_fraction_out,96,"frame_energy_relief, frame_abs_relief, osc_change_pct, edot_change_pct, tail_delta",6,0.6964547292962737,0.4624644731175733,0.1629634767580336,0.8958333333333334,0.7649572649572649,8,2,"{""circle"": 0.7083333333333334, ""lemniscate"": 0.9583333333333334, ""square"": 1.0, ""zigzag"": 0.9166666666666666}","{""0"": 0.6666666666666666, ""18"": 1.0, ""26"": 0.9166666666666666, ""34"": 1.0, ""44"": 1.0, ""56"": 0.9166666666666666, ""68"": 0.8333333333333334, ""8"": 0.8333333333333334}","{""0.2"": 0.84375, ""0.3"": 0.90625, ""0.4"": 0.9375}",direct relief plus replayed cost terms
D_direct_projection_only,D,loocv,96,"normal_projection_fraction, mean_delta_cmd_norm, frame_vel_oppose, mean_raw_cos_vel, mean_abs_delta_psi",6,0.48451777234689075,0.22631626266895066,0.1957338165936822,0.7916666666666666,0.5512820512820513,15,5,"{""circle"": 0.5416666666666666, ""lemniscate"": 0.75, ""square"": 0.9583333333333334, ""zigzag"": 0.9166666666666666}","{""0"": 0.5, ""18"": 0.75, ""26"": 0.9166666666666666, ""34"": 1.0, ""44"": 0.8333333333333334, ""56"": 0.8333333333333334, ""68"": 0.8333333333333334, ""8"": 0.6666666666666666}","{""0.2"": 0.78125, ""0.3"": 0.78125, ""0.4"": 0.8125}",projection-only direct quantities
D_direct_projection_only,D,leave_one_trajectory_out,96,"normal_projection_fraction, mean_delta_cmd_norm, frame_vel_oppose, mean_raw_cos_vel, mean_abs_delta_psi",6,0.37979554583793135,0.06034114602792928,0.22265681577138552,0.7291666666666666,0.4700854700854701,17,9,"{""circle"": 0.4583333333333333, ""lemniscate"": 0.6666666666666666, ""square"": 0.875, ""zigzag"": 0.9166666666666666}","{""0"": 0.5, ""18"": 0.6666666666666666, ""26"": 0.9166666666666666, ""34"": 0.9166666666666666, ""44"": 0.8333333333333334, ""56"": 0.8333333333333334, ""68"": 0.8333333333333334, ""8"": 0.3333333333333333}","{""0.2"": 0.6875, ""0.3"": 0.6875, ""0.4"": 0.8125}",projection-only direct quantities
D_direct_projection_only,D,leave_one_delay_out,96,"normal_projection_fraction, mean_delta_cmd_norm, frame_vel_oppose, mean_raw_cos_vel, mean_abs_delta_psi",6,0.3328981661075383,0.035936425155738805,0.2178724969464961,0.7604166666666666,0.48931623931623935,17,6,"{""circle"": 0.625, ""lemniscate"": 0.6666666666666666, ""square"": 0.9583333333333334, ""zigzag"": 0.7916666666666666}","{""0"": 0.25, ""18"": 0.75, ""26"": 0.9166666666666666, ""34"": 1.0, ""44"": 0.8333333333333334, ""56"": 0.8333333333333334, ""68"": 0.8333333333333334, ""8"": 0.6666666666666666}","{""0.2"": 0.75, ""0.3"": 0.75, ""0.4"": 0.78125}",projection-only direct quantities
D_direct_projection_only,D,leave_one_minority_fraction_out,96,"normal_projection_fraction, mean_delta_cmd_norm, frame_vel_oppose, mean_raw_cos_vel, mean_abs_delta_psi",6,0.42543697063611724,-159.79872862164342,2.284352090933355,0.6770833333333334,0.5876068376068375,10,21,"{""circle"": 0.7083333333333334, ""lemniscate"": 0.6666666666666666, ""square"": 0.6666666666666666, ""zigzag"": 0.6666666666666666}","{""0"": 0.5, ""18"": 0.6666666666666666, ""26"": 0.6666666666666666, ""34"": 0.6666666666666666, ""44"": 0.75, ""56"": 0.8333333333333334, ""68"": 0.75, ""8"": 0.5833333333333334}","{""0.2"": 0.84375, ""0.3"": 0.375, ""0.4"": 0.8125}",projection-only direct quantities
E_topology_aware_relief_cost,E,loocv,96,"frame_energy_relief, frame_abs_relief, osc_change_pct, edot_change_pct, tail_delta, corner_or_piecewise, branch_ambiguity",8,0.7709229541182643,0.5867118108313163,0.1375106974173325,0.90625,0.75,9,0,"{""circle"": 0.7916666666666666, ""lemniscate"": 0.9166666666666666, ""square"": 1.0, ""zigzag"": 0.9166666666666666}","{""0"": 0.6666666666666666, ""18"": 0.9166666666666666, ""26"": 1.0, ""34"": 1.0, ""44"": 1.0, ""56"": 0.9166666666666666, ""68"": 0.8333333333333334, ""8"": 0.9166666666666666}","{""0.2"": 0.90625, ""0.3"": 0.90625, ""0.4"": 0.90625}",relief-cost plus low-complexity topology terms
E_topology_aware_relief_cost,E,leave_one_trajectory_out,96,"frame_energy_relief, frame_abs_relief, osc_change_pct, edot_change_pct, tail_delta, corner_or_piecewise, branch_ambiguity",8,0.6833115892607095,-0.838326284063736,0.23087626227338454,0.9166666666666666,0.7777777777777778,8,0,"{""circle"": 0.75, ""lemniscate"": 1.0, ""square"": 1.0, ""zigzag"": 0.9166666666666666}","{""0"": 0.75, ""18"": 1.0, ""26"": 1.0, ""34"": 1.0, ""44"": 0.9166666666666666, ""56"": 0.9166666666666666, ""68"": 0.8333333333333334, ""8"": 0.9166666666666666}","{""0.2"": 0.9375, ""0.3"": 0.875, ""0.4"": 0.9375}",relief-cost plus low-complexity topology terms
E_topology_aware_relief_cost,E,leave_one_delay_out,96,"frame_energy_relief, frame_abs_relief, osc_change_pct, edot_change_pct, tail_delta, corner_or_piecewise, branch_ambiguity",8,0.673310620852562,0.35108081032730254,0.17185828360422492,0.875,0.6666666666666666,12,0,"{""circle"": 0.7916666666666666, ""lemniscate"": 0.7916666666666666, ""square"": 1.0, ""zigzag"": 0.9166666666666666}","{""0"": 0.5, ""18"": 0.8333333333333334, ""26"": 1.0, ""34"": 1.0, ""44"": 1.0, ""56"": 0.9166666666666666, ""68"": 0.8333333333333334, ""8"": 0.9166666666666666}","{""0.2"": 0.90625, ""0.3"": 0.84375, ""0.4"": 0.875}",relief-cost plus low-complexity topology terms
E_topology_aware_relief_cost,E,leave_one_minority_fraction_out,96,"frame_energy_relief, frame_abs_relief, osc_change_pct, edot_change_pct, tail_delta, corner_or_piecewise, branch_ambiguity",8,0.7083137980179437,0.4778586990677426,0.15117355405617716,0.8958333333333334,0.7649572649572649,8,2,"{""circle"": 0.7083333333333334, ""lemniscate"": 0.9583333333333334, ""square"": 1.0, ""zigzag"": 0.9166666666666666}","{""0"": 0.6666666666666666, ""18"": 1.0, ""26"": 0.9166666666666666, ""34"": 1.0, ""44"": 1.0, ""56"": 0.9166666666666666, ""68"": 0.8333333333333334, ""8"": 0.8333333333333334}","{""0.2"": 0.84375, ""0.3"": 0.90625, ""0.4"": 0.9375}",relief-cost plus low-complexity topology terms
F_direct_fullgrid_frenet,F,loocv,96,"mean_normal_projected_command_relief, projected_relief_positive_rate, mean_abs_delta_psi, mean_abs_eta, rms_eta, mean_abs_xi, mean_abs_kappa, frame_tangent_power, mean_delta_cmd_normal_abs, mean_delta_cmd_tangent_abs",11,0.6225280502062783,0.37571072589788435,0.1814854655850954,0.7291666666666666,0.4700854700854701,17,9,"{""circle"": 0.625, ""lemniscate"": 0.7083333333333334, ""square"": 0.75, ""zigzag"": 0.8333333333333334}","{""0"": 0.16666666666666666, ""18"": 0.5833333333333334, ""26"": 1.0, ""34"": 1.0, ""44"": 0.8333333333333334, ""56"": 0.8333333333333334, ""68"": 0.8333333333333334, ""8"": 0.5833333333333334}","{""0.2"": 0.8125, ""0.3"": 0.59375, ""0.4"": 0.78125}",full-grid direct Frenet/projection quantities
F_direct_fullgrid_frenet,F,leave_one_trajectory_out,96,"mean_normal_projected_command_relief, projected_relief_positive_rate, mean_abs_delta_psi, mean_abs_eta, rms_eta, mean_abs_xi, mean_abs_kappa, frame_tangent_power, mean_delta_cmd_normal_abs, mean_delta_cmd_tangent_abs",11,0.4736610498407884,-0.0797522323330917,0.24088711138194033,0.6979166666666666,0.45085470085470086,17,12,"{""circle"": 0.7083333333333334, ""lemniscate"": 0.6666666666666666, ""square"": 0.75, ""zigzag"": 0.6666666666666666}","{""0"": 0.08333333333333333, ""18"": 0.6666666666666666, ""26"": 1.0, ""34"": 1.0, ""44"": 0.8333333333333334, ""56"": 0.9166666666666666, ""68"": 0.8333333333333334, ""8"": 0.25}","{""0.2"": 0.75, ""0.3"": 0.625, ""0.4"": 0.71875}",full-grid direct Frenet/projection quantities
F_direct_fullgrid_frenet,F,leave_one_delay_out,96,"mean_normal_projected_command_relief, projected_relief_positive_rate, mean_abs_delta_psi, mean_abs_eta, rms_eta, mean_abs_xi, mean_abs_kappa, frame_tangent_power, mean_delta_cmd_normal_abs, mean_delta_cmd_tangent_abs",11,0.5512346193720175,0.2808832888099323,0.19658519375015424,0.6875,0.4230769230769231,18,12,"{""circle"": 0.5833333333333334, ""lemniscate"": 0.6666666666666666, ""square"": 0.75, ""zigzag"": 0.75}","{""0"": 0.0, ""18"": 0.5, ""26"": 1.0, ""34"": 1.0, ""44"": 0.8333333333333334, ""56"": 0.8333333333333334, ""68"": 0.8333333333333334, ""8"": 0.5}","{""0.2"": 0.71875, ""0.3"": 0.59375, ""0.4"": 0.75}",full-grid direct Frenet/projection quantities
F_direct_fullgrid_frenet,F,leave_one_minority_fraction_out,96,"mean_normal_projected_command_relief, projected_relief_positive_rate, mean_abs_delta_psi, mean_abs_eta, rms_eta, mean_abs_xi, mean_abs_kappa, frame_tangent_power, mean_delta_cmd_normal_abs, mean_delta_cmd_tangent_abs",11,0.50160492722661,0.1815886751662923,0.22164002514046832,0.7708333333333334,0.5598290598290598,14,8,"{""circle"": 0.625, ""lemniscate"": 0.7916666666666666, ""square"": 0.7916666666666666, ""zigzag"": 0.875}","{""0"": 0.25, ""18"": 0.75, ""26"": 0.9166666666666666, ""34"": 1.0, ""44"": 0.8333333333333334, ""56"": 0.8333333333333334, ""68"": 0.9166666666666666, ""8"": 0.6666666666666666}","{""0.2"": 0.8125, ""0.3"": 0.6875, ""0.4"": 0.8125}",full-grid direct Frenet/projection quantities
