traj,tr,delay,mc,boot,gap_h_minus_t3,gap_h_minus_t3_ci_lo,gap_h_minus_t3_ci_hi,energy_relief,energy_relief_ci_lo,energy_relief_ci_hi,abs_relief,abs_relief_ci_lo,abs_relief_ci_hi,osc_change_pct,osc_change_pct_ci_lo,osc_change_pct_ci_hi,edot_change_pct,edot_change_pct_ci_lo,edot_change_pct_ci_hi,tail_delta,tail_delta_ci_lo,tail_delta_ci_hi,raw_cos_vel,raw_cos_vel_ci_lo,raw_cos_vel_ci_hi,mechanism_class_mean
circle,0.2,0,50,1000,-0.0596121778290805,-0.06250167769892662,-0.05669792769899129,0.5555562143430107,0.5349259212241879,0.5760090543496882,0.3449728953325302,0.32895272911180407,0.3615763610580248,1.5227237253817338,0.5989871368602907,2.4986868958526087,19.849123729336995,19.01748290122943,20.740709064889703,0.08107842857142857,0.0736755291005291,0.08912275132275131,-0.9938478874348007,-0.9940238858041855,-0.9936770772423388,harm_cost_dominance
circle,0.2,8,50,1000,0.04073444086565868,0.035312949511492185,0.04637299961368778,0.9809414704892402,0.9781350799997495,0.983278655006772,0.9322217783821373,0.9274775667843443,0.9363139025482307,-0.08642400395771588,-2.7859217317407095,2.6761224113304425,19.27464719010422,18.18005564502041,20.313865672982864,-0.02729578306878307,-0.02997910052910053,-0.024660846560846564,-0.9957204835425305,-0.9958558175404523,-0.9955683029779185,benefit
circle,0.2,18,50,1000,0.08759728176836108,0.0800177685269885,0.09602148290180723,0.9862220444415173,0.9848575882516808,0.9875681071337595,0.9499079667721215,0.9460373014055525,0.9531490435033371,-22.642081014078514,-26.41391676483141,-18.216523262259365,3.281504547590658,0.10876865883998264,6.450135365534436,-0.01819961904761905,-0.02382314814814815,-0.013089682539682545,-0.9964038243829851,-0.9966128618650697,-0.9961984273787581,benefit
circle,0.2,26,50,1000,0.08494322602444572,0.07179175534510386,0.09718169659382726,0.9791148116631259,0.9769124435009586,0.9814096091959674,0.9305242698580214,0.9236856045615188,0.9374606347490866,-1.6325660614813113,-5.063204488078934,1.95225631860878,8.491150163680544,5.526495889404655,11.65627540330949,-0.022890962962962967,-0.02640740740740741,-0.01920013227513228,-0.9939091075515533,-0.9941194952273283,-0.9936979559203664,benefit
circle,0.2,34,50,1000,0.22252934910600003,0.2069107807704764,0.2388297736822233,0.9745059850447126,0.9713738772499421,0.9774264813734039,0.8947815135772001,0.8844973685198833,0.9056652009414946,-24.08964590600277,-25.882325384419918,-22.42295722582995,-11.907967675680359,-13.600131023131441,-10.265578512150762,-0.03565192592592593,-0.03800595238095238,-0.03291957671957672,-0.9936550436781018,-0.993892650381226,-0.993398794955117,benefit
circle,0.2,44,50,1000,-0.2385130409585505,-0.26503891768116355,-0.20920126546696088,0.9806694357199228,0.9792328554609422,0.9820676101770951,0.9253500877846873,0.9199814233996952,0.9308830563911968,40.68646578031911,37.02793175946097,43.953057554250066,46.59458238695791,42.79337996669936,49.930414226711896,0.09543192063492065,0.08201560846560846,0.10704616402116401,-0.9938558846513779,-0.9941545350064762,-0.9935497780385067,harm_cost_dominance
circle,0.2,56,50,1000,0.27789411202063713,0.21861828667985905,0.339670023673575,0.9688023266766739,0.9664615922955135,0.9710317815287166,0.878051994166668,0.8714136068940669,0.8843587133406379,-20.426876883386743,-26.12515945047919,-14.459334532210203,-11.429732586881906,-16.2927965739295,-6.31605166385216,-0.04689126455026455,-0.04946560846560847,-0.04192539682539683,-0.9953476112244778,-0.9956244246082969,-0.9950613544797899,benefit
circle,0.2,68,50,1000,0.2724614543620095,0.2460695136156102,0.29596766013386555,0.9829713996951053,0.9810162007287772,0.9847215828535241,0.936000380611071,0.9305015465022839,0.9410828077109881,-8.531718978437947,-9.747773974319713,-7.225516591939359,-3.5900391755381396,-4.524412461162008,-2.5216150151847883,-0.031665386243386245,-0.03427619047619048,-0.029121693121693125,-0.991977442287686,-0.9922109316378372,-0.9917397755291311,benefit
circle,0.3,0,50,1000,-0.02958262220133191,-0.03379353887809727,-0.02550132995942807,0.41826934870276056,0.4094840897089757,0.4270578660270822,0.2900261299439778,0.2830013190562512,0.2976480242175976,14.947646960455456,13.604766105648652,16.476178249661192,92.22691290204118,90.62378286003114,93.86848186045145,0.051199317460317466,0.04484973544973545,0.05837579365079365,-0.9572633927527642,-0.9579737776326842,-0.9565632900669822,harm_cost_dominance
circle,0.3,8,50,1000,0.0048728459411175535,-0.0010022445877340329,0.010732880807397076,0.7148781548630461,0.6998713880370359,0.7295661957847724,0.5003809230884813,0.4870425149962304,0.51390739143781,8.77672373562295,6.2944769306728,11.295433379835108,48.9501389834625,47.38490274882885,50.62849188369917,-0.013448470899470901,-0.017153439153439157,-0.009015476190476194,-0.9766355004239776,-0.9773956918311649,-0.9758344952170986,benefit
circle,0.3,18,50,1000,0.04388361898369055,0.030109168915746533,0.05846041831057132,0.7450749154243052,0.7276970247598282,0.7636875657320062,0.5560828684030663,0.5347342488341722,0.5789634971611423,3.626812597015198,-1.5383425948673248,8.94510832593346,38.34612803468951,33.13143543588598,43.58994967852701,0.007740402116402114,-0.0014076719576719629,0.017038095238095238,-0.9804473097133143,-0.9813050196037948,-0.9796427138834738,benefit
circle,0.3,26,50,1000,0.1414192144205713,0.1308113901642039,0.15264604688160777,0.6308378328490278,0.6116723784370762,0.6491920858603861,0.48110843505244916,0.4618993076770121,0.502317807594692,-10.168483725268855,-12.955188038482117,-7.511258459935633,14.352528280751718,11.822519779815304,16.913104618866438,-0.037232201058201055,-0.03919589947089948,-0.03527486772486773,-0.9790192748489451,-0.979817338707148,-0.97826062035781,benefit
circle,0.3,34,50,1000,0.32895071534013687,0.3112405949077343,0.34747159028842306,0.5847182936779799,0.5629948921812165,0.6055297068404911,0.41962281588401074,0.39853489839898765,0.43985866037677496,-31.203991683980682,-33.344249884915264,-29.10516085087804,-8.690476896711715,-10.53984527663663,-6.753592945263517,-0.04708771957671958,-0.04797896825396826,-0.04607936507936508,-0.9753916298059763,-0.9763016224996117,-0.9744115339313423,benefit
circle,0.3,44,50,1000,-0.19402787640457617,-0.21983284444200832,-0.16636106359659653,0.6573296631592723,0.6393856535565662,0.6758466313521192,0.5502861404678326,0.5298433712853566,0.5719801319113665,37.23511260473107,32.89257940938733,41.39554328301874,50.99886181684379,46.75621475853262,54.98799118081304,0.07944517989417989,0.06312592592592593,0.09377116402116402,-0.9759856932667876,-0.9766180858973716,-0.9753338856614434,harm_cost_dominance
circle,0.3,56,50,1000,-0.007765869567193589,-0.06130419795488278,0.0504017095769369,0.6093669118476678,0.585723795451272,0.631754011970844,0.4953450034182714,0.47283468950338553,0.5181272537313857,19.458797560799354,11.366507086765889,27.84062981277966,26.416949850970354,19.977054550932177,32.738645343521625,0.028145291005291003,0.006334656084656087,0.048768783068783066,-0.9810149657985464,-0.9818738472178737,-0.9802059701679292,harm_cost_dominance
circle,0.3,68,50,1000,0.5717106080937028,0.5362991457566127,0.6070935981020507,0.6504383763573643,0.6324493481987111,0.6699086378905291,0.547527478937495,0.5255290406288758,0.5723269741218147,-21.160526811897196,-22.719637599909206,-19.591170737435974,-12.607347484055001,-13.878611439847301,-11.256636083139616,-0.04777021164021164,-0.048603306878306884,-0.04689404761904761,-0.9780716076878953,-0.97881549772484,-0.9773117058921866,benefit
circle,0.4,0,50,1000,-0.0033762639166733457,-0.006061320540441599,-0.0004136587217120965,0.5673075317816512,0.5639049489728443,0.5708680276079228,0.40769711436388356,0.405272182123878,0.41028052276220434,14.104158927324505,13.221103510102248,15.0166143688132,196.0809502958995,194.6592027446557,197.5044112578986,0.002870306878306877,-0.0012489417989417994,0.006879232804232797,-0.9858870303122358,-0.9863329170893518,-0.9854135925990174,harm_cost_dominance
circle,0.4,8,50,1000,-0.004720232754538559,-0.010603504197166096,0.001440723864697829,0.5216529721232814,0.5130828295599456,0.5297770632032079,0.3660051704854239,0.35813233620059215,0.37334688188726095,6.88310205919941,4.203371681990486,9.750319861665226,112.81758373545479,109.98004340454438,115.62738654193937,0.010790597883597883,0.00689298941798942,0.014594179894179889,-0.9924151420107261,-0.9926706289087386,-0.9921447071077244,harm_cost_dominance
circle,0.4,18,50,1000,0.12738604059994446,0.11780029617585838,0.1369286426019721,0.6181117091111727,0.6109813824449898,0.6252300286161694,0.3922015666051784,0.3834960123459744,0.4009117812098358,-4.388297319053311,-9.313855961914959,1.080688413488137,79.74517701232692,74.15962876405807,85.323084915275,-0.030993079365079366,-0.0346255291005291,-0.02688835978835979,-0.9925677333569619,-0.992780707767695,-0.9923451678033831,benefit
circle,0.4,26,50,1000,0.2278584884515935,0.21603917390086808,0.2386086126493871,0.27310402420344077,0.26358643817966176,0.28252717580778414,0.1182048578303344,0.10796702130398708,0.12827303974159648,-18.303090606875365,-20.360862133217392,-15.980370598626838,66.40457180798691,63.699595594378934,69.37690595614093,-0.04859024867724868,-0.04912169312169312,-0.04796812169312169,-0.9904399917583063,-0.9907399759391359,-0.9901491420000835,benefit
circle,0.4,34,50,1000,0.679065534612236,0.667137169984532,0.6901660570548449,0.2705535632425881,0.26698459922187007,0.27396091014444807,0.127278572149779,0.12285456051891558,0.13158211998595987,-67.3617368748688,-68.25664888605039,-66.48442496181694,21.415280375550573,19.899098759146803,22.95438496903469,-0.049997497354497364,-0.05,-0.049989417989417986,-0.9882784722543279,-0.9887557597042023,-0.9877671145130297,benefit
circle,0.4,44,50,1000,0.25523885298065,0.22615185586981118,0.2868410516625326,0.2780376097007802,0.26633102510460016,0.28952422489074525,0.17460691200486206,0.16716482656665546,0.18204593271762703,-12.831067916702759,-16.485193162280183,-9.318220737071098,39.249333346608175,35.049267887504655,42.842379794993995,-0.0325655291005291,-0.03749986772486773,-0.0277234126984127,-0.9915931609303563,-0.9919049159236387,-0.9912792415972014,benefit
circle,0.4,56,50,1000,0.19992523808388502,0.13548192808326628,0.26413763459311984,0.23929982070653927,0.22713824391554346,0.2522710978580334,0.16988669616867613,0.15990329175783496,0.17928351109455157,9.578791919425264,1.3672338221976195,18.701606454592007,37.263370982621296,29.862459953496916,45.55529127112357,-0.02213992592592593,-0.036938888888888896,-0.0035321428571428604,-0.9912494798107407,-0.9915499373199589,-0.9909680776314327,benefit
circle,0.4,68,50,1000,1.4351966894161314,1.3910587655424476,1.4789626496928767,0.09489469374436135,0.0864782873052567,0.10405609517689109,0.05112412161182248,0.04229505518200146,0.05980281207336832,-51.067629818571135,-52.79000054404278,-49.27922651540388,-21.787402408649868,-22.645307407336986,-20.830457183463356,-0.04999749735449737,-0.05,-0.049984126984126985,-0.9891641325939661,-0.9896450922839412,-0.9887024685478286,benefit
square,0.2,0,50,1000,0.14232114453449338,0.1366355045102252,0.14791907823579453,-0.5911896939916831,-0.6175156293750392,-0.562363833628269,-0.2772380059374594,-0.2997509469190771,-0.2540173376537481,-31.23098347684251,-33.723375293443276,-28.71036801491495,14.656241786741925,13.923902006693739,15.334444772688538,-0.04451115343915345,-0.046206746031746036,-0.042549735449735455,-0.998492159752091,-0.9985748419480857,-0.9984050994634557,benefit
square,0.2,8,50,1000,0.18143296478440651,0.16478197697072547,0.19602415633101902,0.9673738250271934,0.9628319855635071,0.9719917331175078,0.8735170872809146,0.8614584768898012,0.8853786610275508,-64.14109179429526,-65.61566520480815,-62.456472728732464,-37.779790992669064,-39.50840308675028,-35.93612533873843,-0.04999110582010583,-0.05,-0.04994179894179894,-0.9974155093485596,-0.9975355625706868,-0.9973037241977946,benefit
square,0.2,18,50,1000,0.15986304215613342,0.15303455268366664,0.16642343041388716,0.9939582697956286,0.9931055917647903,0.9947847733736109,0.9702391498551558,0.9656913469887517,0.9746922624967553,-13.664748966330086,-14.426554145168645,-12.865974397473334,-12.905063422166709,-13.804613884764498,-11.781430599837973,-0.018046550264550265,-0.02178915343915344,-0.01430132275132275,-0.9963628776722531,-0.9968161217139665,-0.9958953775177628,benefit
square,0.2,26,50,1000,0.06662599623257094,0.06045371376530216,0.07280639362928498,0.9959704666261394,0.995623784724665,0.99630193544385,0.9823278046089552,0.9804327376022433,0.9838443970457106,-7.336693303282123,-7.861870876123864,-6.8217403820997395,1.9577834529074072,1.4149225858180263,2.5806637157882144,-0.027551312169312173,-0.029873015873015874,-0.025285052910052914,-0.9918437694208839,-0.9920730941698359,-0.9915969657806265,benefit
square,0.2,34,50,1000,0.11490313780415082,0.10167334735353592,0.12934985563477538,0.9803357188807952,0.977674283267472,0.9828778521454429,0.9455294618557173,0.9401114092145118,0.9504091270086377,-5.9282564238671345,-6.5808238839369295,-5.347664816492447,8.037470274999977,7.532830874201725,8.504382684169558,-0.00422510052910053,-0.012249603174603177,0.003487169312169308,-0.991983114787005,-0.9921934268254635,-0.9917803800036571,benefit
square,0.2,44,50,1000,0.14005198677896663,0.13395740703146844,0.14611110330393567,0.9865103692109707,0.9852711602424986,0.9876483581696235,0.9657710470636488,0.9637492458645996,0.9676673851745137,-7.622611288246131,-7.927083043100106,-7.313216734367839,-1.7868606778508616,-2.3427612885924267,-1.2477047386324644,-0.021280518518518518,-0.02376203703703704,-0.018555423280423287,-0.9945696998118917,-0.9947220113380337,-0.994414310479598,benefit
square,0.2,56,50,1000,0.27821405216337824,0.27251741325959344,0.28390335558606805,0.9838323519928213,0.9826251939499934,0.9849407260472458,0.9612300715027107,0.9593996706693887,0.9630062905533233,-8.569125615833798,-8.777845247898282,-8.35287893542083,-10.402235697704644,-10.840742745472232,-9.986629069497607,-0.030763698412698413,-0.03215886243386244,-0.029257671957671958,-0.994006817133411,-0.9941195747564002,-0.993883466344005,benefit
square,0.2,68,50,1000,0.29968625954550476,0.29346055148109496,0.3054321649383011,0.9717593703146532,0.9700997667275179,0.973293410444945,0.930939421298378,0.9285970484879383,0.9333022441015668,-9.850287172117605,-10.029970739524664,-9.658844927666998,-1.3527362460893801,-1.8966552319304066,-0.8187102847217987,-0.03804773015873016,-0.03832817460317461,-0.037698412698412696,-0.9953127802453737,-0.995442536518388,-0.9951719905311157,benefit
square,0.3,0,50,1000,0.007185140023675049,-0.0004369618537190838,0.0153490841047761,-0.36271750792475616,-0.41628496895768907,-0.3066429956815022,-0.3587622004699878,-0.40457865120309316,-0.309556425155244,35.989763897142765,31.374048571143106,40.80503827522757,15.184185040056795,12.35031658507918,18.022828963243693,0.0388886455026455,0.027844841269841266,0.04940780423280423,-0.9905095219666399,-0.9914421987630535,-0.9894531875984741,benefit
square,0.3,8,50,1000,0.25683025106202184,0.243268628247177,0.2697231160231213,0.9317046202547714,0.9170011585131346,0.9458482216519917,0.7917387910251686,0.7725567165403209,0.8104840068098059,-62.519543895153035,-64.35219531717019,-60.270408664695175,-35.56640388392451,-37.62961974175465,-33.36252916838875,-0.0499972962962963,-0.05,-0.049989417989417986,-0.9951533935627763,-0.9954510575657451,-0.994828229014656,benefit
square,0.3,18,50,1000,0.2518943522842651,0.24487072864996667,0.259212074408566,0.8495111179786045,0.8384144957594314,0.8603118720640768,0.6359259264904888,0.6168785694328643,0.656401177872568,-26.120556782294077,-26.998503400901743,-25.221856126275892,-14.901958004104815,-15.728630167988612,-14.140326034310622,-0.04747742857142857,-0.048254100529100535,-0.04656600529100529,-0.9835950726355739,-0.9841426957813938,-0.9830566956694429,benefit
square,0.3,26,50,1000,0.22104637608258595,0.21253054832857018,0.2292978521190273,0.8026168868101049,0.7897619594971079,0.8145857733758389,0.696506306592509,0.6814078279816375,0.711213823907314,-20.76501438267733,-21.441010602708946,-20.02306740940815,-10.98999740585304,-11.762641607652526,-10.236794099695576,-0.0027111904761904777,-0.0059417989417989425,0.00012698412698412126,-0.9758941163062814,-0.9765269647468733,-0.9752684151208746,benefit
square,0.3,34,50,1000,0.18558180958154338,0.17689276219625316,0.19465820598540418,0.6489964802549316,0.6363731080329972,0.6615824887463004,0.5438989913150658,0.5297272619709738,0.5577829964431437,-10.057004457407183,-10.600544640373492,-9.52289097107786,6.987697185450397,6.52618876181502,7.444790736117674,-0.039281031746031744,-0.04054537037037038,-0.03799457671957672,-0.9684948979753167,-0.9691075353038102,-0.9679156757855357,benefit
square,0.3,44,50,1000,0.21778321729045932,0.20784599655442904,0.2276348500132211,0.6650832339526083,0.6494680725879043,0.6798983966766529,0.47217987576997666,0.4549952027888713,0.48978304790534116,-11.895929351393788,-12.393567111176294,-11.393409871183854,-3.1398619082063943,-3.6742471658898177,-2.5679476739209544,-0.023896312169312168,-0.026720634920634923,-0.02083055555555556,-0.9736688435209848,-0.9743493143895466,-0.9729802522244471,benefit
square,0.3,56,50,1000,0.44613397232700325,0.4348785436775955,0.4577698071074005,0.6138700234313788,0.5954642052782744,0.6321294926968368,0.4952172178478671,0.4791075319833066,0.5128024808265551,-14.787075100562415,-15.196035370343585,-14.368491534999984,-16.938720124867874,-17.322749886945818,-16.532457014364347,-0.03590895238095238,-0.03744444444444444,-0.03416917989417989,-0.9753643865921074,-0.9759581082731164,-0.9747726259416046,benefit
square,0.3,68,50,1000,0.43131787186848874,0.42016418352324153,0.44295344789697116,0.5603535083978473,0.5417299279548252,0.5805722159443194,0.4906962297590038,0.47071511611861266,0.511767256975902,-13.566598231954659,-13.90579130434576,-13.238672856445582,-5.636424246042066,-6.19941707384388,-5.117532691260095,-0.038043015873015874,-0.03855555555555556,-0.037491931216931215,-0.9780660833461104,-0.9787793405560039,-0.9773446474126094,benefit
square,0.4,0,50,1000,-0.02042563460850465,-0.026996476276910535,-0.014271865394101918,0.5112800220274306,0.502814344615912,0.5197856915959629,0.3721492483006913,0.36459969844253837,0.3798494379542358,73.60537526541312,67.95975667068736,79.35668310502962,220.9039740922917,215.97095426037788,225.8084307106729,0.0477001216931217,0.037290343915343915,0.05830873015873016,-0.9953731691928625,-0.9954911146844283,-0.9952520636293013,harm_cost_dominance
square,0.4,8,50,1000,0.19825049742487016,0.18587205225722667,0.209712812445575,0.4708378169738652,0.4608820286424202,0.4801637792930639,0.3168668097764921,0.3064542015193202,0.32728757211507903,-44.20355261448957,-46.82156844148732,-41.16053499219351,62.00885246436714,56.48725414856865,68.01363920861077,-0.049368476190476185,-0.04974074074074074,-0.048873015873015874,-0.9949593493892779,-0.9950817796804742,-0.9948417223692038,benefit
square,0.4,18,50,1000,0.3787413716497854,0.3703341406096054,0.38650048327228975,0.6006156941119359,0.5811392549261301,0.6199990376299862,0.4112154696991486,0.3935483331236674,0.4292401140220109,-42.64804044710904,-43.45083698792246,-41.83721346788353,-12.200566421526968,-13.991805379879864,-10.368610988133598,-0.04938946560846561,-0.04973015873015873,-0.04898941798941799,-0.992592631368188,-0.9928748596204647,-0.992305437233773,benefit
square,0.4,26,50,1000,0.45658570361016076,0.4464355664427044,0.46602757267981165,0.36848368179759494,0.3500815311818947,0.3838570039744247,0.20188787018911286,0.1839989311404623,0.2182180302586427,-39.02685079253082,-39.77117461779985,-38.2507451254874,-14.907610126411768,-15.834316480865557,-13.96786860812459,-0.03818842328042328,-0.039936904761904764,-0.036348941798941804,-0.9897614839239904,-0.9901414448863223,-0.9893265698687936,benefit
square,0.4,34,50,1000,0.5727365371266353,0.561015203701656,0.5858840173838801,0.2858925941895277,0.27819496353080975,0.2944207552187513,0.1606265024171213,0.15354333437731993,0.1683536735082599,-37.55448977850734,-38.475652149197806,-36.720927409256596,-2.308163802539559,-2.822890238402673,-1.7811844675510196,-0.04321933333333334,-0.04462976190476191,-0.04184589947089947,-0.987137995928624,-0.9873564581835971,-0.9868963068105404,benefit
square,0.4,44,50,1000,0.5192259336496174,0.5018161453661886,0.5362524060623424,0.22910063117815196,0.20977274444122013,0.25043644174699725,0.141020852384965,0.12986870587159755,0.15344730137425064,-28.00983792395152,-28.724881467567148,-27.272683333337813,-8.412809859130574,-9.155894619473557,-7.657775826598473,-0.03182532275132275,-0.03591071428571428,-0.027507275132275133,-0.9896254706374084,-0.9899097194691238,-0.9893260740502006,benefit
square,0.4,56,50,1000,0.8843541138508313,0.8716093639726256,0.8979501182552786,0.18202534031818582,0.17393318515835596,0.1901229371693401,0.11136986195614115,0.10521996300124632,0.11813302287075357,-32.997893864905,-33.54489421607039,-32.49109772644989,-28.99885561918959,-29.57415476635809,-28.45004924578757,-0.0462580582010582,-0.047444708994709,-0.04500462962962963,-0.9914846299132728,-0.9917002851714798,-0.9912753419944657,benefit
square,0.4,68,50,1000,1.0705977247663019,1.049065738618494,1.0923296431010432,0.08935884089699891,0.07802843871011943,0.10131529445682287,0.026579290378833356,0.013363819503494955,0.04071499670623536,-31.76786441731784,-32.531558510044825,-30.990970874188207,-26.403160458780597,-26.963048813059434,-25.818797258759336,-0.047234899470899476,-0.04834920634920635,-0.045978306878306875,-0.9908195837805516,-0.9910438229347739,-0.9905993508348298,benefit
lemniscate,0.2,0,50,1000,-0.09179581965905104,-0.09654365845116675,-0.0873781497698983,0.017669917866937737,8.001024260455175e-05,0.035524271203535907,-0.016082410250027886,-0.02880047898324423,-0.0015137852883892041,42.85496079169026,40.143821275096705,45.64967417680232,47.721491492091765,39.77691504497157,56.25330773561879,0.1596868783068783,0.14482619047619047,0.17568518518518517,-0.990873065381206,-0.9910580140171197,-0.9906778323771823,harm_cost_dominance
lemniscate,0.2,8,50,1000,-0.4826819552914256,-0.5829242936834426,-0.38384650604781706,0.9868505781339707,0.9848020637710726,0.9886478503591738,0.9284510711024297,0.9187732037083348,0.9375578562912005,104.82525470795622,83.35073097722686,126.86254456947057,784.427047038892,641.7889316282992,942.083647743608,0.4623318994708994,0.3715777777777778,0.5521964285714285,-0.9891900214927657,-0.9894874282679594,-0.9888901510430851,harm_cost_dominance
lemniscate,0.2,18,50,1000,0.17522665997973905,0.1484082403796846,0.19555988353599305,0.9943372486024237,0.993495244656723,0.9951424801839568,0.9800512421992655,0.9782370385852568,0.9816822823070711,-20.729838685193325,-23.040028978152485,-17.723571735110223,13.578081252274401,-25.448822495536422,62.03176020247009,-0.02122774603174603,-0.03503716931216932,-0.0028222222222222286,-0.9927381611536658,-0.9929454591924779,-0.9925150779997662,benefit
lemniscate,0.2,26,50,1000,0.2487070356824496,0.2404177551302695,0.2570263025444478,0.9904140677372504,0.9889312037696827,0.9918131931394115,0.9782442001829261,0.9753832575382547,0.9811292391711451,-20.376896986811342,-20.93505978942536,-19.833289724187633,-41.10931141021618,-47.1496519377573,-34.966106655767874,-0.04454272486772487,-0.045698677248677246,-0.042744576719576724,-0.9945123165710573,-0.9946376968843174,-0.9943832766045608,benefit
lemniscate,0.2,34,50,1000,0.21696531741845912,0.2037262689834871,0.22994023012122772,0.9230311077342265,0.8910704026410085,0.9454908673494897,0.8741803738031588,0.8360391686398682,0.9009559562963422,-13.706782612308144,-14.479164581927016,-12.914984485312365,51.716148015654205,33.05776190310049,71.58397242324517,-0.019121174603174605,-0.02326560846560847,-0.014956613756613762,-0.9907021363501698,-0.9909674749614693,-0.990417275240642,benefit
lemniscate,0.2,44,50,1000,0.2920169422295205,0.262709813920306,0.3318170270372329,0.6557955348102936,0.5820447284739981,0.7240547229467235,0.5268908826394971,0.4309300502477376,0.6129818524640247,-13.911731677294767,-15.799014438998249,-12.470170297869513,36.6636153288723,25.6863744788907,47.922760294906034,-0.03436197354497355,-0.03752910052910053,-0.03075634920634921,-0.9906281743668051,-0.9908856437370549,-0.9903633543982556,benefit
lemniscate,0.2,56,50,1000,0.30829541096029833,0.29096317934925975,0.325308400662565,0.8122045862547638,0.8004266515485746,0.8239669059453036,0.7056695257698813,0.6881389987874565,0.7231721067455865,-11.889750737528455,-12.491148973555335,-11.279644501400377,-12.778747547776577,-15.091194615541722,-10.454847803696177,-0.044792439153439154,-0.04586269841269842,-0.04358201058201058,-0.993046406760925,-0.9932569115328121,-0.992845823507122,benefit
lemniscate,0.2,68,50,1000,0.31909931115782386,0.28836573576158486,0.3521680626873712,0.7890861195168329,0.7747474855449102,0.8026769342883974,0.5947386231396145,0.5751447597577439,0.6155540360879491,-10.454669019279168,-11.455856457068986,-9.509908005926855,-8.871590942994153,-11.990023229172722,-5.724161265097072,-0.04519777777777778,-0.04666150793650794,-0.0435765873015873,-0.9925459858286365,-0.9927404902526327,-0.9923489414570692,benefit
lemniscate,0.3,0,50,1000,-0.13017515117892167,-0.13769011987057198,-0.12252354744849117,-0.18828310396520953,-0.22530409906922746,-0.14855874895562568,-0.09548708961124454,-0.12276461086778247,-0.06544398778122099,55.606982616446025,51.611356679452456,60.14580293819084,51.671943928207405,43.56127969841256,60.34519819691062,0.22242420634920637,0.2083596560846561,0.23577738095238096,-0.9666855426163324,-0.9674996846182842,-0.9658699814790185,harm_with_local_reversal
lemniscate,0.3,8,50,1000,-0.6577895858246133,-0.7285813670606862,-0.5763793672728009,0.7895026658390877,0.7634573188818494,0.817390597211741,0.5484250534803289,0.5087264901842083,0.595409453478974,138.92290373283166,121.84273054193827,154.0377612030827,740.906577085516,645.8573404531967,842.9252231329205,0.6536886084656084,0.5777025132275131,0.7220489417989417,-0.9847797013615043,-0.9862608511110738,-0.9832252885670882,harm_cost_dominance
lemniscate,0.3,18,50,1000,-0.25521366815520147,-0.32880025030835996,-0.1712829620822466,0.8811856517487149,0.8588473239260118,0.9027076622463822,0.7891279920183013,0.7548802509390874,0.8235808754013016,27.271015960327027,18.319463990449236,35.5636470138286,710.9341283790278,604.5840875506464,810.9004849887287,0.3504960211640212,0.2809537037037037,0.41350291005291007,-0.9841239645985901,-0.9854235743224848,-0.9826056633142366,harm_cost_dominance
lemniscate,0.3,26,50,1000,0.34321469040878755,0.3332926673353015,0.35312037428932597,0.6278833484043278,0.6093582254014093,0.6471222814225541,0.5680418022097568,0.5482532359102252,0.5886894795152912,-28.16369286075908,-28.840286264023717,-27.493629447288267,-33.92666636607137,-40.7547655300825,-25.979680167227166,-0.04681704761904762,-0.048052910052910056,-0.045465608465608466,-0.9722024262558311,-0.9729575692670798,-0.9714100357633162,benefit
lemniscate,0.3,34,50,1000,0.33467723544705247,0.32155021796278127,0.3479947065317977,0.5482656018254091,0.5163765905081511,0.5799771351852037,0.48489504015052465,0.44724365927688375,0.5190709272267073,-21.25798265065781,-22.02334849298872,-20.482745831481346,52.424790911860526,30.406672649351613,76.07928285402195,-0.0440617671957672,-0.045465873015873015,-0.04261891534391534,-0.9764954118782491,-0.9789283070514878,-0.9741312215295701,benefit
lemniscate,0.3,44,50,1000,0.5015040323438583,0.4647513781152899,0.5417658548948945,0.49233703756123826,0.4367669143105502,0.5425997204103206,0.406547084565467,0.34065973601967037,0.465951619336599,-24.252771728209648,-26.146210376983262,-22.46836378452272,22.619157074405077,12.331132548959136,33.66128171001685,-0.0471596455026455,-0.04820648148148148,-0.045941402116402116,-0.9793446121245618,-0.9813871977380553,-0.9774487711422444,benefit
lemniscate,0.3,56,50,1000,0.43215858858774525,0.4157548542003132,0.4476693074752514,0.6005680905007644,0.5848294853480644,0.6172333234300174,0.5034170736249305,0.484777772144876,0.5211705539934661,-16.9838056532564,-17.54173905774486,-16.40716382130352,-21.631467913792513,-24.503206552665223,-18.65105854490537,-0.04666771957671958,-0.047703835978835984,-0.045523015873015875,-0.9757670084286162,-0.9763495228066379,-0.9751526042966406,benefit
lemniscate,0.3,68,50,1000,0.5380334887648149,0.49833299986316953,0.5767696226448594,0.5739429171666054,0.5481682084709961,0.5996596772906423,0.41354036501533165,0.38420355756971697,0.441468421323498,-17.550013665858533,-18.73571965722265,-16.345977729446904,-16.81982415346455,-19.033760596366793,-14.34314296247979,-0.04745806878306878,-0.04851362433862434,-0.04622738095238095,-0.9763415205247687,-0.977092104444238,-0.9755700628102939,benefit
lemniscate,0.4,0,50,1000,-0.12047061682512747,-0.12568842472290898,-0.11499879167336713,0.44211260358098686,0.43141837176704767,0.4534549101906329,0.3164941337086119,0.3089763750203154,0.32476780884390666,54.52983609516751,51.39359123335375,57.463797827480334,70.54284844599684,62.89006434595679,78.51083251877733,0.19275306878306878,0.1830792328042328,0.20297989417989418,-0.9855502385569175,-0.985812066286946,-0.9852683014963354,harm_cost_dominance
lemniscate,0.4,8,50,1000,-0.5593731628069063,-0.6602534349681093,-0.45939515455993507,0.6602447233747144,0.6084436223524309,0.7166940813660151,0.5324551997230176,0.4673483315796042,0.6051409808925582,118.5821062472693,97.04062925972507,139.67453006404892,754.6921113374946,640.8752645612858,882.8737462357412,0.5620884074074074,0.4663560846560847,0.664693253968254,-0.9917520208153093,-0.9921211512803545,-0.9913586340886721,harm_cost_dominance
lemniscate,0.4,18,50,1000,-0.24260252194169993,-0.3336675053483867,-0.14612488656594808,0.6541602669781953,0.6332686538723186,0.6758916201115541,0.3967093386078931,0.37726435011182835,0.41342920396362787,23.44481456326021,12.702944243094063,33.67334628898645,749.4410116288219,636.1021694521557,855.6564572243108,0.3826108201058201,0.30343637566137566,0.4556800264550265,-0.9915231862586825,-0.9919464414977236,-0.9910633041340636,harm_cost_dominance
lemniscate,0.4,26,50,1000,0.45262148393963364,0.4435816706625456,0.4614049876929544,0.2787211550830601,0.2648506412410405,0.2927909915867688,0.1362795715124127,0.12290178919488846,0.1496028448754349,-37.06954364334393,-37.61647063923804,-36.48752056511503,-36.05687251770064,-41.80841959430517,-30.26093118011512,-0.04955525396825397,-0.04985714285714286,-0.04915859788359788,-0.988569950229591,-0.9888301759123462,-0.9883056457654537,benefit
lemniscate,0.4,34,50,1000,0.5925049441930303,0.5706332149565638,0.6095418845528441,0.12387713265521205,0.1155745671667926,0.13222768251379743,0.023466386819182204,0.013765405385378536,0.033413080981849266,-37.346088829538495,-38.38623337987431,-35.996746447105764,-34.99451982739505,-46.87423403554046,-18.034868935960482,-0.04901986243386243,-0.04957671957671958,-0.04835965608465608,-0.9862668218790663,-0.9868251976341496,-0.9857893680514538,benefit
lemniscate,0.4,44,50,1000,0.7318217880122444,0.710700794746287,0.7512907831249123,0.20754454662598748,0.19495587066085537,0.21878163023781286,0.12733240731398865,0.11548089429066671,0.1392586571968688,-35.56666670243036,-36.48540226689231,-34.54526285248619,36.95727339277101,25.6045120092748,48.05074171401548,-0.04982525396825397,-0.049978835978835984,-0.04960317460317461,-0.9932098975708831,-0.9939350017818748,-0.9923650969646627,benefit
lemniscate,0.4,56,50,1000,0.6544949440971909,0.6326635734077297,0.6778678591017557,0.23963937456803747,0.22952073511310903,0.2485554085508298,0.16405965476069106,0.15535219811428147,0.173589132619293,-25.603565494267226,-26.42946647943056,-24.83431714803648,-28.280019885709866,-31.740822819145695,-25.03234065075484,-0.04989693650793651,-0.05,-0.04971957671957672,-0.9890845079963969,-0.989401519086959,-0.9887915091690387,benefit
lemniscate,0.4,68,50,1000,0.9079564048293871,0.8775007803011861,0.9398488875317962,0.19538931723204112,0.17924824997409108,0.210996599065369,0.10919632201392579,0.09642622012573424,0.12199381604319479,-29.41351275427748,-30.307405055063352,-28.564974670039337,-34.430825584712935,-37.56282914170698,-31.53546592527435,-0.049974301587301595,-0.05,-0.04990476190476191,-0.9882183349222898,-0.9885948356154518,-0.98787300859814,benefit
zigzag,0.2,0,50,1000,0.22445013042093234,0.18466662411105533,0.26810109677619487,-0.06983686310672738,-0.12371564652859764,-0.009548502231411954,0.04942963291695061,-0.010584070726627566,0.1111557499233084,-6.255189119152845,-8.597351783650277,-3.668881704712222,10.041968129599784,7.544308566623196,12.295381519577484,-0.04499528571428572,-0.04793650793650794,-0.041073809523809526,-0.9932300373461271,-0.9936253006134844,-0.9927772023046728,benefit
zigzag,0.2,8,50,1000,0.04106505904346112,0.007937740056631948,0.07201367176293755,0.7992382366442234,0.7878282703241997,0.8109313215610484,0.7317014506596361,0.7125822748858025,0.7501338423134434,-2.4017233691035402,-5.625722122412275,1.1985978176768726,-1.5103425222239806,-4.207915990660303,1.216364796055453,-0.012315708994708997,-0.03195859788359789,0.013920899470899457,-0.9937587334203963,-0.9939778627514695,-0.9935595569009471,benefit
zigzag,0.2,18,50,1000,0.06359076320878805,0.04086736902189313,0.08927371171835834,0.6664886538010644,0.6321269903439909,0.7016830059938739,0.806380650032466,0.7842579865482094,0.8297874271188531,-7.616302102705417,-10.041388408290175,-5.287372009450843,-8.589013510301957,-17.078417156330055,0.11548413349482885,-0.0021318253968253984,-0.0161537037037037,0.011374206349206346,-0.9941913686205498,-0.9943763946199159,-0.9940085873181354,benefit
zigzag,0.2,26,50,1000,0.13318662524405717,0.1215223541960068,0.1456848580086367,0.853551667408574,0.8241798472072015,0.8823851126502147,0.8841987273920924,0.8611562583088618,0.9072999386997624,-10.239845953972223,-11.110739289623872,-9.511461824122827,-29.700239001478753,-31.63750818748944,-27.779144014819792,-0.03606885185185185,-0.03772050264550265,-0.03416891534391534,-0.9922786740581412,-0.9924834335367206,-0.992072331460861,benefit
zigzag,0.2,34,50,1000,0.1392902013045167,0.12489066638577463,0.15287629724597976,0.9534783937776595,0.9428650111747191,0.9613789646099369,0.947981101007926,0.9348556784239853,0.9573712913329435,-6.280728941161127,-6.833305242406668,-5.685417035268133,-1.5112625546938565,-3.2089938317039928,0.2847442119399707,-0.0063829894179894195,-0.008429365079365082,-0.004158068783068785,-0.9938026434054343,-0.9939215911548259,-0.9936787229742108,benefit
zigzag,0.2,44,50,1000,0.1962788971007297,0.18291137610465422,0.21010163996281617,0.9561818795310053,0.9525668046217403,0.9596825492860787,0.8941523913063731,0.8846511557798825,0.9032799199756729,-7.610533944217714,-8.068303816417272,-7.157964458214499,-1.9749884838051874,-3.867110437408143,-0.21690668170919447,0.006251994708994708,0.003782142857142851,0.008576851851851846,-0.9937542356776541,-0.9939176381640504,-0.9936004861803781,benefit
zigzag,0.2,56,50,1000,0.20555818593451455,0.18746660355640127,0.2231478746865411,0.9456965116634226,0.9430523774563507,0.9481552419432645,0.855967972546704,0.8491547032010766,0.8631628011672946,-6.1424527647801535,-6.615057696857555,-5.637295966686913,-5.457973489308089,-7.375690737620823,-3.660308383794788,-0.011095301587301588,-0.012640211640211639,-0.009592063492063497,-0.9939702744899341,-0.9941333284022075,-0.9937970589660144,benefit
zigzag,0.2,68,50,1000,-0.0074825709069690945,-0.051305980196708026,0.03559142992732726,0.76113357316284,0.7499977770397136,0.7728225172735131,0.6319529764292247,0.6184896458260507,0.6465368914837046,2.440061724774942,1.0860303529931898,3.750994626947143,-8.999383709698384,-11.338626398210318,-6.466695928714899,0.006673026455026454,0.0008305555555555526,0.013087169312169312,-0.9937528132095514,-0.993942242400765,-0.9935684594854646,harm_or_neutral_unclear
zigzag,0.3,0,50,1000,0.21607840286715022,0.1679374115430078,0.26461937664894275,-0.03773791151797524,-0.07266779758124692,-0.001529823670467801,-0.1353720801747651,-0.17018171424354683,-0.09926599581187813,-6.584189628645246,-8.604716465459676,-4.493623784145271,4.908671133833785,3.301538262612181,6.423908423639725,-0.04032593121693122,-0.04460886243386244,-0.03518320105820106,-0.9923055599778876,-0.9926097765464124,-0.9919854196397474,benefit
zigzag,0.3,8,50,1000,0.006740451829573532,-0.033011044940617615,0.04704084993736091,0.5877760239709876,0.564806327564192,0.6129398906414205,0.5699499210449439,0.5229723802903847,0.6176706245743252,-3.5700072894863295,-7.253677151426408,0.22971766142993633,-1.9036904984666707,-4.456501746164657,0.5366051193042202,0.006717931216931216,-0.014435582010582015,0.030637433862433866,-0.9928606156177096,-0.9934251792602853,-0.9923149640201813,benefit
zigzag,0.3,18,50,1000,0.10292758684806103,0.08087439887864625,0.12417109813007574,0.2704132104108104,0.15252372928568653,0.3815711861385001,0.41099367771539347,0.3396159599610426,0.47992493051147656,-7.685341441198442,-10.256051066016779,-5.178574079206184,-14.169572380324007,-21.263441138124826,-7.595084559801064,-0.004326375661375662,-0.015445899470899471,0.006921164021164017,-0.9858234784370111,-0.9870630591322105,-0.9844839735168655,benefit
zigzag,0.3,26,50,1000,0.2644538874286124,0.24895373951197566,0.27896476121918057,0.575685266702656,0.5491537661932604,0.6027571403514959,0.5837392798968778,0.5634933624266597,0.6045686700635887,-19.475530784489884,-20.895928817894312,-18.152863254548006,-47.125417410814876,-49.76096446084627,-44.626412781774064,-0.043878227513227515,-0.0451218253968254,-0.04256600529100529,-0.9796417127768355,-0.9808422022673077,-0.9784897992136161,benefit
zigzag,0.3,34,50,1000,0.23827407713450324,0.22338410746169066,0.2534598403678536,0.5984026104750225,0.5835104483850087,0.6129705038782872,0.5307295669930644,0.5152295805478811,0.5456797486231086,-10.855507688228933,-11.480682382319873,-10.26872605648727,-12.398316931876225,-14.84339377887067,-9.986926296045388,-0.019638343915343918,-0.022270767195767194,-0.01707314814814815,-0.9738870721605307,-0.9746083155313137,-0.9731841574468539,benefit
zigzag,0.3,44,50,1000,0.27807715147112283,0.2630658991864057,0.29363590304315684,0.7020089527475787,0.6821225068576666,0.7209359263549533,0.6021916639510292,0.581263612423779,0.6224820552650436,-10.567751519521028,-11.08773165824054,-10.056988340928841,-8.25179074770096,-10.12982213835376,-6.393960713538907,-0.0009951693121693136,-0.0033813492063492056,0.0015038359788359737,-0.978774474211433,-0.9793781156057435,-0.9780886137175591,benefit
zigzag,0.3,56,50,1000,0.2955759184618646,0.27563630235136183,0.31656928786822547,0.7751326463646795,0.7606965453133913,0.7895225392101212,0.6410572138834774,0.6261439700838207,0.6560241729543795,-9.429223744495754,-9.989675508646572,-8.891070392980062,-6.244784361305387,-8.489242131517651,-3.8823137308029967,-0.014105714285714287,-0.01565634920634921,-0.012607804232804236,-0.9794690549886736,-0.9799196585780585,-0.9789996409195383,benefit
zigzag,0.3,68,50,1000,-0.16297645949690395,-0.1969018580684414,-0.12988632061088942,0.6977006278321712,0.6796215167059544,0.7149606354079774,0.5787965540602076,0.5587273774091448,0.5979542622670717,6.890741241622257,5.764556380830806,8.046096334709796,-6.296571483536854,-8.506943091992834,-4.1427306389223535,0.025657608465608467,0.01873465608465608,0.03253518518518519,-0.9799132473648468,-0.980585893230256,-0.9792220729114706,harm_or_neutral_unclear
zigzag,0.4,0,50,1000,0.23335950028533103,0.1952021310757655,0.2724093166698856,0.3466148420606879,0.32440806293152513,0.3684644454085761,0.29828244066813747,0.2842737793297127,0.31284012231962166,-2.6952386409293667,-5.413206239976949,0.20677381003667042,8.301168874234934,6.43462401846048,10.331277158915254,-0.04192367724867725,-0.04571455026455026,-0.03701018518518519,-0.9937161628801529,-0.9939031086029277,-0.9935148815022242,benefit
zigzag,0.4,8,50,1000,0.018335569418764627,-0.016040922230366676,0.053858715331215716,0.377980829714327,0.3609037759730776,0.39671037443322993,0.30201290773609524,0.27805755610553956,0.3286737741757139,-2.894267956508899,-6.410286473704453,0.8574476221708501,-2.1527206216774304,-4.163286593237355,-0.016653879177167274,0.010917243386243385,-0.0073244708994709045,0.030917989417989407,-0.9954559362796723,-0.9955996380829288,-0.995294149319974,benefit
zigzag,0.4,18,50,1000,0.1016697797082239,0.08011555530087236,0.12226346401815613,0.22515767421011207,0.16907612339887756,0.2867236758599886,0.297918386432513,0.27160769975814714,0.3257574066098604,-9.75890982847551,-11.703683129225343,-7.654667992980291,-3.6673656745596706,-11.950494471051357,5.250922224314912,-0.008185190476190478,-0.01642103174603175,0.0011431216931216898,-0.993346391279431,-0.9936527601219102,-0.993025999382892,benefit
zigzag,0.4,26,50,1000,0.3874488831685008,0.3724857443850797,0.4022599247588188,0.15271914663894715,0.13047288155986728,0.17528251773517636,0.08901554073750785,0.06593451036124003,0.11160681682188897,-30.168036511722267,-31.129417949490247,-29.278023536444472,-63.75389303461185,-65.20911255580191,-62.25580220811459,-0.04828362962962963,-0.04887314814814815,-0.047629497354497355,-0.9910155173272918,-0.9914413942982696,-0.9905770118461303,benefit
zigzag,0.4,34,50,1000,0.4975055711019971,0.47466527522834445,0.5208896460318272,0.13646185354962387,0.12517601299870812,0.14763855350085375,0.06743766335844242,0.056557588011088185,0.07781346267915894,-25.784695763106594,-27.02644937517444,-24.643308196464034,-49.827599429854516,-51.815052547522,-47.79351995426595,-0.043989317460317465,-0.04541798941798942,-0.042565476190476195,-0.9880682844863794,-0.988286807003917,-0.9878646700963055,benefit
zigzag,0.4,44,50,1000,0.45577639084245825,0.43106154860844875,0.4799368425389825,0.20132043684844514,0.17918959550388908,0.22060256608952158,0.15504305072989433,0.14015866608491015,0.16947336711081787,-17.497187672366984,-18.357845274820672,-16.625867716216614,-22.649932348157375,-25.284749346062135,-20.040801816910474,-0.005838137566137567,-0.009783730158730165,-0.001983597883597884,-0.9902131738150441,-0.9904334429558266,-0.9899897102534111,benefit
zigzag,0.4,56,50,1000,0.4943860133774741,0.47364974882326755,0.5172498387183401,0.26413784916880595,0.2476631767633856,0.2813033689390365,0.18892528910343998,0.17506754430307278,0.2024461039191014,-15.937612168656038,-16.558328960846325,-15.30245461220699,-15.563000226823464,-18.36801413265515,-12.739182294998168,-0.015797968253968255,-0.018365740740740745,-0.013347883597883596,-0.9914769922898343,-0.9916945778744489,-0.9912612371110578,benefit
zigzag,0.4,68,50,1000,0.0764927819985457,0.03898659487586089,0.11200687176686389,0.191344284701169,0.1755460837768798,0.20769044544440812,0.12165626682203043,0.10847786692101113,0.13480155803467953,-1.8939894937707573,-3.095534321969205,-0.6344300417006363,-22.16800698565504,-25.23715526826874,-18.933538963640142,-0.005619370370370373,-0.009673148148148148,-0.0009675925925925904,-0.9905919553934128,-0.9907909392233263,-0.9903908610319891,benefit
