traj,tr,delay,mc,rmse_honest,rmse_t3,gap_h_minus_t3,osc_honest,osc_t3,osc_change_pct,edot_honest,edot_t3,edot_change_pct,tail_q95_honest,tail_rate_honest,tail_rate_t3,tail_delta,tail_mse_share_honest,tail_mse_share_t3,energy_relief,abs_relief,vel_oppose,delta_perp_abs,delta_norm,raw_cos_vel,mechanism_class
circle,0.2,0,50,0.2791769509306524,0.3387480902324341,-0.05957113930178165,0.2451378766162526,0.24880649356071916,1.4965524687947598,0.014675605995337206,0.017586541504536136,19.83519801448371,0.5104914622594545,0.05,0.13105291005291006,0.08105291005291006,3.9470256399510313,2.870475156469108,0.5560404588078831,0.34523095468138754,-0.5951849949389888,0.04466476741821336,0.04733686198135032,-0.9938490978092708,harm_cost_dominance
circle,0.2,8,50,0.3312298034597301,0.29055873391605375,0.04067106954367633,0.28731325688326625,0.28698833077183106,-0.11309123531535556,0.015810529085148066,0.018858051214127508,19.275269741918,0.6167579089216568,0.05,0.022671957671957673,-0.02732804232804233,4.029935250789819,5.148420210287829,0.9809200932453525,0.9322267113329389,-0.6208687151776214,0.04044632363324384,0.043292275701002934,-0.9957188739769482,benefit
circle,0.2,18,50,0.5108834007588662,0.42339251788126264,0.08749088287760354,0.3928513389147824,0.3040303644432177,-22.60930934248534,0.01801028220594961,0.018606142858855878,3.308447064068453,0.8427387950897179,0.05,0.03179365079365079,-0.018206349206349212,3.430745082642288,4.706339721178801,0.9862391070327362,0.9499766488799086,-0.608892089129686,0.038429942767324095,0.04084364465919722,-0.996403981543184,benefit
circle,0.2,26,50,0.8031555164651913,0.7183966512596427,0.08475886520554865,0.6124159036548705,0.6027430268209651,-1.5794620577555707,0.02477324844761345,0.026890684939777997,8.547270240141065,1.4721370240956984,0.05,0.027121693121693123,-0.02287830687830688,4.228631688263611,5.023342050916187,0.9791269992436007,0.9305447639829693,-0.5337674878054205,0.050571932498282415,0.05541226210244815,-0.9939078095012995,benefit
circle,0.2,34,50,1.2253311221840357,1.0027584477077216,0.22257267447631413,1.0829991516128963,0.8221227591814201,-24.088328420453102,0.03632197914207081,0.031997357231727454,-11.906349853098163,2.229158264805185,0.05,0.014216931216931216,-0.035783068783068785,3.7533440611666595,5.300297280410014,0.9745353029273578,0.8948795372939911,-0.4898507648749715,0.053592580559691835,0.05992439155622499,-0.9936556782103801,benefit
circle,0.2,44,50,1.2445857055475191,1.483102084869074,-0.23851637932155478,0.9347140269161547,1.3149970960739379,40.684429483958986,0.027976697370407106,0.04101639374154475,46.60913401617069,2.217147061643372,0.05,0.14547089947089947,0.09547089947089947,3.5820821485152683,3.1455123805958114,0.9806553987473449,0.925376841690553,-0.3680964235094366,0.05287615516671756,0.06439951795951311,-0.9938597656378931,harm_cost_dominance
circle,0.2,56,50,1.8129162674356918,1.5356179148105065,0.2772983526251853,1.3179216800728002,1.0480426194702332,-20.477625088271893,0.034179521446523004,0.03026673329381887,-11.447755811068253,3.308160133630183,0.05,0.0029365079365079364,-0.047063492063492064,4.631012121996077,5.7959690261790815,0.9688427861146723,0.8780146781171452,-0.4787598968004723,0.03739061858209674,0.04136418682445019,-0.9953434023148273,benefit
circle,0.2,68,50,3.0508613080611706,2.777992121990666,0.2728691860705048,2.7716375519143743,2.534931665133128,-8.540290075723208,0.057481948485398365,0.05541313986336807,-3.5990579242800447,5.172529879841792,0.05,0.018375661375661375,-0.031624338624338624,3.118550840437192,3.6129146300483965,0.9830301866158858,0.9361594876109822,-0.20147674975558222,0.05178578068304948,0.07212864884028825,-0.9919855562939585,benefit
circle,0.3,0,50,0.2865408956977275,0.3160649458796109,-0.02952405018188342,0.25133215098406597,0.2887774483900106,14.89872953348083,0.015018124275035776,0.02887071564747685,92.23915795227154,0.5232982251123841,0.05,0.10091005291005291,0.050910052910052905,3.8955701855330522,3.733024807000512,0.41828447637443206,0.2900505945921239,-0.673319182121233,0.2566695352554446,0.27789840787477915,-0.9572420569673912,harm_cost_dominance
circle,0.3,8,50,0.34082742258757365,0.3358533920023994,0.0049740305851742606,0.3046084382085665,0.33118703757919377,8.725496748170047,0.01619764301865364,0.024117775793463348,48.896822613016624,0.6223264316077981,0.05,0.036365079365079364,-0.013634920634920639,3.8508332673123835,4.290300779378583,0.7148932457506555,0.5003599797990257,-0.6459257021605641,0.14016809710086262,0.1502053385155871,-0.9766407722060975,benefit
circle,0.3,18,50,0.5181153763940166,0.4739672740731111,0.04414810232090549,0.4127414919770232,0.42696225221416556,3.445439945712935,0.01878203599274545,0.025951421134795025,38.17150145190345,0.857480491269129,0.05,0.05750793650793651,0.007507936507936505,3.524389490337412,4.400055040963363,0.7444715823629656,0.5554708575562867,-0.6039055197905062,0.12165589883145826,0.132492209736414,-0.9804392222581997,benefit
circle,0.3,26,50,0.8090805346694077,0.667554733809044,0.1415258008603637,0.6243395136220364,0.5606256711922724,-10.204999209489921,0.025260650907117523,0.028876589001134326,14.314508787478713,1.4727152345804606,0.05,0.012761904761904763,-0.03723809523809524,4.212297917375974,5.896883741782112,0.6307617229811148,0.4810852215916889,-0.57711878096066,0.1325764839877906,0.1465573041379832,-0.9790268089465287,benefit
circle,0.3,34,50,1.2222377311370014,0.8932163444473997,0.3290213866896017,1.0818066996661226,0.7442956014375214,-31.198836015015907,0.03632398718199456,0.03316486394950595,-8.697071763001798,2.2194332387713076,0.05,0.00291005291005291,-0.04708994708994709,3.738512955886447,6.608574507361784,0.5849771913238632,0.41992478975429415,-0.5266837848699442,0.15079782391599333,0.17212435542346843,-0.9754053078135634,benefit
circle,0.3,44,50,1.2753186953914446,1.4687662258528729,-0.19344753046142826,0.9734719501458529,1.3347674675598296,37.11411688436154,0.02891641642338016,0.04363141939812028,50.888058737228334,2.2793515734799388,0.05,0.13017460317460317,0.08017460317460316,3.95170181627853,3.134142641132885,0.6571662590242159,0.5502286511172766,-0.3035315344695569,0.1306615410463671,0.16584776093402026,-0.9759913990741599,harm_cost_dominance
circle,0.3,56,50,1.7436086042404515,1.7509746623230567,-0.007366058082605154,1.2248009150097656,1.460790270036824,19.26756847866856,0.03231096975482819,0.040809140714784545,26.301194375088276,3.0363622255365867,0.05,0.07807936507936508,0.02807936507936508,4.457477771981338,3.854308507251449,0.6095458347679281,0.49550797739511027,-0.3227705437937792,0.10831891569289874,0.13452202062233204,-0.9810067106313825,harm_cost_dominance
circle,0.3,68,50,3.0534508996434933,2.4810737436556702,0.572377155987823,2.7932222413027588,2.2013073700725103,-21.1911126324831,0.057872560423457786,0.05056663729319389,-12.624157418783058,5.144858921103511,0.05,0.002195767195767196,-0.04780423280423281,3.09604002415546,4.44479927961879,0.6503454680791495,0.5474430631065759,-0.19684769806125257,0.11381075559521138,0.1568070344734419,-0.9780852953998894,benefit
circle,0.4,0,50,0.29199390107328943,0.29537592067767604,-0.00338201960438661,0.2547955759089008,0.2907489620059377,14.110679107611556,0.015120357888515455,0.04476457704207304,196.05500987587772,0.5364624353086271,0.05,0.0528994708994709,0.002899470899470895,3.915704499184187,4.332829944296571,0.5672966135777688,0.40772102524359766,-0.6899933764405976,0.5903629109545709,0.6745403131914857,-0.985890533890689,harm_cost_dominance
circle,0.4,8,50,0.34328205373251697,0.3480140491403337,-0.004731995407816714,0.309762811447293,0.3310958906995397,6.886907809399101,0.016320717863500638,0.0347314186688359,112.80570473790601,0.6238925937192442,0.05,0.060693121693121695,0.010693121693121692,3.8137913953237654,4.32690105554387,0.5219051647131544,0.36620209168689294,-0.6539425254267157,0.43853565443902714,0.4778725965215095,-0.9924216952744678,harm_cost_dominance
circle,0.4,18,50,0.512469354302712,0.3850279875319878,0.1274413667707242,0.38949028550062337,0.3719381698751839,-4.506432195820787,0.01842359224660856,0.03309501988773282,79.63391418971868,0.8578258081972242,0.05,0.018994708994708995,-0.031005291005291008,3.6077396171452043,6.229587255451409,0.6181795789657105,0.3923521962863535,-0.6365414476308396,0.4047523267169871,0.4380025517625639,-0.9925669245223956,benefit
circle,0.4,26,50,0.8053380692498205,0.5774539288072925,0.22788414044252803,0.620411708923694,0.506634709069652,-18.33895108963076,0.025077374954508867,0.04171530250102098,66.34636829425075,1.4711422899046736,0.05,0.0014126984126984128,-0.04858730158730159,4.274270434899889,7.2105710300246,0.2729065759152043,0.11803419963768906,-0.6528072417652291,0.5484921194889365,0.6219703481149778,-0.9904334735046092,benefit
circle,0.4,34,50,1.226248702059893,0.5468818973694001,0.6793668046904928,1.088026351479074,0.355007926014848,-67.37138530395698,0.036552072396274185,0.044365033125413164,21.374877583470806,2.224791333702523,0.05,0.0,-0.05,3.7419997591929124,0.0,0.27046582940318975,0.12734570130464878,-0.6825010975280387,0.5977259542461705,0.6810221063027493,-0.988272672316601,benefit
circle,0.4,44,50,1.268754410072316,1.012711761569068,0.2560426485032481,0.9680931196444369,0.8427093228006655,-12.951625654533434,0.028903187046160763,0.04020073228046475,39.087541508381086,2.2490691551705946,0.05,0.017343915343915346,-0.03265608465608466,3.899246156675367,5.768210553077093,0.2780055589848114,0.17460611343194624,-0.5662349374816419,0.43770993382414297,0.504690900784774,-0.9915912553581019,benefit
circle,0.4,56,50,1.7532701325219735,1.5535143542996104,0.19975577822236312,1.2476188613683126,1.3652394609591965,9.42760671811185,0.032858782622413214,0.04506927298707088,37.16050744971055,3.0982767817028316,0.05,0.02733862433862434,-0.022661375661375664,4.5912658539844085,4.681946285507798,0.2394446765199631,0.16996166468050042,-0.43233232044082237,0.4039730675974908,0.5034266552354635,-0.9912414323211043,benefit
circle,0.4,68,50,3.0660624071802776,1.6299918303321597,1.436070576848118,2.819629633956253,1.3786974830162841,-51.103596500284695,0.05842746194039522,0.04569349017416125,-21.794497558368334,5.14846763912055,0.05,0.0,-0.05,3.083430412749583,0.0,0.0946628965128812,0.05091221085426957,-0.4837450327384543,0.48472821784340253,0.6140250541543335,-0.9891561726421344,benefit
square,0.2,0,50,0.2626752973027709,0.12036569326220314,0.14230960404056775,0.14468546771291949,0.09943768206129483,-31.273206885636366,0.012129395642349524,0.013910076009584724,14.680701492423795,0.453891115307014,0.05,0.0054603174603174605,-0.044539682539682546,3.7637125520249315,15.87595593754056,-0.5909059652090349,-0.2768351163922648,0.09302750538076429,0.029876634018371102,0.03399891362662711,-0.9984907892937693,benefit
square,0.2,8,50,0.5213277728827862,0.33972203045207605,0.18160574243071015,0.5104130297403375,0.18280603254100408,-64.18468536458703,0.02299580521083008,0.014298507685886926,-37.821234981016765,1.0444626369959598,0.05,0.0,-0.05,5.231904776250027,0.0,0.9673372586555855,0.8734175515339679,0.24788721584130877,0.0297926472807007,0.03173998008109084,-0.9974154815298519,benefit
square,0.2,18,50,0.8372505568989991,0.6773140213372971,0.15993653556170195,0.7806976298755951,0.6739608171322479,-13.671978581543682,0.03679989176346069,0.032044418098679334,-12.922520792232147,1.6014303035554558,0.05,0.03193650793650794,-0.018063492063492066,4.807321021373122,6.217352809913177,0.9939733321194563,0.970354852971858,-0.0024211677551117593,0.04972598750035981,0.055555593492284956,-0.9963661251533515,benefit
square,0.2,26,50,1.1550700823930873,1.0883361346766511,0.06673394771643615,1.1375210996104108,1.0539602284541885,-7.345874391672173,0.04950556511037971,0.0504652054648671,1.93844944973026,1.7768879105938489,0.05,0.02252910052910053,-0.027470899470899472,2.8708700687573803,3.332672196532196,0.9959675293620236,0.9822988698397499,-0.3145594350358232,0.09172783071220052,0.10683290959652884,-0.9918445179012749,benefit
square,0.2,34,50,1.4703227951886537,1.3553353615980104,0.11498743359064334,1.401733959544223,1.318567721118812,-5.9330972085739715,0.04906596081100755,0.053011003929817925,8.040285064273993,2.2581638674024007,0.05,0.04573015873015873,-0.004269841269841271,3.047828892201654,3.480530204537797,0.9803803991941509,0.9456145803283584,-0.07761631121908126,0.0717293244593607,0.09398235037794683,-0.9919792935337388,benefit
square,0.2,44,50,1.8523359957812233,1.7123383669983576,0.1399976287828657,1.77309087873007,1.6379945598930743,-7.619255192022576,0.05416619086804958,0.053193590915181825,-1.7955849160947657,2.7307244399666475,0.05,0.02873015873015873,-0.021269841269841272,2.5527806674307048,3.002126392701791,0.9865538083163145,0.9658351756126623,-0.4572541964734064,0.05906548490380282,0.07064393578546825,-0.9945733898086503,benefit
square,0.2,56,50,2.5306858546376594,2.2525397892974106,0.27814606534024877,2.3394923139541377,2.139084383316961,-8.566300023374213,0.07119299250158513,0.0637846732984241,-10.405966855364337,3.4791865653965166,0.05,0.019216931216931216,-0.030783068783068787,2.4978896466049623,3.2946347005771477,0.9838282372719275,0.9612087624432805,-0.4533139965819646,0.05667178996602737,0.06600334996470839,-0.9940045174078029,benefit
square,0.2,68,50,3.198498415626716,2.898764487133741,0.2997339284929752,2.9776685220262635,2.684276306334243,-9.853085174580565,0.07742155297108445,0.07638072839305973,-1.3443602434583126,4.732740135668078,0.05,0.011941798941798943,-0.03805820105820106,2.7898605934032545,3.6784674715119254,0.9717905958073555,0.9310011152732162,-0.3471354331656212,0.04845146489847032,0.060018723062857146,-0.9953136875965939,benefit
square,0.3,0,50,0.2688194661809051,0.2615069671409857,0.0073124990399193734,0.15468166283070853,0.21018692379327697,35.88354297881927,0.012016154479590938,0.013839734851348953,15.176072966634614,0.4711386728857938,0.05,0.08895238095238095,0.03895238095238095,3.567945528654522,4.327473912766169,-0.3619334215451914,-0.3579000184767721,-0.21794385627277738,0.06189164831202572,0.07134864717650441,-0.99049315697362,benefit
square,0.3,8,50,0.5128746489802132,0.2557525086271289,0.2571221403530843,0.48223302109299304,0.18046216548897082,-62.57780832167514,0.022002994729738722,0.01416487182249032,-35.62298224931333,0.9874899690952479,0.05,0.0,-0.05,5.180237299472057,0.0,0.9317953330260881,0.7918714128995954,-0.11815536205212368,0.04540858864552742,0.048888925235388216,-0.9951551641592156,benefit
square,0.3,18,50,0.8428463413788854,0.5910039819236695,0.2518423594552158,0.7920552088654945,0.5852309814918325,-26.112349878949342,0.03714934995654833,0.03161634967195667,-14.893935670245599,1.6292534175588789,0.05,0.0025343915343915345,-0.04746560846560847,4.973161816443876,8.548583377868932,0.8494299702001971,0.6357121044567101,-0.11229237383482564,0.11013084962283749,0.12426389956236918,-0.9835789625944819,benefit
square,0.3,26,50,1.1695388766793322,0.9485977875585658,0.22094108912076638,1.1518690283304907,0.9128530897374653,-20.75027044865036,0.05010080844411673,0.044599333677953636,-10.98081036394797,1.7909917697601132,0.05,0.04724338624338624,-0.0027566137566137627,2.8472269606366085,4.723749093585687,0.8025079894660395,0.6963102586624256,-0.2686123750318193,0.15633653219055868,0.18562206670817616,-0.9758908723610551,benefit
square,0.3,34,50,1.4651650460291241,1.2794582028579493,0.1857068431711748,1.3954555746781554,1.2550524708073885,-10.061452791361598,0.049063573412964405,0.05249183457395036,6.98738579854481,2.2693515084504403,0.05,0.010693121693121694,-0.03930687830687831,3.0910904402547605,3.6320256537240434,0.6490309266453227,0.5439734021806004,-0.1735306495169967,0.16905749889532515,0.21732980742828925,-0.9685011443660885,benefit
square,0.3,44,50,1.8440587321497934,1.626280854521243,0.2177778776285504,1.7640820384427314,1.5542025075081367,-11.897379280600228,0.05418871914067367,0.052487653424097024,-3.1391509958544996,2.734838136304008,0.05,0.02617989417989418,-0.02382010582010582,2.5749353186647412,3.4061963253661736,0.6655003753971179,0.4724869728488658,-0.19375798268850505,0.1395429485451856,0.17866810701419503,-0.9736806132317559,benefit
square,0.3,56,50,2.518916631965256,2.0725753930715913,0.4463412388936647,2.3255445872457043,1.9815769794464024,-14.790841237171785,0.07099357680472132,0.05896814594930948,-16.938758964519053,3.4559655321711418,0.05,0.014047619047619048,-0.03595238095238096,2.502149282960019,3.587244163964782,0.6142111552880802,0.4955769761235188,-0.3157739765807617,0.13781315610329117,0.16903929970739207,-0.9753797178307115,benefit
square,0.3,68,50,3.180279454418253,2.7489658479994272,0.43131360641882566,2.9581581043494727,2.556726419264685,-13.570325551376525,0.07770298695642022,0.07332398001474998,-5.635570926082751,4.745379309303255,0.05,0.011968253968253968,-0.038031746031746035,2.8397376354563684,3.900594327448592,0.5603300814045966,0.49066009065109834,-0.2757009475525309,0.1210363274678724,0.15169217397914647,-0.9780623667172837,benefit
square,0.4,0,50,0.2687781854176363,0.289346468449491,-0.020568283031854706,0.161384297645732,0.2803414486237296,73.71048652973238,0.011996194332229832,0.03851432827651183,221.05455453339843,0.48667591986503705,0.05,0.09802645502645503,0.04802645502645503,3.808805612862617,4.153709263395573,0.5114317718738237,0.37229509206621947,-0.6916291668011071,0.5214404178043496,0.57502213403956,-0.9953762458687863,harm_cost_dominance
square,0.4,8,50,0.5083178559380785,0.3102791940320106,0.19803866190606795,0.4807851028315113,0.2683031419135418,-44.19478882896893,0.021839536215723907,0.03538160013294978,62.007103918515746,0.9813092111034907,0.05,0.000619047619047619,-0.049380952380952386,5.243001507190479,10.9066875084377,0.4705268374297895,0.3164926106295092,-0.6811821157262539,0.49409964893090724,0.5323598453230688,-0.9949580949947534,benefit
square,0.4,18,50,0.8440489093864306,0.4653587842346711,0.37869012515175954,0.7960092953703086,0.45647483337117856,-42.654585062445776,0.03736422292893099,0.03283340406562288,-12.126088830496332,1.642988617008018,0.05,0.0006084656084656085,-0.049391534391534396,4.953446443416969,13.672082204199668,0.6007336044769199,0.41151267185077783,-0.49584789145843133,0.3163937335033898,0.3532886804049935,-0.9925907645482371,benefit
square,0.4,26,50,1.1725174986808293,0.7159890008852323,0.456528497795597,1.154343743578475,0.703937777959768,-39.01835723751182,0.05046172103384005,0.042942613618322384,-14.900616271740482,1.786860998532215,0.05,0.011767195767195766,-0.038232804232804236,2.8134099915777497,7.679059742281663,0.3685797857335058,0.2019414377567962,-0.5304903344062109,0.4532269482840835,0.5369901883323746,-0.9897588846850138,benefit
square,0.4,34,50,1.4647548674988327,0.8921220116736801,0.5726328558251526,1.395991906526269,0.8717864607622022,-37.55075106904475,0.049066327123193886,0.04793767710860906,-2.3002537192727996,2.270769717124857,0.05,0.006756613756613757,-0.04324338624338624,3.090773603726064,7.8259406881210785,0.2858760363519326,0.1604812794299273,-0.4805994679526101,0.4851403118384002,0.6064430318481788,-0.9871361675801424,benefit
square,0.4,44,50,1.8366662008633368,1.3174187008729266,0.5192474999904102,1.7584252835024352,1.2657642047790612,-28.017174419933866,0.05410978373894339,0.049555546402626084,-8.416661501005784,2.722825554095263,0.05,0.01814814814814815,-0.03185185185185185,2.5774737780284203,5.067917794147651,0.22984962066387138,0.14149114193062753,-0.19612084963557308,0.4109847870411381,0.5751539302935627,-0.9896219910959506,benefit
square,0.4,56,50,2.5004936145921697,1.616166587484178,0.8843270271079917,2.308495746207128,1.5466835693114849,-33.0003716986256,0.07055333551316913,0.05009820657250834,-28.992433584593336,3.440108890129263,0.05,0.003703703703703704,-0.0462962962962963,2.5161831599780355,5.441580401052677,0.18205983734624318,0.11142889013557554,-0.2660497606455953,0.42408228688140026,0.5802226529126484,-0.991489497020618,benefit
square,0.4,68,50,3.172198627539196,2.1017101714447435,1.0704884560944525,2.94941355765092,2.0125565331918964,-31.76417976476896,0.07752430405358872,0.05705953154048908,-26.397879687754916,4.751976677041263,0.05,0.002767195767195767,-0.04723280423280424,2.861095601853804,5.687850407444252,0.08966634901120436,0.026885101515831508,-0.3488265412977357,0.4431171602457515,0.5886905367788199,-0.9908272824989376,benefit
lemniscate,0.2,0,50,0.21522625475269042,0.30708547747390486,-0.09185922272121444,0.21409568653160904,0.3059179349442821,42.8884158759955,0.027084002739635057,0.039989231974756304,47.64889945812584,0.40866044886955377,0.05,0.2098042328042328,0.15980423280423278,4.707802824922086,2.5971470974482194,0.01760310865564172,-0.016074942943773183,-0.3829486826807673,0.10750112120254247,0.11422286942265515,-0.9908793065180467,harm_cost_dominance
lemniscate,0.2,8,50,0.45812428921514337,0.9422875038124523,-0.48416321459730893,0.45725949956227846,0.9380458620305733,105.1451884384002,0.05356874658890375,0.47242235601916716,781.8992156691713,0.7466935342760754,0.05,0.5135978835978836,0.4635978835978836,4.049965322567923,1.8627503168390727,0.986811654836547,0.9282376417380379,-0.3652085203915806,0.043372188081190685,0.04688042282656349,-0.9891888133084217,harm_cost_dominance
lemniscate,0.2,18,50,0.8448040907020895,0.669909205020092,0.17489488568199751,0.8428408278104458,0.6684547616694683,-20.690272752186832,0.062372894675972415,0.07125346240131572,14.237863692771569,1.277037679291983,0.05,0.02895238095238095,-0.02104761904761905,2.726511049096573,4.791439719273187,0.9943174124146711,0.9800124852607804,-0.32233722761200106,0.07887314281527019,0.08650478187063966,-0.9927339944946525,benefit
lemniscate,0.2,26,50,1.2308850112462155,0.9820764161121985,0.24880859513401699,1.2303065863302793,0.9795276214174536,-20.383453010735934,0.16063263101156136,0.09464489824723941,-41.07990533950836,1.9065139144008707,0.05,0.005306878306878307,-0.044693121693121694,3.271280847245986,4.965238422915272,0.9903875484040099,0.9782051938989604,-0.39133576930321257,0.07411352132062837,0.07968200246965043,-0.9945138246725317,benefit
lemniscate,0.2,34,50,1.6055680025473154,1.388762392239861,0.21680561030745427,1.6041237833288053,1.3844222651289153,-13.696045185729893,0.1745448868777294,0.26538615731641557,52.04464711807974,2.5051520572334653,0.05,0.030973544973544972,-0.01902645502645503,2.8063572071060716,3.7071439112924756,0.9231791585443926,0.874322999585085,-0.08014738247834392,0.06678293813244325,0.0813781610636201,-0.9907024904210544,benefit
lemniscate,0.2,44,50,2.091712519559934,1.799942934615301,0.2917695849446329,2.086543155308915,1.7965238446886826,-13.899511729828351,0.3437461086629572,0.470301441134961,36.81651349127651,3.3465461597027613,0.05,0.01562962962962963,-0.03437037037037037,2.957444922513261,3.8218709554751435,0.6533223718356517,0.5236569300114597,0.14178692505720694,0.0642433130563415,0.0868646315655967,-0.9906270589005574,benefit
lemniscate,0.2,56,50,2.600243844231073,2.2922408898026476,0.3080029544284253,2.597997977309817,2.2893704799263794,-11.879435630003735,0.4873627030344078,0.4249734573678072,-12.801399302413987,4.3384181925813365,0.05,0.005222222222222222,-0.04477777777777778,3.0335949548820937,3.7393140733641643,0.8121404836882218,0.7055973138638908,0.1814760463967547,0.06442535830497609,0.08619967386519349,-0.9930435789942703,benefit
lemniscate,0.2,68,50,3.1351650614791917,2.8165268749164967,0.31863818656269505,3.1346291109528432,2.807399971351105,-10.439166102881144,0.5538148960299025,0.5049532713560461,-8.822735723441072,5.264362762500809,0.05,0.00483068783068783,-0.04516931216931217,3.068033102299169,3.6515391921369433,0.7888394257758635,0.5944471812066379,0.22813511252249313,0.061508030530483045,0.08468181402915649,-0.9925451617656627,benefit
lemniscate,0.3,0,50,0.22310855903873122,0.35322268669294155,-0.13011412765421032,0.22198353416094116,0.3453875108824448,55.59150014769929,0.028068069268593017,0.042604591877636204,51.790247734606524,0.420105502484666,0.05,0.27205291005291005,0.22205291005291006,4.57008323310018,2.594831902052787,-0.18831142170436121,-0.09555970115106856,-0.555413504147855,0.22397875649604074,0.2422169332393434,-0.9666806545603207,harm_with_local_reversal
lemniscate,0.3,8,50,0.47253013037047426,1.130662109960236,-0.6581319795897618,0.47168569024455076,1.127502484201456,139.03682208707653,0.06939444099583986,0.5847142896762768,742.5952875734008,0.7795737355921433,0.05,0.7037619047619048,0.6537619047619048,4.634744637979936,1.3902063763756156,0.7890851449906059,0.5486167026057157,-0.49260393216789256,0.054677872247837274,0.061042301520543615,-0.9847085311582532,harm_cost_dominance
lemniscate,0.3,18,50,0.8397112775814787,1.0953628453959459,-0.2556515678144672,0.8378618385372111,1.066758651549045,27.3191596136163,0.06336069445939564,0.5139488884162678,711.1478145785125,1.26304659237703,0.05,0.4008677248677249,0.3508677248677249,2.7048975596913367,1.8188361001246887,0.881179857259522,0.7888560870847818,-0.32504194987870483,0.06773309599213649,0.07952456603217317,-0.984115052320402,harm_cost_dominance
lemniscate,0.3,26,50,1.2236286862724755,0.8805765388764998,0.34305214739597567,1.2229608587347156,0.8786556220448897,-28.153414251194036,0.15729693667777644,0.10400551347451475,-33.87950479422917,1.9032164204431852,0.05,0.0032433862433862435,-0.04675661375661376,3.25401356720263,5.348310859053567,0.6275522050877652,0.56773156062332,-0.46897983655948217,0.17155930128315827,0.19483248950549467,-0.972186855015329,benefit
lemniscate,0.3,34,50,1.5900303214567517,1.2552581651016654,0.3347721563550863,1.5888841468093022,1.2510471289267242,-21.262533115506788,0.17622676592237846,0.2692874250791877,52.807335292796,2.4999171316832998,0.05,0.005873015873015873,-0.04412698412698413,2.8242272189402637,4.426311071068769,0.5485248995045829,0.4854663107445202,-0.30011285859856107,0.1343070852299845,0.15923601437120655,-0.9764680603506146,benefit
lemniscate,0.3,44,50,2.0759421946616485,1.5741054407932962,0.5018367538683524,2.072018040598946,1.569185802583348,-24.267753859421244,0.33562382209104114,0.411057440349625,22.475644842009164,3.3224457160129677,0.05,0.0028253968253968255,-0.047174603174603175,2.9508297588096344,4.716567045455894,0.49137061544622,0.4054023642605983,-0.1224613635580369,0.11334304736228937,0.14387609597089898,-0.9793794026600888,benefit
lemniscate,0.3,56,50,2.5842083930861683,2.151354848647534,0.43285354443863433,2.582545436382968,2.143254649069828,-17.00999258809661,0.49131801826020627,0.3849182965200139,-21.655977958379207,4.312303685221341,0.05,0.0033068783068783067,-0.046693121693121696,3.0492433212487478,4.227839974146411,0.6003044593799934,0.5032332441662049,-0.01940888143488761,0.13945915099677456,0.18096105147464983,-0.9757584700422817,benefit
lemniscate,0.3,68,50,3.105015112678389,2.5672985348191175,0.5377165778592716,3.1040920239192116,2.5596730938234433,-17.538749685913373,0.5576329434291752,0.4636311648614316,-16.85728572446047,5.246021427898418,0.05,0.002507936507936508,-0.047492063492063495,3.137100080052768,4.4590684960471245,0.5739477929687212,0.41353102157934407,0.0526674446555401,0.13203753371218233,0.1782197755691074,-0.9763447864674555,benefit
lemniscate,0.4,0,50,0.22142557593955284,0.3420439533979907,-0.12061837745843787,0.22019219115945468,0.3404157551352324,54.59937672729297,0.028429766749748852,0.04847296589701365,70.50075128293781,0.41715588531825054,0.05,0.24292063492063493,0.19292063492063494,4.668413778311882,2.8226525763897707,0.4418110440831753,0.3162587671826062,-0.6667455829951237,0.530788501454986,0.618002595472337,-0.9855469578845788,harm_cost_dominance
lemniscate,0.4,8,50,0.4697380373777009,1.0265523488825554,-0.5568143115048545,0.46885383980519135,1.022344214034461,118.05179508779628,0.06167915586085089,0.5251748696486215,751.4624791978498,0.7852597437043481,0.05,0.6097089947089948,0.5597089947089947,4.5479511333518765,1.5885546692739012,0.6602765499486699,0.5325888111197632,-0.5104343480123934,0.17538423537363862,0.19917963407614483,-0.9917492909384343,harm_cost_dominance
lemniscate,0.4,18,50,0.83513556307454,1.0778495892709656,-0.24271402619642568,0.8334704185303518,1.028963424937736,23.4553023191705,0.06210190373308909,0.5277136532118558,749.7543899337538,1.2617986770079024,0.05,0.43242328042328043,0.38242328042328044,2.7193813304579155,1.7702115971217605,0.6535624240570438,0.39616544296615236,-0.5623658708380768,0.16832820415591573,0.1893977404989449,-0.9915251048053122,harm_cost_dominance
lemniscate,0.4,26,50,1.2244280096152544,0.7716577574167579,0.45277025219849654,1.2238277914670534,0.770094948442014,-37.07489290472479,0.15814711707840778,0.10095376732323695,-36.16464897457048,1.908481394462482,0.05,0.00043386243386243385,-0.04956613756613757,3.2705569970217603,6.743407478918742,0.2785291730660957,0.13615552122535188,-0.576890900065254,0.4604164460090535,0.5391061516492993,-0.988562775900669,benefit
lemniscate,0.4,34,50,1.5953015063305862,1.0029924542868809,0.5923090520437053,1.594024687689258,0.9988927681002729,-37.33517580906048,0.19785606736380132,0.12903265851968687,-34.78458344025398,2.548632642456338,0.05,0.0009735449735449735,-0.04902645502645503,2.952901855397184,6.795674160715408,0.12397944257575261,0.023548997837899367,-0.5709713981613653,0.4955934622194944,0.5851997488416215,-0.9862699305576927,benefit
lemniscate,0.4,44,50,2.072349194948814,1.3402068266544853,0.7321423682943287,2.068795903058874,1.3326040934635162,-35.58552143817018,0.35139041871563487,0.481663693224871,37.073655845548245,3.3439174666757525,0.05,0.00016931216931216931,-0.049830687830687836,3.0052908359969823,6.52092846903111,0.2076049920911044,0.1274040128716455,-0.36025781926465755,0.11849060632498853,0.14698222403424088,-0.9932097574542951,benefit
lemniscate,0.4,56,50,2.5755042014794713,1.9207417393342805,0.6547624621451908,2.5725362015985436,1.913635247554957,-25.612893363129242,0.4771768987743037,0.3423131592431002,-28.262839185496503,4.2738964064936305,0.05,0.00010582010582010582,-0.049894179894179894,3.0450678853868802,5.0827526591371806,0.2398569209711076,0.16429746976481885,-0.3062035291863212,0.345702615384625,0.4479388361975284,-0.9890828902463756,benefit
lemniscate,0.4,68,50,3.1067749440778374,2.199486106091272,0.9072888379865653,3.1055933159218565,2.1928347302946096,-29.390795663662484,0.5652750330700469,0.3708678868278584,-34.391603178722804,5.227577025500905,0.05,2.1164021164021164e-05,-0.049978835978835984,3.0992636824521727,5.671786407252359,0.19495746390058497,0.10893913456111289,-0.28711608805957706,0.3841368865016247,0.5070813370878438,-0.9882191524146928,benefit
zigzag,0.2,0,50,1.7122836988221832,1.486629084636911,0.22565461418527222,0.8538741574184123,0.7993524721933397,-6.38521317823327,0.04290538539607847,0.0471671996184667,9.933051953609594,2.9207846114792893,0.05,0.004756613756613757,-0.045243386243386245,3.346306462670438,4.201165267358529,-0.07042167892155293,0.048451548230883344,0.282383682465684,0.012461746910636166,0.014948439761153088,-0.9932400649942609,benefit
zigzag,0.2,8,50,1.5258798161187577,1.4849000435359547,0.04097977258280294,0.9542520304601303,0.9316704784756321,-2.366413826081767,0.04916163483209458,0.04841930733251197,-1.5099731774641738,2.6149853048301757,0.05,0.036375661375661374,-0.01362433862433863,3.7699140216558473,3.661555936521475,0.7992953768025609,0.7320596904773062,0.2481134962332884,0.02355797800501458,0.027136716976398613,-0.99376087363696,benefit
zigzag,0.2,18,50,1.6388350964004963,1.5748569183717536,0.06397817802874273,1.2582716870773984,1.1616256128578242,-7.680859007801278,0.08574800062494199,0.07811788156374813,-8.898305506245777,2.9218939317905703,0.05,0.04776190476190476,-0.0022380952380952404,4.362362308411728,4.230022308431227,0.6673644453107522,0.8065764116758171,-0.0669324093891158,0.03388774539053632,0.03881451992380111,-0.9941929549372897,benefit
zigzag,0.2,26,50,1.9790302110500853,1.8456845464734344,0.13334566457665087,1.9171099401195897,1.7207096041940966,-10.244604746723036,0.2460773285854001,0.17302848261775763,-29.68532143423132,4.10568579745838,0.05,0.013941798941798941,-0.03605820105820106,5.3476135788274135,5.486996422672522,0.8533359642138408,0.8839898726623084,-0.1537031746074162,0.07171813832155098,0.08421615041087849,-0.9922778509187498,benefit
zigzag,0.2,34,50,2.182126691745091,2.042931563072385,0.13919512867270623,2.1077239593734216,1.9754292014468182,-6.276664329700406,0.25789229174725703,0.2539532657380048,-1.5273919133253213,4.154457571916402,0.05,0.0435978835978836,-0.006402116402116402,4.940994312503227,5.347302248366202,0.9537230767445444,0.9483560259617724,-0.17117101854652716,0.06463258999861361,0.08046125116368386,-0.9938000158653696,benefit
zigzag,0.2,44,50,2.525802032878109,2.3294474064287134,0.1963546264493954,2.4146759384778402,2.230815612473116,-7.614285754656986,0.28136950154171214,0.2758264534501166,-1.9700244913552294,3.963648202529684,0.05,0.056296296296296296,0.006296296296296293,4.06526113471233,4.5811380299487805,0.9562170362020785,0.8941881829429087,-0.005763200894375396,0.06019755054162095,0.07978242323801858,-0.993754503376445,benefit
zigzag,0.2,56,50,2.9100986851719317,2.704692940031606,0.20540574514032572,2.7410901184872203,2.5728005198774424,-6.139513526924602,0.2942561054355425,0.27820988507946437,-5.453147805471294,4.431952963567496,0.05,0.03884126984126984,-0.01115873015873016,3.1296634013690676,3.8506678545779303,0.9457230240856346,0.8559605411622394,0.1033083716710088,0.05329575211501586,0.08064751009866704,-0.9939737501367121,benefit
zigzag,0.2,68,50,2.6908471559188594,2.698300407576633,-0.007453251657773663,2.5249190857314097,2.58635652755608,2.433243986781028,0.3142812201259407,0.28600982046538176,-8.99557397961605,4.464307361223292,0.05,0.056402116402116405,0.006402116402116402,3.8053456132299055,3.775178810175823,0.7614247628727484,0.6323212734683789,0.44791899479733976,0.053666887929738956,0.08618651386911137,-0.9937531316671899,harm_or_neutral_unclear
zigzag,0.3,0,50,1.812023593254065,1.5950927480584371,0.21693084519562778,0.9224035938686361,0.861553071410238,-6.596952013502043,0.044780388322914214,0.04700228123801078,4.961754460512348,3.03605163078977,0.05,0.009613756613756614,-0.04038624338624339,3.02992111922936,3.8142164194980834,-0.03796056196506193,-0.1359915461021452,-0.3215554784439417,0.022389691539462908,0.02959905186909043,-0.9923080319960949,benefit
zigzag,0.3,8,50,1.5362627945718375,1.5288473543452872,0.007415440226550274,0.9739643972261546,0.9387213505714221,-3.6185148815570938,0.04951576300114935,0.04857523156896191,-1.8994586272387926,2.703434466783664,0.05,0.055296296296296295,0.005296296296296292,3.823285243679464,3.9246426132948633,0.5877300818907147,0.5702379532326615,0.09744806458128168,0.033274707185830456,0.03737779533145677,-0.9928663208028077,benefit
zigzag,0.3,18,50,1.6717440323461903,1.5679726530284368,0.10377137931775349,1.2886703956225065,1.1884693060830243,-7.775540578861614,0.08823431461391441,0.07547501706929437,-14.460697745889576,3.0394540891721062,0.05,0.04537037037037037,-0.004629629629629629,4.2893678565078615,4.328967374343741,0.2668827272192999,0.4088475776246293,0.07008143981384872,0.08659760499822107,0.10163917226023882,-0.9857826448934354,benefit
zigzag,0.3,26,50,1.9797349922968026,1.7150218925291227,0.26471309976767987,1.9145635864122625,1.5409081391017438,-19.5164814562531,0.244521628779854,0.12914219290486778,-47.185779209082554,4.098440784108645,0.05,0.0061005291005291,-0.043899470899470903,5.3206204190185975,6.290450897525963,0.5759805175864046,0.5840006425680199,-0.16997557813715045,0.12323998180871605,0.14906814195079549,-0.9796716221771482,benefit
zigzag,0.3,34,50,2.1809923759610226,1.9425327687588538,0.23845960720216874,2.1059143760332835,1.8771623639476258,-10.862360535114826,0.2619118291893168,0.22942570353541683,-12.403458734310977,4.196133348798447,0.05,0.030375661375661375,-0.019624338624338628,4.982659505628083,5.663707738240084,0.5983443679506648,0.5306412822260674,-0.23245309374962403,0.1476937022882378,0.18402222214299221,-0.9738839881140054,benefit
zigzag,0.3,44,50,2.5027081787759617,2.224717621991911,0.2779905567840508,2.3962231407571006,2.1430670065727515,-10.564797988899203,0.27562371664617324,0.2529054199147518,-8.242504312683371,4.004228116631626,0.05,0.048984126984126984,-0.0010158730158730186,4.0894119852163024,4.722220467791959,0.7023565044047076,0.6026247077771374,-0.15382574284527442,0.12238127114152934,0.16364597826450641,-0.9787810569235219,benefit
zigzag,0.3,56,50,2.9153537280747432,2.620312113113177,0.29504161496156645,2.7463909541879654,2.487773901140111,-9.416614653984185,0.29620413100382537,0.27793665513397064,-6.167191459445625,4.431219930877391,0.05,0.03593650793650793,-0.01406349206349207,3.116944230866949,4.251862780547409,0.7750837230984183,0.6411574065918382,0.02308898663521484,0.10614037876503941,0.15846251048213378,-0.9794700275864453,benefit
zigzag,0.3,68,50,2.6931776711107434,2.8563194730244934,-0.16314180191375005,2.527218414745689,2.7016408099566744,6.901753888512579,0.31403827540607165,0.29422567284130735,-6.3089769994062825,4.453551189804678,0.05,0.07556613756613757,0.02556613756613757,3.7639202627081048,3.3763476988613954,0.6974392524159718,0.5784489329877196,0.16603496981552457,0.10450748331819694,0.15927369784519435,-0.9799106060562915,harm_or_neutral_unclear
zigzag,0.4,0,50,1.7750086956679285,1.5414319622558097,0.23357673341211882,0.8880420487806749,0.8641676860426286,-2.6884270593718065,0.04392003276621027,0.04758256175401523,8.339085280781768,3.0037978596779196,0.05,0.007962962962962963,-0.04203703703703704,3.1049955801095477,4.03205276589128,0.3473390776052986,0.2987512922960619,-0.5880132819268792,0.11762992633612397,0.13858451482134504,-0.993715779592431,benefit
zigzag,0.4,8,50,1.5197981137954397,1.501430954677275,0.018367159118164667,0.9773702670754716,0.9494383720506869,-2.857862159889012,0.04975071493005953,0.048690665007163576,-2.1307229943627646,2.6853092495313318,0.05,0.06033862433862434,0.010338624338624335,3.7565697873405943,3.977830565930569,0.37809263439946894,0.30211959158626234,-0.37029210328288725,0.08918536098124591,0.10270027234749947,-0.9954577490902183,benefit
zigzag,0.4,18,50,1.6594820572196083,1.5575541617541022,0.10192789546550607,1.2830193226183635,1.1570443573290428,-9.818633520821418,0.08699542404361164,0.08365100326717158,-3.844364014738329,3.03327910925732,0.05,0.04171428571428572,-0.008285714285714285,4.347875947621138,4.365992291810635,0.22539378432393492,0.2979273276740636,-0.3102662642599865,0.14078059820641292,0.16958406621085284,-0.9933495107321327,benefit
zigzag,0.4,26,50,1.9755613739248283,1.5885056125812484,0.3870557613435799,1.9100438038987158,1.3342958529767024,-30.14318047295643,0.24362753670423692,0.08833388355959998,-63.74224163852445,4.0738332618700195,0.05,0.001708994708994709,-0.048291005291005294,5.285122287711023,7.088762153689519,0.15304591534063092,0.08992979707346783,-0.33358497488240324,0.26603119260695296,0.342468482182209,-0.9910166588893554,benefit
zigzag,0.4,34,50,2.164452855217359,1.6670304809013723,0.4974223743159867,2.0928025371504857,1.5535330771742566,-25.76781375228209,0.2572709391438456,0.12928889538402558,-49.74601647011717,4.16381801250775,0.05,0.006031746031746032,-0.04396825396825397,4.961659094908344,7.130135133098252,0.13626381750500244,0.06716364258780011,-0.3414857339735822,0.37007858405983013,0.4941680574187847,-0.9880616086715426,benefit
zigzag,0.4,44,50,2.4960934008216027,2.039483027375912,0.4566103734456908,2.3909832743918664,1.9719485000813948,-17.525625494677524,0.27285757694647816,0.21076045951662753,-22.758069658371113,3.965146066865292,0.05,0.04411111111111111,-0.005888888888888895,4.055418127332326,5.066756581674162,0.20137754338269306,0.1550583866138559,-0.3117374072263124,0.3658706063661205,0.49672312589039724,-0.9902143798593922,benefit
zigzag,0.4,56,50,2.9060505467019424,2.411214258087634,0.4948362886143083,2.742817256254792,2.305429225195853,-15.94667052868173,0.29293181298127313,0.24697761280124614,-15.687678204759525,4.420244718497864,0.05,0.03419047619047619,-0.015809523809523815,3.1333786094104155,4.688457327544088,0.26370841049972116,0.18855693205186722,-0.18844634956476775,0.3183168207787368,0.45011919628506414,-0.9914750318865962,benefit
zigzag,0.4,68,50,2.684374767396709,2.608067227214515,0.07630754018219399,2.5192053212557237,2.4716417736872924,-1.8880377540923845,0.3135141855461966,0.24403452422160066,-22.161568607598596,4.425951941921615,0.05,0.04443915343915344,-0.005560846560846565,3.780540454194335,4.049385628496085,0.19125689306680294,0.12162618165401681,-0.04988961093977677,0.31320849951751595,0.4583340710405606,-0.990592092383702,benefit
