traj,tr,delay,mc,rmse_honest,rmse_t3,gap_h_minus_t3,benefit_observed,mechanism_class,energy_relief,abs_relief,osc_change_pct,edot_change_pct,tail_delta,delta_perp_abs,delta_norm,raw_cos_vel,vel_oppose,normal_projection_fraction,cost_index_archived,A_scalar_delay_feedback_pred_gap,A_scalar_delay_feedback_pred_benefit,A_scalar_delay_feedback_correct,B_archived_relief_only_pred_gap,B_archived_relief_only_pred_benefit,B_archived_relief_only_correct,C_relief_cost_balance_pred_gap,C_relief_cost_balance_pred_benefit,C_relief_cost_balance_correct,D_projection_proxy_pred_gap,D_projection_proxy_pred_benefit,D_projection_proxy_correct,D_anti_heading_velocity_proxy_pred_gap,D_anti_heading_velocity_proxy_pred_benefit,D_anti_heading_velocity_proxy_correct,E_topology_aware_hybrid_pred_gap,E_topology_aware_hybrid_pred_benefit,E_topology_aware_hybrid_correct,F_direct_frenet_projection_selected_pred_score,F_direct_frenet_projection_selected_pred_benefit,F_direct_frenet_projection_selected_correct
circle,0.2,0,50,0.2791769509306524,0.3387480902324341,-0.0595711393017816,False,harm_cost_dominance,0.5560404588078831,0.3452309546813875,1.4965524687947598,19.83519801448371,0.08105291005291,0.0446647674182133,0.0473368619813503,-0.9938490978092708,-0.5951849949389888,0.9435515061351183,0.6473991531687753,0.022240204700614052,True,False,0.22369039298438814,True,False,0.1437950068645822,True,False,-0.03180119910716217,False,True,0.2053118716546788,True,False,0.08928163845733719,True,False,,,
circle,0.2,8,50,0.3312298034597301,0.2905587339160537,0.0406710695436763,True,benefit,0.9809200932453525,0.9322267113329388,-0.1130912353153555,19.275269741918,-0.0273280423280423,0.0404463236332438,0.0432922757010029,-0.9957188739769482,-0.6208687151776214,0.9342618972628142,-0.2848460357739632,0.03646667066824666,True,True,0.09951039933717597,True,True,0.07167742286911233,True,True,-0.022432045422804497,False,False,0.20089823971114848,True,True,-0.0019553030556268836,False,False,,,
circle,0.2,18,50,0.5108834007588662,0.4233925178812626,0.0874908828776035,True,benefit,0.9862391070327362,0.9499766488799086,-22.60930934248534,3.308447064068453,-0.0182063492063492,0.038429942767324,0.0408436446591972,-0.996403981543184,-0.608892089129686,0.940903856352357,-0.9847089694475271,0.062103319805219326,True,True,0.09669340451606585,True,True,0.20980822078095016,True,True,-0.03456111118157765,False,False,0.19964112851605564,True,True,0.12812437097771506,True,True,,,
circle,0.2,26,50,0.8031555164651913,0.7183966512596427,0.0847588652055486,True,benefit,0.9791269992436008,0.9305447639829691,-1.5794620577555707,8.547270240141065,-0.0228783068783068,0.0505719324982824,0.0554122621024481,-0.9939078095012996,-0.5337674878054205,0.9126487636397747,-0.3561863830508052,0.08406036023232369,True,True,0.0988695444203422,True,True,0.08401111428700456,True,True,0.010939382548492138,True,True,0.2040233678261253,True,True,0.025740480417721534,True,True,,,
circle,0.2,34,50,1.2253311221840355,1.0027584477077216,0.2225726744763141,True,benefit,0.9745353029273578,0.8948795372939911,-24.088328420453102,-11.906349853098163,-0.0357830687830687,0.0535925805596918,0.0599243915562249,-0.99365567821038,-0.4898507648749715,0.8943366660537189,-1.2617520755961262,0.10196157282303804,True,True,0.09663457460759174,True,True,0.2262998832617078,True,True,0.03488713218971484,True,True,0.20333392732194014,True,True,0.1946002183450396,True,True,0.9743558438105449,True,True
circle,0.2,44,50,1.2445857055475191,1.483102084869074,-0.2385163793215547,False,harm_cost_dominance,0.9806553987473448,0.925376841690553,40.684429483958986,46.60913401617069,0.0954708994708994,0.0528761551667175,0.0643995179595131,-0.9938597656378932,-0.3680964235094366,0.8210644557923533,2.1065886078620535,0.14453988953279692,True,False,0.10699553181696442,True,False,-0.1798021015348677,False,True,0.14980880885229725,True,False,0.21958748603675285,True,False,-0.1687344703408391,False,True,0.9827851603904243,True,False
circle,0.2,56,50,1.812916267435692,1.5356179148105065,0.2772983526251853,True,benefit,0.9688427861146724,0.8780146781171452,-20.477625088271893,-11.447755811068252,-0.047063492063492,0.0373906185820967,0.0413641868244501,-0.9953434023148272,-0.4787598968004723,0.9039369912137459,-1.2415412480208898,0.15602284171765152,True,True,0.0969724750808696,True,True,0.19793694754342733,True,True,0.009485915911180753,True,True,0.20188922425779565,True,True,0.16547014447118935,True,True,,,
circle,0.2,68,50,3.0508613080611706,2.777992121990666,0.2728691860705048,True,benefit,0.9830301866158858,0.9361594876109822,-8.540290075723208,-3.5990579242800447,-0.0316243386243386,0.0517857806830494,0.0721286488402882,-0.9919855562939583,-0.2014767497555822,0.7179641032471956,-0.709126092369423,0.18620540993772725,True,True,0.09268968713045878,True,True,0.1225958124794641,True,True,0.27931679034004064,True,True,0.22200477137961597,True,True,0.26904159851136794,True,True,,,
circle,0.3,0,50,0.2865408956977275,0.3160649458796109,-0.0295240501818834,False,harm_cost_dominance,0.418284476374432,0.2900505945921239,14.89872953348083,92.23915795227154,0.0509100529100529,0.2566695352554446,0.2778984078747791,-0.9572420569673912,-0.673319182121233,0.9236092326628219,1.2339305938060339,-0.01827255742313741,False,True,0.26415988665126683,True,False,0.13726344727195344,True,False,0.09562655421904337,True,False,0.255273346089339,True,False,0.043788425364372385,True,False,,,
circle,0.3,8,50,0.3408274225875736,0.3358533920023994,0.0049740305851742,True,benefit,0.7148932457506555,0.5003599797990257,8.725496748170047,48.896822613016624,-0.0136349206349206,0.1401680971008626,0.1502053385155871,-0.9766407722060976,-0.6459257021605641,0.9331765334446956,0.2679159841579223,0.041860668986652444,True,True,0.1769814310180087,True,True,0.10382942971933017,True,True,0.014629364790108929,True,True,0.2093106130951238,True,True,0.040418900414709524,True,True,,,
circle,0.3,18,50,0.5181153763940166,0.4739672740731111,0.0441481023209054,True,benefit,0.7444715823629656,0.5554708575562867,3.445439945712935,38.17150145190345,0.0075079365079365,0.1216558988314582,0.132492209736414,-0.9804392222581996,-0.6039055197905062,0.9182117127753092,0.2169087114795056,0.11665491160764044,True,True,0.1679449234605656,True,True,0.11837618059097757,True,True,0.029268828149942416,True,True,0.2063904113485776,True,True,0.06589191962158561,True,True,,,
circle,0.3,26,50,0.8090805346694077,0.667554733809044,0.1415258008603637,True,benefit,0.6307617229811148,0.4810852215916889,-10.20499920948992,14.314508787478712,-0.0372380952380952,0.1325764839877906,0.1465573041379832,-0.9790268089465288,-0.57711878096066,0.9046050946936789,-0.6995717718608628,0.1756442600837041,True,True,0.1997797669614511,True,True,0.22528835936701516,True,True,0.05093277260645082,True,True,0.20564057068248906,True,True,0.1973237528947864,True,True,,,
circle,0.3,34,50,1.2222377311370014,0.8932163444473997,0.3290213866896017,True,benefit,0.5849771913238632,0.4199247897542941,-31.198836015015907,-8.697071763001798,-0.047089947089947,0.1507978239159933,0.1721243554234684,-0.9754053078135634,-0.5266837848699442,0.87609811839233,-1.549609324948407,0.2339248687857777,True,True,0.2111457157691973,True,True,0.36811219578685694,True,True,0.09163183505378578,True,True,0.2029592446066383,True,True,0.3693858820263656,True,True,,,
circle,0.3,44,50,1.2753186953914446,1.4687662258528729,-0.1934475304614282,False,harm_cost_dominance,0.6571662590242159,0.5502286511172766,37.11411688436154,50.888058737228334,0.0801746031746031,0.1306615410463671,0.1658477609340202,-0.97599139907416,-0.3035315344695569,0.7878402476494611,1.8996280273853365,0.3164699116463534,True,False,0.19587283379258977,True,False,-0.07758145209491543,False,True,0.23158904905083885,True,False,0.23636912340355407,True,False,-0.016466483129842474,False,True,,,
circle,0.3,56,50,1.7436086042404515,1.7509746623230569,-0.0073660580826051,False,harm_cost_dominance,0.6095458347679281,0.4955079773951102,19.26756847866856,26.30119437508828,0.028079365079365,0.1083189156928987,0.134522020622332,-0.9810067106313825,-0.3227705437937792,0.8052132668821708,0.7923311942929423,0.40862085950217697,True,False,0.2075566633204473,True,False,0.031056252726752498,True,False,0.18645074103427905,True,False,0.22314902042858226,True,False,0.09502091607728405,True,False,,,
circle,0.3,68,50,3.0534508996434933,2.4810737436556702,0.572377155987823,True,benefit,0.6503454680791495,0.5474430631065759,-21.1911126324831,-12.624157418783058,-0.0478042328042328,0.1138107555952113,0.1568070344734419,-0.9780852953998894,-0.1968476980612525,0.7258013390622932,-1.276048925156235,0.48509618001852967,True,True,0.18925256604488794,True,True,0.27461365795566023,True,True,0.2833069365898846,True,True,0.2181091909497408,True,True,0.4158615462865336,True,True,,,
circle,0.4,0,50,0.2919939010732894,0.295375920677676,-0.0033820196043866,False,harm_cost_dominance,0.5672966135777688,0.4077210252435976,14.110679107611556,196.0550098758777,0.0028994708994708,0.5903629109545709,0.6745403131914857,-0.985890533890689,-0.6899933764405976,0.8752077517225886,1.4313751731269388,-0.05725996594870175,False,True,0.21981079971639914,True,False,0.2920659803723819,True,False,0.4766830955357422,True,False,0.20063187701175692,True,False,0.10545679476203902,True,False,,,
circle,0.4,8,50,0.3432820537325169,0.3480140491403337,-0.0047319954078167,False,harm_cost_dominance,0.5219051647131544,0.3662020916868929,6.886907809399101,112.805704737906,0.0106931216931216,0.4385356544390271,0.4778725965215095,-0.9924216952744678,-0.6539425254267157,0.9176832018223673,0.7862076654445261,0.04834999473776555,True,False,0.23311659611585342,True,False,0.2551109289094419,True,False,0.28670357703315624,True,False,0.20084948066541072,True,False,0.09995969364989396,True,False,,,
circle,0.4,18,50,0.512469354302712,0.3850279875319878,0.1274413667707242,True,benefit,0.6181795789657105,0.3923521962863535,-4.506432195820787,79.63391418971868,-0.031005291005291,0.4047523267169871,0.4380025517625639,-0.9925669245223956,-0.6365414476308396,0.9240866864547369,-0.0921396260350559,0.16971517844950418,True,True,0.20359801722625337,True,True,0.30462851798245927,True,True,0.24431267617625876,True,True,0.1971177865793815,True,True,0.16415762366253403,True,True,,,
circle,0.4,26,50,0.8053380692498205,0.5774539288072925,0.227884140442528,True,benefit,0.2729065759152043,0.118034199637689,-18.33895108963076,66.34636829425075,-0.0485873015873015,0.5484921194889365,0.6219703481149778,-0.9904334735046092,-0.6528072417652291,0.8818621677886516,-0.7312627075970055,0.2675530949422829,True,True,0.3039074682015543,True,True,0.5011490266978321,True,True,0.4202341175363833,True,True,0.19350463494371298,True,True,0.3687227884304336,True,True,,,
circle,0.4,34,50,1.226248702059893,0.5468818973694001,0.6793668046904928,True,benefit,0.2704658294031897,0.1273457013046487,-67.37138530395698,21.37487758347081,-0.05,0.5977259542461705,0.6810221063027493,-0.988272672316601,-0.6825010975280387,0.8776895033425693,-2.4895093905761687,0.35621225800500633,True,True,0.29628226342341746,True,True,0.8189717563651407,True,True,0.42871827198597046,True,True,0.177100260402343,True,True,0.6544792613688493,True,True,,,
circle,0.4,44,50,1.268754410072316,1.012711761569068,0.2560426485032481,True,benefit,0.2780055589848114,0.1746061134319462,-12.951625654533434,39.087541508381086,-0.0326560846560846,0.4377099338241429,0.504690900784774,-0.991591255358102,-0.5662349374816419,0.8672831888657426,-0.5995205526304491,0.4957378352517731,True,True,0.30187773046462807,True,True,0.4090494598169457,True,True,0.3590819700342655,True,True,0.19824751454326137,True,True,0.3240652519401757,True,True,,,
circle,0.4,56,50,1.7532701325219735,1.5535143542996104,0.1997557782223631,True,benefit,0.2394446765199631,0.1699616646805004,9.42760671811185,37.16050744971055,-0.0226613756613756,0.4039730675974908,0.5034266552354635,-0.9912414323211044,-0.4323323204408223,0.8024467186953855,0.14672436034421077,0.6616731404126126,True,True,0.3144847083981967,True,True,0.2616444678611968,True,True,0.4483783563721901,True,True,0.20845131495722657,True,True,0.2504178888866934,True,True,,,
circle,0.4,68,50,3.0660624071802776,1.6299918303321597,1.436070576848118,True,benefit,0.0946628965128812,0.0509122108542695,-51.103596500284695,-21.79449755836833,-0.05,0.4847282178434025,0.6140250541543335,-0.9891561726421344,-0.4837450327384543,0.7894274257440436,-2.2519768606928645,0.712031992366354,True,True,0.3203629990748771,True,True,0.6110708535956597,True,True,0.47292769509211907,True,True,0.1856546673881109,True,True,0.5356715784960251,True,True,,,
square,0.2,0,50,0.2626752973027709,0.1203656932622031,0.1423096040405677,True,benefit,-0.5909059652090349,-0.2768351163922648,-31.27320688563637,14.680701492423797,-0.0445396825396825,0.0298766340183711,0.0339989136266271,-0.9984907892937692,0.0930275053807642,0.8787526079942879,-1.3935063169595328,0.004549495533583803,True,True,0.6131980485373859,True,True,0.6370067973006731,True,True,0.04964246764521524,True,True,0.24404171146579728,True,True,0.6504477284683385,True,True,,,
square,0.2,8,50,0.5213277728827862,0.339722030452076,0.1816057424307101,True,benefit,0.9673372586555856,0.8734175515339679,-64.18468536458703,-37.821234981016765,-0.05,0.0297926472807007,0.0317399800810908,-0.997415481529852,0.2478872158413087,0.9386473212832849,-2.7417095569383236,0.02801868678460029,True,True,0.09987960817907232,True,True,0.49896932050118004,True,True,-0.04076104392175281,False,False,0.25410135865327266,True,True,0.3707454178696616,True,True,,,
square,0.2,18,50,0.8372505568989991,0.6773140213372971,0.1599365355617019,True,benefit,0.9939733321194564,0.970354852971858,-13.671978581543682,-12.922520792232149,-0.018063492063492,0.0497259875003598,0.0555555934922849,-0.9963661251533515,-0.0024211677551117,0.8950671637999031,-0.8089784703224174,0.05937695576896779,True,True,0.09240383924952397,True,True,0.15484308059663066,True,True,0.037224729663186684,True,True,0.23636396399064064,True,True,0.04123313136138984,True,True,,,
square,0.2,26,50,1.1550700823930873,1.0883361346766511,0.0667339477164361,True,benefit,0.9959675293620236,0.98229886983975,-7.345874391672173,1.93844944973026,-0.0274708994708994,0.0917278307122005,0.1068329095965288,-0.9918445179012748,-0.3145594350358232,0.858610245275777,-0.6066875302168068,0.08457635504936001,True,True,0.09438793296498404,True,True,0.13521924991306242,True,True,0.11480781163401577,True,True,0.21760299633150978,True,True,0.04747356951605705,True,True,,,
square,0.2,34,50,1.4703227951886535,1.3553353615980104,0.1149874335906433,True,benefit,0.9803803991941508,0.9456145803283584,-5.933097208573972,8.040285064273993,-0.0042698412698412,0.0717293244593607,0.0939823503779468,-0.9919792935337388,-0.0776163112190812,0.7632212236755485,-0.33961698507415944,0.10486924972954037,True,True,0.09769775777775015,True,True,0.11613653828329382,True,True,0.2362268040924007,True,True,0.232959115517997,True,True,0.13652813642821102,True,True,,,
square,0.2,44,50,1.8523359957812235,1.7123383669983576,0.1399976287828657,True,benefit,0.9865538083163145,0.9658351756126624,-7.619255192022576,-1.7955849160947657,-0.0212698412698412,0.0590654849038028,0.0706439357854682,-0.9945733898086504,-0.4572541964734064,0.8361012767348228,-0.5865680806892484,0.13115303849262816,True,True,0.0951826521983713,True,True,0.12155836743823983,True,True,0.12561371929217627,True,True,0.20704893723782067,True,True,0.07041819440557759,True,True,,,
square,0.2,56,50,2.5306858546376594,2.2525397892974106,0.2781460653402487,True,benefit,0.9838282372719276,0.9612087624432804,-8.566300023374213,-10.405966855364335,-0.0307830687830687,0.0566717899660273,0.0660033499647083,-0.9940045174078028,-0.4533139965819646,0.8586199033280804,-0.7431550110781102,0.15597078956675028,True,True,0.09230058702048066,True,True,0.12290562874243514,True,True,0.08757670365806008,True,True,0.2043900940034044,True,True,0.04896075656995566,True,True,,,
square,0.2,68,50,3.198498415626716,2.898764487133741,0.2997339284929752,True,benefit,0.9717905958073556,0.9310011152732162,-9.853085174580563,-1.3443602434583126,-0.038058201058201,0.0484514648984703,0.0600187230628571,-0.995313687596594,-0.3471354331656212,0.8072725047436863,-0.7877881142414536,0.1833156117134875,True,True,0.0954794376067811,True,True,0.13004941358288263,True,True,0.1547035535866299,True,True,0.2104044551648777,True,True,0.12186342533933532,True,True,,,
square,0.3,0,50,0.2688194661809051,0.2615069671409857,0.0073124990399193,True,benefit,-0.3619334215451914,-0.3579000184767721,35.88354297881927,15.176072966634614,0.0389523809523809,0.0618916483120257,0.0713486471765044,-0.99049315697362,-0.2179438562727773,0.8674537046079698,1.3173619745976195,-0.019499248236955508,False,False,0.5316463492697161,True,True,0.053069747312543936,True,True,0.07848019980527987,True,True,0.22494319645631183,True,True,0.061858820416742344,True,True,,,
square,0.3,8,50,0.5128746489802132,0.2557525086271289,0.2571221403530843,True,benefit,0.931795333026088,0.7918714128995954,-62.57780832167514,-35.62298224931333,-0.05,0.0454085886455274,0.0488889252353882,-0.9951551641592156,-0.1181553620521236,0.9288113499508563,-2.6801995596075243,0.036024798738994085,True,True,0.10885462743578492,True,True,0.49230484582223455,True,True,-0.021004549401365508,False,False,0.22616652034892218,True,True,0.37722896080480406,True,True,,,
square,0.3,18,50,0.8428463413788854,0.5910039819236695,0.2518423594552158,True,benefit,0.8494299702001971,0.6357121044567101,-26.112349878949345,-14.8939356702456,-0.0474656084656084,0.1101308496228374,0.1242638995623691,-0.983578962594482,-0.1122923738348256,0.8862658423781541,-1.4354059572968243,0.11359746609672208,True,True,0.1338955403055535,True,True,0.28732101053983994,True,True,0.06892218891219226,True,True,0.2310948821824554,True,True,0.2093990035074155,True,True,,,
square,0.3,26,50,1.1695388766793322,0.9485977875585658,0.2209410891207663,True,benefit,0.8025079894660395,0.6963102586624256,-20.75027044865036,-10.98081036394797,-0.0027566137566137,0.1563365321905586,0.1856220667081761,-0.9758908723610552,-0.2686123750318193,0.8422303175642448,-0.8871612303074067,0.17475025490226345,True,True,0.1484113850122023,True,True,0.26983890750505474,True,True,0.15371276313016913,True,True,0.22447345300372576,True,True,0.1974590882000181,True,True,,,
square,0.3,34,50,1.465165046029124,1.279458202857949,0.1857068431711748,True,benefit,0.6490309266453227,0.5439734021806004,-10.061452791361598,6.98738579854481,-0.0393068783068783,0.1690574988953251,0.2173298074282892,-0.9685011443660884,-0.1735306495169967,0.7778845474342392,-0.7551748065704476,0.23544947491988033,True,True,0.19396363274448977,True,True,0.2330433266676901,True,True,0.25288600942387124,True,True,0.2370198787794321,True,True,0.24897515576566592,True,True,,,
square,0.3,44,50,1.8440587321497932,1.626280854521243,0.2177778776285504,True,benefit,0.6655003753971179,0.4724869728488658,-11.897379280600228,-3.1391509958545,-0.0238201058201058,0.1395429485451856,0.178668107014195,-0.973680613231756,-0.193757982688505,0.7810176694495288,-0.7444982513059866,0.31077329433182355,True,True,0.18878618589099896,True,True,0.23361046358174134,True,True,0.2293752881054017,True,True,0.23051353487801937,True,True,0.2640612189188102,True,True,,,
square,0.3,56,50,2.518916631965256,2.0725753930715918,0.4463412388936647,True,benefit,0.6142111552880802,0.4955769761235188,-14.790841237171785,-16.938758964519053,-0.0359523809523809,0.1378131561032911,0.169039299707392,-0.9753797178307116,-0.3157739765807617,0.8152728764367011,-1.0117397143066678,0.3978732166321788,True,True,0.2013267723119056,True,True,0.2524833797207422,True,True,0.17016267859044812,True,True,0.21324945948121427,True,True,0.23936464675662136,True,True,,,
square,0.3,68,50,3.180279454418253,2.7489658479994272,0.4313136064188256,True,benefit,0.5603300814045966,0.4906600906510983,-13.570325551376524,-5.635570926082751,-0.038031746031746,0.1210363274678724,0.1516921739791464,-0.9780623667172836,-0.2757009475525309,0.797907527414774,-0.9251911500178958,0.4907977862597615,True,True,0.21726837108520128,True,True,0.24384906968386386,True,True,0.19039323477657824,True,True,0.21750855338733396,True,True,0.255854628103091,True,True,,,
square,0.4,0,50,0.2687781854176363,0.289346468449491,-0.0205682830318547,False,harm_cost_dominance,0.5114317718738237,0.3722950920662194,73.71048652973238,221.05455453339843,0.048026455026455,0.5214404178043496,0.57502213403956,-0.9953762458687864,-0.6916291668011071,0.9068179934939267,3.746493268936665,-0.05575394222930374,False,True,0.23636763229196614,True,False,-0.2044661635586775,False,True,0.3817197457671959,True,False,0.20043334291071924,True,False,-0.5769899569106045,False,True,,,
square,0.4,8,50,0.5083178559380785,0.3102791940320106,0.1980386619060679,True,benefit,0.4705268374297895,0.3164926106295092,-44.19478882896893,62.00710391851575,-0.0493809523809523,0.4940996489309072,0.5323598453230688,-0.9949580949947534,-0.6811821157262539,0.9281309499048657,-1.544747412662856,0.036195404174823254,True,True,0.24598054740243158,True,True,0.6173415716515657,True,True,0.3052604845077507,True,True,0.19080155576065164,True,True,0.3821285263731349,True,True,,,
square,0.4,18,50,0.8440489093864306,0.4653587842346711,0.3786901251517595,True,benefit,0.6007336044769199,0.4115126718507778,-42.654585062445776,-12.126088830496332,-0.0493915343915343,0.3163937335033898,0.3532886804049935,-0.9925907645482372,-0.4958478914584313,0.8955671411285833,-1.934741041126434,0.16025987570014627,True,True,0.20600723437356916,True,True,0.5053785098332089,True,True,0.21873874367450974,True,True,0.2000232921302135,True,True,0.35574907002749667,True,True,,,
square,0.4,26,50,1.172517498680829,0.7159890008852323,0.456528497795597,True,benefit,0.3685797857335058,0.2019414377567962,-39.01835723751182,-14.900616271740482,-0.0382328042328042,0.4532269482840835,0.5369901883323746,-0.9897588846850138,-0.5304903344062109,0.8440134626883627,-1.7505373647317737,0.2610077499547097,True,True,0.2723424215333072,True,True,0.5679862899125716,True,True,0.4010331993357822,True,True,0.19754622407978695,True,True,0.4291157461810178,True,True,,,
square,0.4,34,50,1.4647548674988329,0.8921220116736801,0.5726328558251526,True,benefit,0.2858760363519326,0.1604812794299273,-37.55075106904475,-2.3002537192728,-0.0432433862433862,0.4851403118384002,0.6064430318481788,-0.9871361675801424,-0.4805994679526101,0.7999767271789736,-1.6726914510463875,0.35909692727470083,True,True,0.2939467402248389,True,True,0.5744569927956771,True,True,0.4972507647216702,True,True,0.20105097448696452,True,True,0.4752725081177953,True,True,,,
square,0.4,44,50,1.8366662008633368,1.3174187008729266,0.5192474999904102,True,benefit,0.2298496206638713,0.1414911419306275,-28.017174419933863,-8.416661501005784,-0.0318518518518518,0.4109847870411381,0.5751539302935627,-0.9896219910959506,-0.196120849635573,0.7145648588915468,-1.3280252689182976,0.4864291067385172,True,True,0.3107108460634311,True,True,0.49297897169279975,True,True,0.6045795833162347,True,True,0.22024288187760466,True,True,0.5075213219438676,True,True,,,
square,0.4,56,50,2.5004936145921697,1.616166587484178,0.8843270271079917,True,benefit,0.1820598373462431,0.1114288901355755,-33.0003716986256,-28.992433584593336,-0.0462962962962963,0.4240822868814002,0.5802226529126484,-0.991489497020618,-0.2660497606455953,0.7308957772547449,-1.717103625913237,0.6196383740150296,True,True,0.3154035368110848,True,True,0.5229247318311817,True,True,0.5646267338318444,True,True,0.21017748066111475,True,True,0.5142752028657105,True,True,,,
square,0.4,68,50,3.172198627539196,2.1017101714447435,1.0704884560944523,True,benefit,0.0896663490112043,0.0268851015158315,-31.76417976476896,-26.39787968775492,-0.0472328042328042,0.4431171602457515,0.5886905367788199,-0.9908272824989376,-0.3488265412977357,0.7527166355864787,-1.672070884714675,0.7513570879415925,True,True,0.3329058041942645,True,True,0.5248299934110786,True,True,0.5292567703288762,True,True,0.2029084041020545,True,True,0.4945115430551097,True,True,,,
lemniscate,0.2,0,50,0.2152262547526904,0.3070854774739048,-0.0918592227212144,False,harm_cost_dominance,0.0176031086556417,-0.0160749429437731,42.8884158759955,47.64889945812584,0.1598042328042327,0.1075011212025424,0.1142228694226551,-0.9908793065180468,-0.3829486826807673,0.9411523431858428,2.701857024486567,0.02506959339751086,True,False,0.3943733930355832,True,False,-0.039854602036497905,False,True,0.010747295095056897,True,False,0.21570590682020105,True,False,-0.044766253345793705,False,True,,,
lemniscate,0.2,8,50,0.4581242892151433,0.9422875038124524,-0.4841632145973089,False,harm_cost_dominance,0.986811654836547,0.928237641738038,105.1451884384002,781.8992156691713,0.4635978835978836,0.0433721880811906,0.0468804228265634,-0.9891888133084216,-0.3652085203915806,0.9251663160472827,11.373961235813326,0.06792657675936159,True,False,0.11196944334230137,True,False,-0.7458435737210354,False,True,-0.0019896957780288493,False,True,0.2214745817328613,True,False,-0.7458432201381159,False,True,,,
lemniscate,0.2,18,50,0.8448040907020895,0.669909205020092,0.1748948856819975,True,benefit,0.9943174124146712,0.9800124852607804,-20.690272752186832,14.237863692771567,-0.021047619047619,0.0788731428152701,0.0865047818706396,-0.9927339944946524,-0.322337227612001,0.9117778359723285,-0.8854366225664657,0.05881402471239405,True,True,0.09188668958443127,True,True,0.20757416927785177,True,True,0.02792049958186138,True,True,0.2153695157719296,True,True,0.21062406794587632,True,True,,,
lemniscate,0.2,26,50,1.2308850112462155,0.9820764161121984,0.2488085951340169,True,benefit,0.99038754840401,0.9782051938989604,-20.38345301073593,-41.07990533950836,-0.0446931216931216,0.0741135213206283,0.0796820024696504,-0.9945138246725316,-0.3913357693032125,0.9301161996883418,-1.393901867197662,0.07936414953230653,True,True,0.09106045082946301,True,True,0.20810794159074858,True,True,-0.0025539635196991928,False,False,0.2089342284219247,True,True,0.18314951296809082,True,True,,,
lemniscate,0.2,34,50,1.6055680025473154,1.388762392239861,0.2168056103074542,True,benefit,0.9231791585443926,0.874322999585085,-13.696045185729892,52.04464711807974,-0.019026455026455,0.0667829381324432,0.0813781610636201,-0.9907024904210544,-0.0801473824783439,0.8206493887252306,-0.43503217472404354,0.10211743769041264,True,True,0.11238576564215369,True,True,0.16538016782826007,True,True,0.1448076821968628,True,True,0.23119561328828508,True,True,0.2864141316087351,True,True,,,
lemniscate,0.2,44,50,2.091712519559934,1.799942934615301,0.2917695849446329,True,benefit,0.6533223718356517,0.5236569300114597,-13.899511729828353,36.81651349127651,-0.0343703703703703,0.0642433130563415,0.0868646315655967,-0.9906270589005574,0.1417869250572069,0.7395796413161265,-0.6554649146294425,0.12578534132499208,True,True,0.19151848628022794,True,True,0.20882263822002367,True,True,0.2558854298084471,True,True,0.24317223345387734,True,True,0.45742096485502015,True,True,,,
lemniscate,0.2,56,50,2.600243844231073,2.292240889802648,0.3080029544284253,True,benefit,0.8121404836882218,0.7055973138638908,-11.879435630003735,-12.801399302413987,-0.0447777777777777,0.064425358304976,0.0861996738651934,-0.9930435789942704,0.1814760463967547,0.7473967756041633,-0.9710659895689643,0.15413748534863847,True,True,0.14414880233868768,True,True,0.17852621079071582,True,True,0.24871487267023373,True,True,0.24371091182576315,True,True,0.39009686580318925,True,True,,,
lemniscate,0.2,68,50,3.135165061479192,2.8165268749164967,0.318638186562695,True,benefit,0.7888394257758635,0.5944471812066379,-10.439166102881144,-8.822735723441072,-0.0451693121693121,0.061508030530483,0.0846818140291564,-0.9925451617656628,0.2281351125224931,0.7263428545508658,-0.9072896393684429,0.18128211031074323,True,True,0.15098459392126964,True,True,0.17013447206693325,True,True,0.27503540920436703,True,True,0.24602649044648484,True,True,0.4297131895444141,True,True,,,
lemniscate,0.3,0,50,0.2231085590387312,0.3532226866929415,-0.1301141276542103,False,harm_with_local_reversal,-0.1883114217043612,-0.0955597011510685,55.59150014769929,51.79024773460653,0.22205291005291,0.2239787564960407,0.2422169332393434,-0.9666806545603208,-0.555413504147855,0.9247031307869756,3.615788498111452,-0.014922815750712998,False,True,0.472613756330003,True,False,-0.03832939461361834,False,True,0.08860242376840902,True,False,0.24255967504499693,True,False,-0.10905569342789845,False,True,-0.16298721612058925,False,True
lemniscate,0.3,8,50,0.4725301303704742,1.130662109960236,-0.6581319795897618,False,harm_cost_dominance,0.7890851449906059,0.5486167026057157,139.03682208707653,742.5952875734008,0.6537619047619048,0.0546778722478372,0.0610423015205436,-0.9847085311582532,-0.4926039321678925,0.8957373966221691,13.711490977885045,0.057208000518843505,True,False,0.16568624594409498,True,False,-0.963411172267123,False,True,0.04035335624376804,True,False,0.22184179943875082,True,False,-0.9552447154679218,False,True,,,
lemniscate,0.3,18,50,0.8397112775814787,1.095362845395946,-0.2556515678144672,False,harm_cost_dominance,0.881179857259522,0.7888560870847818,27.3191596136163,711.1478145785125,0.3508677248677249,0.0677330959921364,0.0795245660321731,-0.984115052320402,-0.3250419498787048,0.8517254399695026,7.6895021783250375,0.12106823130303031,True,False,0.1343484088111435,True,False,-0.13578397686122942,False,True,0.09805836512802324,True,False,0.2237944359131685,True,False,0.01094771687300955,True,False,,,
lemniscate,0.3,26,50,1.2236286862724757,0.8805765388764998,0.3430521473959756,True,benefit,0.6275522050877652,0.56773156062332,-28.15341425119404,-33.87950479422917,-0.0467566137566137,0.1715593012831582,0.1948324895054946,-0.972186855015329,-0.4689798365594821,0.8805477039203974,-1.6031161717149718,0.17337560877050986,True,True,0.19852168214402763,True,True,0.34799306400222174,True,True,0.08944409553095889,True,True,0.2057592198811931,True,True,0.38362779460929464,True,True,0.6454640583470009,True,True
lemniscate,0.3,34,50,1.5900303214567515,1.2552581651016654,0.3347721563550863,True,benefit,0.5485248995045829,0.4854663107445202,-21.262533115506788,52.807335292796,-0.0441269841269841,0.1343070852299845,0.1592360143712065,-0.9764680603506146,-0.300112858598561,0.843446664753186,-0.8631112178863964,0.23386369105396793,True,True,0.22172870934900857,True,True,0.2936624388258389,True,True,0.13190926837461298,True,True,0.21848177760338097,True,True,0.4060900096463117,True,True,,,
lemniscate,0.3,44,50,2.0759421946616485,1.5741054407932962,0.5018367538683524,True,benefit,0.49137061544622,0.4054023642605983,-24.267753859421244,22.475644842009164,-0.0471746031746031,0.1133430473622893,0.1438760959708989,-0.9793794026600888,-0.1224613635580369,0.787782338667395,-1.1572756046868031,0.3068382876885094,True,True,0.23652894677260733,True,True,0.3116012411242802,True,True,0.2002219136261891,True,True,0.22464744679877754,True,True,0.49043356480678413,True,True,,,
lemniscate,0.3,56,50,2.5842083930861683,2.151354848647534,0.4328535444386343,True,benefit,0.6003044593799934,0.5032332441662049,-17.00999258809661,-21.655977958379207,-0.0466931216931216,0.1394591509967745,0.1809610514746498,-0.9757584700422816,-0.0194088814348876,0.7706583812390747,-1.1938250975249007,0.39819271980990667,True,True,0.2055567145341501,True,True,0.2699334190344227,True,True,0.2402623760105555,True,True,0.23039314648231005,True,True,0.43758763979453374,True,True,,,
lemniscate,0.3,68,50,3.105015112678389,2.567298534819117,0.5377165778592716,True,benefit,0.5739477929687212,0.413531021579344,-17.538749685913373,-16.85728572446047,-0.0474920634920634,0.1320375337121823,0.1782197755691074,-0.9763447864674556,0.0526674446555401,0.7408691504102066,-1.1880435819071813,0.48649711576122345,True,True,0.21217079523878574,True,True,0.2692356783958339,True,True,0.27500722494475777,True,True,0.2279662853038986,True,True,0.48507616849635027,True,True,,,
lemniscate,0.4,0,50,0.2214255759395528,0.3420439533979907,-0.1206183774584378,False,harm_cost_dominance,0.4418110440831753,0.3162587671826062,54.59937672729297,70.50075128293781,0.1929206349206349,0.530788501454986,0.618002595472337,-0.9855469578845788,-0.6667455829951237,0.858877463207588,3.4593403593575984,-0.04698660219809986,False,True,0.25819860731528177,True,False,0.017955649198787116,True,False,0.4595165416621111,True,False,0.20547591653770894,True,False,-0.13218730260485415,False,True,,,
lemniscate,0.4,8,50,0.4697380373777009,1.0265523488825554,-0.5568143115048545,False,harm_cost_dominance,0.6602765499486699,0.5325888111197632,118.05179508779628,751.4624791978498,0.5597089947089947,0.1753842353736386,0.1991796340761448,-0.9917492909384344,-0.5104343480123934,0.8805329730979955,12.365504354969804,0.0814432173869026,True,False,0.19911050666702676,True,False,-0.6932338269721772,False,True,0.15548885950880237,True,False,0.21912165112748547,True,False,-0.6955009938890427,False,True,,,
lemniscate,0.4,18,50,0.83513556307454,1.0778495892709656,-0.2427140261964256,False,harm_cost_dominance,0.6535624240570438,0.3961654429661523,23.4553023191705,749.7543899337538,0.3824232804232804,0.1683282041559157,0.1893977404989449,-0.9915251048053122,-0.5623658708380768,0.8887550807759158,8.056316234524125,0.1836453221340515,True,False,0.19745665506571405,True,False,0.004541859427402317,True,False,0.1327039622769728,True,False,0.21086372594509326,True,False,0.09943069251461237,True,False,,,
lemniscate,0.4,26,50,1.2244280096152544,0.7716577574167579,0.4527702521984965,True,benefit,0.2785291730660957,0.1361555212253518,-37.07489290472479,-36.16464897457048,-0.0495661375661375,0.4604164460090535,0.5391061516492993,-0.988562775900669,-0.576890900065254,0.8540367135498108,-1.9090407515315215,0.2611153363140051,True,True,0.298167995890106,True,True,0.5736836851593963,True,True,0.3863534841321302,True,True,0.1943333518197649,True,True,0.5670837823047601,True,True,,,
lemniscate,0.4,34,50,1.5953015063305862,1.0029924542868809,0.5923090520437053,True,benefit,0.1239794425757526,0.0235489978378993,-37.33517580906048,-34.78458344025398,-0.049026455026455,0.4955934622194944,0.5851997488416215,-0.9862699305576929,-0.5709713981613653,0.8468791437462183,-1.9043991928443997,0.3585651440962506,True,True,0.33850859818369955,True,True,0.6032122896055434,True,True,0.415202545344923,True,True,0.1927311999302912,True,True,0.59316020966364,True,True,,,
lemniscate,0.4,44,50,2.072349194948814,1.340206826654485,0.7321423682943287,True,benefit,0.2076049920911044,0.1274040128716455,-35.58552143817018,37.073655845548245,-0.0498306878306878,0.1184906063249885,0.1469822240342408,-0.9932097574542952,-0.3602578192646575,0.8061560307958402,-1.4349817698535334,0.4788996842384794,True,True,0.31223703609301806,True,True,0.4037468412418111,True,True,0.2018780196724575,True,True,0.2035769747670116,True,True,0.5967746326493433,True,True,,,
lemniscate,0.4,56,50,2.575504201479472,1.9207417393342805,0.6547624621451908,True,benefit,0.2398569209711076,0.1642974697648188,-25.61289336312924,-28.262839185496503,-0.0498941798941798,0.345702615384625,0.4479388361975284,-0.9890828902463756,-0.3062035291863212,0.7717629896064201,-1.5187449934186332,0.6337343397411421,True,True,0.30514082521803254,True,True,0.45038213795263715,True,True,0.4349065578834379,True,True,0.21238295099929821,True,True,0.5601444042937666,True,True,,,
lemniscate,0.4,68,50,3.1067749440778374,2.199486106091272,0.9072888379865652,True,benefit,0.1949574639005849,0.1089391345611128,-29.390795663662484,-34.391603178722804,-0.0499788359788359,0.3841368865016247,0.5070813370878438,-0.9882191524146928,-0.287116088059577,0.7575449112517408,-1.6697026255931047,0.7689122149995145,True,True,0.31156388784343314,True,True,0.4869835833488363,True,True,0.47964401147678737,True,True,0.21137948120439054,True,True,0.5919604453896783,True,True,,,
zigzag,0.2,0,50,1.7122836988221832,1.486629084636911,0.2256546141852722,True,benefit,-0.0704216789215529,0.0484515482308833,-6.38521317823327,9.933051953609594,-0.0452433862433862,0.0124617469106361,0.014948439761153,-0.9932400649942608,0.282383682465684,0.8336486690083103,-0.6749358581987696,-0.0027539862675150517,False,False,0.41030804728986436,True,True,0.24437317495582453,True,True,0.08762308781684827,True,True,0.2549116487284728,True,True,0.2977249399247907,True,True,,,
zigzag,0.2,8,50,1.5258798161187577,1.4849000435359547,0.0409797725828029,True,benefit,0.7992953768025609,0.7320596904773062,-2.366413826081767,-1.5099731774641738,-0.0136243386243386,0.0235579780050145,0.0271367169763986,-0.99376087363696,0.2481134962332884,0.8681218890812544,-0.3640210665106638,0.03644816622043437,True,True,0.15216372012694002,True,True,0.10638598346069073,True,True,0.05458115779508774,True,True,0.26356648809666633,True,True,0.058167011897817394,True,True,,,
zigzag,0.2,18,50,1.6388350964004963,1.5748569183717536,0.0639781780287427,True,benefit,0.6673644453107522,0.8065764116758171,-7.680859007801278,-8.898305506245777,-0.0022380952380952,0.0338877453905363,0.0388145199238011,-0.9941929549372897,-0.0669324093891158,0.8730687757329779,-0.47566681553292034,0.06298817887570748,True,True,0.19000652042245905,True,True,0.15950093467736332,True,True,0.0556545343654318,True,True,0.23457724336723412,True,True,0.07125426812909097,True,True,,,
zigzag,0.2,26,50,1.9790302110500853,1.8456845464734344,0.1333456645766508,True,benefit,0.8533359642138408,0.8839898726623084,-10.244604746723036,-29.68532143423132,-0.036058201058201,0.0717181383215509,0.0842161504108784,-0.9922778509187498,-0.1537031746074162,0.8515960177667643,-0.9502350825547342,0.08266947804564984,True,True,0.1348752104731114,True,True,0.16522124702759974,True,True,0.10926406673322936,True,True,0.22720746227724148,True,True,0.09541680780358679,True,True,,,
zigzag,0.2,34,50,2.182126691745091,2.042931563072385,0.1391951286727062,True,benefit,0.9537230767445444,0.9483560259617724,-6.276664329700406,-1.527391913325321,-0.0064021164021164,0.0646325899986136,0.0804612511636838,-0.9938000158653696,-0.1711710185465271,0.8032759752533594,-0.4236499866328932,0.10421499496959101,True,True,0.1050286919660254,True,True,0.1180540089159044,True,True,0.17523974801444808,True,True,0.22557831623806296,True,True,0.09541633617537591,True,True,,,
zigzag,0.2,44,50,2.525802032878109,2.3294474064287134,0.1963546264493954,True,benefit,0.9562170362020784,0.8941881829429087,-7.614285754656986,-1.9700244913552292,0.0062962962962962,0.0601975505416209,0.0797824232380185,-0.993754503376445,-0.0057632008943753,0.7545214609743156,-0.3635458248273359,0.12915986857901984,True,True,0.1028735634253974,True,True,0.1239816841553974,True,True,0.24017832427567284,True,True,0.23563129869692762,True,True,0.15850011828942995,True,True,,,
zigzag,0.2,56,50,2.910098685171932,2.704692940031606,0.2054057451403257,True,benefit,0.9457230240856346,0.8559605411622394,-6.139513526924602,-5.453147805471294,-0.0111587301587301,0.0532957521150158,0.080647510098667,-0.993973750136712,0.1033083716710088,0.6608480788782183,-0.4812519645419493,0.16043726748598264,True,True,0.10583058477621016,True,True,0.11699847015828607,True,True,0.3782388545426205,True,True,0.24285603798828517,True,True,0.2645790942115001,True,True,,,
zigzag,0.2,68,50,2.69084715591886,2.698300407576633,-0.0074532516577736,False,harm_or_neutral_unclear,0.7614247628727484,0.6323212734683789,2.433243986781028,-8.99557397961605,0.0064021164021164,0.0536668879297389,0.0861865138691113,-0.99375313166719,0.4479189947973397,0.6226831266344185,-0.10036342595347184,0.21635925507879278,True,False,0.1637750663749049,True,False,0.0979956690139935,True,False,0.469939995803418,True,False,0.29186882872157216,True,False,0.32325553211369407,True,False,,,
zigzag,0.3,0,50,1.812023593254065,1.5950927480584371,0.2169308451956277,True,benefit,-0.0379605619650619,-0.1359915461021452,-6.596952013502043,4.961754460512348,-0.0403862433862433,0.0223896915394629,0.0295990518690904,-0.9923080319960949,-0.3215554784439417,0.7564327275916541,-0.6711533056224702,-0.026479731074495805,False,False,0.400207840200121,True,True,0.25835771683780206,True,True,0.20085049938518518,True,True,0.21494942422855065,True,True,0.41591239706490624,True,True,,,
zigzag,0.3,8,50,1.5362627945718377,1.5288473543452872,0.0074154402265502,True,benefit,0.5877300818907147,0.5702379532326615,-3.6185148815570938,-1.8994586272387928,0.0052962962962962,0.0332747071858304,0.0373777953314567,-0.9928663208028076,0.0974480645812816,0.8902265874902153,-0.2504807060762844,0.041804163506989955,True,True,0.21374120311508724,True,True,0.14554656262742952,True,True,0.030320404999650774,True,True,0.2502307530635233,True,True,0.07678601679730779,True,True,,,
zigzag,0.3,18,50,1.6717440323461903,1.5679726530284368,0.1037713793177534,True,benefit,0.2668827272192999,0.4088475776246293,-7.775540578861614,-14.460697745889576,-0.0046296296296296,0.086597604998221,0.1016391722602388,-0.9857826448934354,0.0700814398138487,0.8520101361755967,-0.5307018649633475,0.11577720356161411,True,True,0.30802566697897266,True,True,0.24013475773092796,True,True,0.10818644857281069,True,True,0.24684866754465393,True,True,0.189936414496616,True,True,,,
zigzag,0.3,26,50,1.9797349922968024,1.7150218925291227,0.2647130997676798,True,benefit,0.5759805175864046,0.5840006425680199,-19.5164814562531,-47.18577920908256,-0.0438994708994709,0.123239981808716,0.1490681419507954,-0.9796716221771482,-0.1699755781371504,0.8267358819659482,-1.3971998986386363,0.1742574983414346,True,True,0.21445287344308364,True,True,0.28280242392068067,True,True,0.15799330462050018,True,True,0.22835568401959955,True,True,0.24700077575642795,True,True,,,
zigzag,0.3,34,50,2.1809923759610226,1.9425327687588536,0.2384596072021687,True,benefit,0.5983443679506648,0.5306412822260674,-10.862360535114826,-12.403458734310975,-0.0196243386243386,0.1476937022882378,0.1840222221429922,-0.9738839881140054,-0.232453093749624,0.8025862342509604,-0.7336795510592999,0.23488828143833962,True,True,0.20819772544764767,True,True,0.23427230020225132,True,True,0.2023966534112736,True,True,0.22688322676814784,True,True,0.22192602087985452,True,True,,,
zigzag,0.3,44,50,2.5027081787759617,2.224717621991911,0.2779905567840508,True,benefit,0.7023565044047076,0.6026247077771374,-10.564797988899205,-8.242504312683371,-0.001015873015873,0.1223812711415293,0.1636459782645064,-0.978781056923522,-0.1538257428452744,0.7478416056379975,-0.549045447552474,0.30993918101128565,True,True,0.17724730399851868,True,True,0.20596103350585027,True,True,0.2726873073610799,True,True,0.2292392709669038,True,True,0.25082033892675537,True,True,,,
zigzag,0.3,56,50,2.9153537280747432,2.620312113113177,0.2950416149615664,True,benefit,0.7750837230984183,0.6411574065918382,-9.416614653984183,-6.167191459445625,-0.014063492063492,0.1061403787650394,0.1584625104821337,-0.9794700275864452,0.0230889866352148,0.6698138155334002,-0.6080992759984286,0.401457276961877,True,True,0.15545098758731102,True,True,0.18365543921967398,True,True,0.3803570223874788,True,True,0.2394166378717121,True,True,0.3202558715100423,True,True,,,
zigzag,0.3,68,50,2.693177671110744,2.8563194730244934,-0.16314180191375,False,harm_or_neutral_unclear,0.6974392524159718,0.5784489329877196,6.901753888512579,-6.3089769994062825,0.0255661375661375,0.1045074833181969,0.1592736978451943,-0.9799106060562917,0.1660349698155245,0.6561502918063264,0.20616934747302573,0.5148249050770536,True,False,0.1840474733855916,True,False,0.10198264328645992,True,False,0.43951311223814016,True,False,0.275024972810762,True,False,0.26995400596003355,True,False,,,
zigzag,0.4,0,50,1.7750086956679283,1.5414319622558097,0.2335767334121188,True,benefit,0.3473390776052986,0.2987512922960619,-2.6884270593718065,8.339085280781768,-0.042037037037037,0.1176299263361239,0.138584514821345,-0.993715779592431,-0.5880132819268792,0.8487955994778021,-0.5465424718516542,-0.07802454366322101,False,False,0.281737834539669,True,True,0.20716907901707662,True,True,0.1491924422507444,True,True,0.19636868570845362,True,True,0.1862497905705052,True,True,,,
zigzag,0.4,8,50,1.5197981137954395,1.501430954677275,0.0183671591181646,True,benefit,0.3780926343994689,0.3021195915862623,-2.857862159889012,-2.130722994362765,0.0103386243386243,0.0891853609812459,0.1027002723474994,-0.9954577490902184,-0.3702921032828872,0.8684043278821687,-0.18789654922677673,0.04696537247864421,True,True,0.27563018309105447,True,True,0.19663746499953516,True,True,0.10729184610270469,True,True,0.21497075561002774,True,True,0.15315458259472875,True,True,,,
zigzag,0.4,18,50,1.6594820572196085,1.5575541617541022,0.101927895465506,True,benefit,0.2253937843239349,0.2979273276740636,-9.818633520821418,-3.844364014738329,-0.0082857142857142,0.1407805982064129,0.1695840662108528,-0.9933495107321328,-0.3102662642599865,0.830152274043087,-0.5596460322976173,0.1706753328277083,True,True,0.320797519026089,True,True,0.2787745914473827,True,True,0.1960641789653368,True,True,0.21712828710603965,True,True,0.2495867311172056,True,True,,,
zigzag,0.4,26,50,1.9755613739248283,1.5885056125812484,0.3870557613435799,True,benefit,0.1530459153406309,0.0899297970734678,-30.14318047295643,-63.74224163852445,-0.0482910052910052,0.2660311926069529,0.342468482182209,-0.9910166588893554,-0.3335849748824032,0.7768048928526278,-1.8515367286555873,0.26299652865265527,True,True,0.3358548656866375,True,True,0.4698347091992894,True,True,0.37070148300390526,True,True,0.212501527625382,True,True,0.47586069110668405,True,True,,,
zigzag,0.4,34,50,2.164452855217359,1.6670304809013723,0.4974223743159867,True,benefit,0.1362638175050024,0.0671636425878001,-25.76781375228209,-49.74601647011717,-0.0439682539682539,0.3700785840598301,0.4941680574187847,-0.9880616086715426,-0.3414857339735822,0.7488921602761659,-1.6017781126238768,0.3611296204063128,True,True,0.33772721245682763,True,True,0.48133540727121027,True,True,0.4991999391418337,True,True,0.2122022068487921,True,True,0.4770241536331553,True,True,,,
zigzag,0.4,44,50,2.4960934008216027,2.039483027375912,0.4566103734456908,True,benefit,0.201377543382693,0.1550583866138559,-17.525625494677524,-22.758069658371117,-0.0058888888888888,0.3658706063661205,0.4967231258903972,-0.9902143798593922,-0.3117374072263124,0.7365684972091484,-0.8844764547712635,0.48864438507613445,True,True,0.32016841990989764,True,True,0.4126023502773388,True,True,0.5241625506441441,True,True,0.2135732769740672,True,True,0.4066862728338427,True,True,,,
zigzag,0.4,56,50,2.9060505467019424,2.411214258087634,0.4948362886143083,True,benefit,0.2637084104997211,0.1885569320518672,-15.94667052868173,-15.687678204759523,-0.0158095238095238,0.3183168207787368,0.4501191962850641,-0.9914750318865962,-0.1884463495647677,0.7071833936563421,-0.875703494173089,0.6435542954523601,True,True,0.30161402003255505,True,True,0.37623701880674776,True,True,0.5349717681577196,True,True,0.21986264542313158,True,True,0.4209902540430357,True,True,,,
zigzag,0.4,68,50,2.684374767396709,2.608067227214515,0.0763075401821939,True,benefit,0.1912568930668029,0.1216261816540168,-1.8880377540923845,-22.1615686075986,-0.0055608465608465,0.3132084995175159,0.4583340710405606,-0.990592092383702,-0.0498896109397767,0.6833628990453086,-0.4056550444662488,0.8582995704041612,True,True,0.3319783987630733,True,True,0.3087931106310604,True,True,0.6008342313917155,True,True,0.23613940133670547,True,True,0.394322807936101,True,True,,,
