base_condition_id,paired_id,q_dirs,traj,tr,delay,rep,rmse_t3,rmse_honest,rmse_gap_t3_minus_honest
sscrn_circle_tr0.25_d12_rep0,sscrn_circle_tr0.25_d12_rep0_q4,4,circle,0.25,12,0,0.7404276960689365,0.7628611045633377,-0.02243340849440112
sscrn_circle_tr0.25_d12_rep0,sscrn_circle_tr0.25_d12_rep0_q8,8,circle,0.25,12,0,0.3390891928782258,0.3583637353107743,-0.019274542432548503
sscrn_circle_tr0.25_d12_rep0,sscrn_circle_tr0.25_d12_rep0_q16,16,circle,0.25,12,0,0.21824132499107374,0.2616360463668442,-0.04339472137577044
sscrn_circle_tr0.25_d12_rep1,sscrn_circle_tr0.25_d12_rep1_q4,4,circle,0.25,12,1,0.7362423528417478,0.7083990303589357,0.027843322482812072
sscrn_circle_tr0.25_d12_rep1,sscrn_circle_tr0.25_d12_rep1_q8,8,circle,0.25,12,1,0.3327376793781432,0.35652080756333643,-0.023783128185193236
sscrn_circle_tr0.25_d12_rep1,sscrn_circle_tr0.25_d12_rep1_q16,16,circle,0.25,12,1,0.21047811908037178,0.254496977570562,-0.044018858490190216
sscrn_circle_tr0.25_d12_rep2,sscrn_circle_tr0.25_d12_rep2_q4,4,circle,0.25,12,2,0.741341819529941,0.7230469432020662,0.018294876327874854
sscrn_circle_tr0.25_d12_rep2,sscrn_circle_tr0.25_d12_rep2_q8,8,circle,0.25,12,2,0.3332411452032929,0.33745929572533023,-0.004218150522037334
sscrn_circle_tr0.25_d12_rep2,sscrn_circle_tr0.25_d12_rep2_q16,16,circle,0.25,12,2,0.20020534274002846,0.2589862225126913,-0.05878087977266286
sscrn_circle_tr0.25_d12_rep3,sscrn_circle_tr0.25_d12_rep3_q4,4,circle,0.25,12,3,0.7232518051127487,0.7779755785535946,-0.05472377344084589
sscrn_circle_tr0.25_d12_rep3,sscrn_circle_tr0.25_d12_rep3_q8,8,circle,0.25,12,3,0.3197545922799258,0.35713924177919487,-0.03738464949926906
sscrn_circle_tr0.25_d12_rep3,sscrn_circle_tr0.25_d12_rep3_q16,16,circle,0.25,12,3,0.19558107080268777,0.25618772377676496,-0.06060665297407719
sscrn_circle_tr0.25_d12_rep4,sscrn_circle_tr0.25_d12_rep4_q4,4,circle,0.25,12,4,0.7366833390765839,0.7394388400794725,-0.002755501002888572
sscrn_circle_tr0.25_d12_rep4,sscrn_circle_tr0.25_d12_rep4_q8,8,circle,0.25,12,4,0.31443475253033687,0.3583829807814161,-0.04394822825107925
sscrn_circle_tr0.25_d12_rep4,sscrn_circle_tr0.25_d12_rep4_q16,16,circle,0.25,12,4,0.20331196257994064,0.259194222866353,-0.05588226028641238
sscrn_circle_tr0.25_d12_rep5,sscrn_circle_tr0.25_d12_rep5_q4,4,circle,0.25,12,5,0.7481266063100672,0.7095139384751262,0.038612667834940995
sscrn_circle_tr0.25_d12_rep5,sscrn_circle_tr0.25_d12_rep5_q8,8,circle,0.25,12,5,0.33363163210307545,0.35217920394977464,-0.018547571846699196
sscrn_circle_tr0.25_d12_rep5,sscrn_circle_tr0.25_d12_rep5_q16,16,circle,0.25,12,5,0.2036752420945968,0.2646969507120138,-0.061021708617417014
sscrn_circle_tr0.25_d12_rep6,sscrn_circle_tr0.25_d12_rep6_q4,4,circle,0.25,12,6,0.737531777232858,0.7352633660160464,0.00226841121681165
sscrn_circle_tr0.25_d12_rep6,sscrn_circle_tr0.25_d12_rep6_q8,8,circle,0.25,12,6,0.3176234140405117,0.37123885124778827,-0.05361543720727657
sscrn_circle_tr0.25_d12_rep6,sscrn_circle_tr0.25_d12_rep6_q16,16,circle,0.25,12,6,0.2025767846164789,0.26191744277911777,-0.059340658162638865
sscrn_circle_tr0.25_d12_rep7,sscrn_circle_tr0.25_d12_rep7_q4,4,circle,0.25,12,7,0.7140803091350351,0.7289235970033359,-0.014843287868300803
sscrn_circle_tr0.25_d12_rep7,sscrn_circle_tr0.25_d12_rep7_q8,8,circle,0.25,12,7,0.32098469721580475,0.35665115440908624,-0.03566645719328149
sscrn_circle_tr0.25_d12_rep7,sscrn_circle_tr0.25_d12_rep7_q16,16,circle,0.25,12,7,0.21220174640464595,0.27031905232528475,-0.058117305920638795
sscrn_circle_tr0.25_d34_rep0,sscrn_circle_tr0.25_d34_rep0_q4,4,circle,0.25,34,0,1.5479284163429354,1.7452480722374262,-0.19731965589449074
sscrn_circle_tr0.25_d34_rep0,sscrn_circle_tr0.25_d34_rep0_q8,8,circle,0.25,34,0,0.8917332640326139,1.1939525200702545,-0.30221925603764066
sscrn_circle_tr0.25_d34_rep0,sscrn_circle_tr0.25_d34_rep0_q16,16,circle,0.25,34,0,0.7700468928425288,0.948987468209718,-0.17894057536718921
sscrn_circle_tr0.25_d34_rep1,sscrn_circle_tr0.25_d34_rep1_q4,4,circle,0.25,34,1,1.6142009968507678,1.5634764786820277,0.05072451816874013
sscrn_circle_tr0.25_d34_rep1,sscrn_circle_tr0.25_d34_rep1_q8,8,circle,0.25,34,1,1.0395336280372012,1.219231408865871,-0.17969778082866972
sscrn_circle_tr0.25_d34_rep1,sscrn_circle_tr0.25_d34_rep1_q16,16,circle,0.25,34,1,0.8837913358118874,0.6668437877425134,0.216947548069374
sscrn_circle_tr0.25_d34_rep2,sscrn_circle_tr0.25_d34_rep2_q4,4,circle,0.25,34,2,1.6386384609328668,1.6843663642757982,-0.04572790334293142
sscrn_circle_tr0.25_d34_rep2,sscrn_circle_tr0.25_d34_rep2_q8,8,circle,0.25,34,2,1.0816261649455077,1.3728948231856437,-0.29126865824013604
sscrn_circle_tr0.25_d34_rep2,sscrn_circle_tr0.25_d34_rep2_q16,16,circle,0.25,34,2,0.6839918376266814,1.0039365302720231,-0.31994469264534176
sscrn_circle_tr0.25_d34_rep3,sscrn_circle_tr0.25_d34_rep3_q4,4,circle,0.25,34,3,1.5749764924467264,1.677556015662346,-0.10257952321561947
sscrn_circle_tr0.25_d34_rep3,sscrn_circle_tr0.25_d34_rep3_q8,8,circle,0.25,34,3,0.9676658975456248,1.2905333639699996,-0.3228674664243748
sscrn_circle_tr0.25_d34_rep3,sscrn_circle_tr0.25_d34_rep3_q16,16,circle,0.25,34,3,0.6919848422930408,0.6716308988694398,0.020353943423600973
sscrn_circle_tr0.25_d34_rep4,sscrn_circle_tr0.25_d34_rep4_q4,4,circle,0.25,34,4,1.5629853162914582,1.767396438939749,-0.20441112264829076
sscrn_circle_tr0.25_d34_rep4,sscrn_circle_tr0.25_d34_rep4_q8,8,circle,0.25,34,4,0.9124889999346041,1.2469950573979747,-0.3345060574633706
sscrn_circle_tr0.25_d34_rep4,sscrn_circle_tr0.25_d34_rep4_q16,16,circle,0.25,34,4,0.8203472096063179,0.9347725761190893,-0.11442536651277135
sscrn_circle_tr0.25_d34_rep5,sscrn_circle_tr0.25_d34_rep5_q4,4,circle,0.25,34,5,1.5840495628078064,1.6778792178633248,-0.09382965505551843
sscrn_circle_tr0.25_d34_rep5,sscrn_circle_tr0.25_d34_rep5_q8,8,circle,0.25,34,5,0.9755070153470964,1.2897614361234455,-0.31425442077634913
sscrn_circle_tr0.25_d34_rep5,sscrn_circle_tr0.25_d34_rep5_q16,16,circle,0.25,34,5,0.8264369139329368,0.671620991872037,0.15481592206089978
sscrn_circle_tr0.25_d34_rep6,sscrn_circle_tr0.25_d34_rep6_q4,4,circle,0.25,34,6,1.5661371298624294,1.6069116889658994,-0.040774559103470054
sscrn_circle_tr0.25_d34_rep6,sscrn_circle_tr0.25_d34_rep6_q8,8,circle,0.25,34,6,0.9391839857558549,1.2298239458932383,-0.29063996013738336
sscrn_circle_tr0.25_d34_rep6,sscrn_circle_tr0.25_d34_rep6_q16,16,circle,0.25,34,6,0.8147233065362519,1.0728990878653546,-0.2581757813291027
sscrn_circle_tr0.25_d34_rep7,sscrn_circle_tr0.25_d34_rep7_q4,4,circle,0.25,34,7,1.632425499141488,1.642781144087162,-0.010355644945674092
sscrn_circle_tr0.25_d34_rep7,sscrn_circle_tr0.25_d34_rep7_q8,8,circle,0.25,34,7,0.9239851682106609,1.2289760541178927,-0.3049908859072318
sscrn_circle_tr0.25_d34_rep7,sscrn_circle_tr0.25_d34_rep7_q16,16,circle,0.25,34,7,0.6643477334531475,0.7059754313751957,-0.041627697922048235
sscrn_circle_tr0.35_d12_rep0,sscrn_circle_tr0.35_d12_rep0_q4,4,circle,0.35,12,0,0.7524333484703674,0.7203762935630452,0.032057054907322136
sscrn_circle_tr0.35_d12_rep0,sscrn_circle_tr0.35_d12_rep0_q8,8,circle,0.35,12,0,0.3264156178028798,0.3538784701828461,-0.027462852379966318
sscrn_circle_tr0.35_d12_rep0,sscrn_circle_tr0.35_d12_rep0_q16,16,circle,0.35,12,0,0.2041787944886796,0.2536353374682435,-0.04945654297956392
sscrn_circle_tr0.35_d12_rep1,sscrn_circle_tr0.35_d12_rep1_q4,4,circle,0.35,12,1,0.7084240905106869,0.7463461948557762,-0.03792210434508936
sscrn_circle_tr0.35_d12_rep1,sscrn_circle_tr0.35_d12_rep1_q8,8,circle,0.35,12,1,0.3230471478459483,0.3578388047933786,-0.034791656947430305
sscrn_circle_tr0.35_d12_rep1,sscrn_circle_tr0.35_d12_rep1_q16,16,circle,0.35,12,1,0.19116057403796452,0.26085774013336577,-0.06969716609540125
sscrn_circle_tr0.35_d12_rep2,sscrn_circle_tr0.35_d12_rep2_q4,4,circle,0.35,12,2,0.7387879996489023,0.7230060574948874,0.01578194215401485
sscrn_circle_tr0.35_d12_rep2,sscrn_circle_tr0.35_d12_rep2_q8,8,circle,0.35,12,2,0.36056625753368615,0.35160979027730505,0.008956467256381107
sscrn_circle_tr0.35_d12_rep2,sscrn_circle_tr0.35_d12_rep2_q16,16,circle,0.35,12,2,0.19872478948866448,0.2593984967597017,-0.06067370727103724
sscrn_circle_tr0.35_d12_rep3,sscrn_circle_tr0.35_d12_rep3_q4,4,circle,0.35,12,3,0.7973575794640902,0.738101907741658,0.05925567172243229
sscrn_circle_tr0.35_d12_rep3,sscrn_circle_tr0.35_d12_rep3_q8,8,circle,0.35,12,3,0.3396988757173689,0.35811236639474386,-0.018413490677374966
sscrn_circle_tr0.35_d12_rep3,sscrn_circle_tr0.35_d12_rep3_q16,16,circle,0.35,12,3,0.20994495736595709,0.2656143174126587,-0.05566936004670159
sscrn_circle_tr0.35_d12_rep4,sscrn_circle_tr0.35_d12_rep4_q4,4,circle,0.35,12,4,0.747462144971827,0.7855520317702224,-0.03808988679839542
sscrn_circle_tr0.35_d12_rep4,sscrn_circle_tr0.35_d12_rep4_q8,8,circle,0.35,12,4,0.34061699872867673,0.35459471820223776,-0.013977719473561023
sscrn_circle_tr0.35_d12_rep4,sscrn_circle_tr0.35_d12_rep4_q16,16,circle,0.35,12,4,0.2045033726840513,0.25556471873945247,-0.05106134605540116
sscrn_circle_tr0.35_d12_rep5,sscrn_circle_tr0.35_d12_rep5_q4,4,circle,0.35,12,5,0.7015186947416815,0.794244401222029,-0.0927257064803475
sscrn_circle_tr0.35_d12_rep5,sscrn_circle_tr0.35_d12_rep5_q8,8,circle,0.35,12,5,0.36107286287712037,0.3611667521180625,-9.388924094211326e-05
sscrn_circle_tr0.35_d12_rep5,sscrn_circle_tr0.35_d12_rep5_q16,16,circle,0.35,12,5,0.19537377703607836,0.2587064463292964,-0.06333266929321804
sscrn_circle_tr0.35_d12_rep6,sscrn_circle_tr0.35_d12_rep6_q4,4,circle,0.35,12,6,0.7032124546815903,0.7509645150294041,-0.04775206034781376
sscrn_circle_tr0.35_d12_rep6,sscrn_circle_tr0.35_d12_rep6_q8,8,circle,0.35,12,6,0.3380785351198082,0.34904040506515494,-0.010961869945346758
sscrn_circle_tr0.35_d12_rep6,sscrn_circle_tr0.35_d12_rep6_q16,16,circle,0.35,12,6,0.1783762165901195,0.2597412876866582,-0.0813650710965387
sscrn_circle_tr0.35_d12_rep7,sscrn_circle_tr0.35_d12_rep7_q4,4,circle,0.35,12,7,0.7177648724734385,0.7080184693305919,0.009746403142846582
sscrn_circle_tr0.35_d12_rep7,sscrn_circle_tr0.35_d12_rep7_q8,8,circle,0.35,12,7,0.333024034220224,0.3542177855050781,-0.021193751284854123
sscrn_circle_tr0.35_d12_rep7,sscrn_circle_tr0.35_d12_rep7_q16,16,circle,0.35,12,7,0.20161537154944537,0.2569888675642926,-0.05537349601484726
sscrn_circle_tr0.35_d34_rep0,sscrn_circle_tr0.35_d34_rep0_q4,4,circle,0.35,34,0,1.40055245213634,1.6954716486785575,-0.29491919654221754
sscrn_circle_tr0.35_d34_rep0,sscrn_circle_tr0.35_d34_rep0_q8,8,circle,0.35,34,0,0.5995306806022821,1.2733152714766462,-0.6737845908743642
sscrn_circle_tr0.35_d34_rep0,sscrn_circle_tr0.35_d34_rep0_q16,16,circle,0.35,34,0,0.5092411794657833,0.6764915045401332,-0.1672503250743499
sscrn_circle_tr0.35_d34_rep1,sscrn_circle_tr0.35_d34_rep1_q4,4,circle,0.35,34,1,1.5070250447385916,1.6839454630512778,-0.17692041831268623
sscrn_circle_tr0.35_d34_rep1,sscrn_circle_tr0.35_d34_rep1_q8,8,circle,0.35,34,1,0.5947367597802548,1.263031389879289,-0.6682946300990343
sscrn_circle_tr0.35_d34_rep1,sscrn_circle_tr0.35_d34_rep1_q16,16,circle,0.35,34,1,0.5015582936757188,1.0161122242567908,-0.514553930581072
sscrn_circle_tr0.35_d34_rep2,sscrn_circle_tr0.35_d34_rep2_q4,4,circle,0.35,34,2,1.452378126553776,1.6627529929731992,-0.21037486641942316
sscrn_circle_tr0.35_d34_rep2,sscrn_circle_tr0.35_d34_rep2_q8,8,circle,0.35,34,2,0.5711526652676017,1.3174038241287926,-0.746251158861191
sscrn_circle_tr0.35_d34_rep2,sscrn_circle_tr0.35_d34_rep2_q16,16,circle,0.35,34,2,0.52967363297408,0.6716129517357717,-0.14193931876169175
sscrn_circle_tr0.35_d34_rep3,sscrn_circle_tr0.35_d34_rep3_q4,4,circle,0.35,34,3,1.4392409618025124,1.7198227325918778,-0.2805817707893654
sscrn_circle_tr0.35_d34_rep3,sscrn_circle_tr0.35_d34_rep3_q8,8,circle,0.35,34,3,0.6026298024232035,1.3013423549085923,-0.6987125524853888
sscrn_circle_tr0.35_d34_rep3,sscrn_circle_tr0.35_d34_rep3_q16,16,circle,0.35,34,3,0.5111237385143602,1.06564000191355,-0.5545162633991897
sscrn_circle_tr0.35_d34_rep4,sscrn_circle_tr0.35_d34_rep4_q4,4,circle,0.35,34,4,1.2764119267603287,1.7123313751357647,-0.43591944837543606
sscrn_circle_tr0.35_d34_rep4,sscrn_circle_tr0.35_d34_rep4_q8,8,circle,0.35,34,4,0.5963943585580865,1.2517018735713583,-0.6553075150132718
sscrn_circle_tr0.35_d34_rep4,sscrn_circle_tr0.35_d34_rep4_q16,16,circle,0.35,34,4,0.5164961478597554,1.0629771122854188,-0.5464809644256634
sscrn_circle_tr0.35_d34_rep5,sscrn_circle_tr0.35_d34_rep5_q4,4,circle,0.35,34,5,1.467623293966411,1.707034275153763,-0.23941098118735216
sscrn_circle_tr0.35_d34_rep5,sscrn_circle_tr0.35_d34_rep5_q8,8,circle,0.35,34,5,0.607020973911146,1.3184779020406319,-0.7114569281294859
sscrn_circle_tr0.35_d34_rep5,sscrn_circle_tr0.35_d34_rep5_q16,16,circle,0.35,34,5,0.47432038360317064,0.6848408963209625,-0.21052051271779182
sscrn_circle_tr0.35_d34_rep6,sscrn_circle_tr0.35_d34_rep6_q4,4,circle,0.35,34,6,1.4527717973079113,1.723453427034225,-0.2706816297263137
sscrn_circle_tr0.35_d34_rep6,sscrn_circle_tr0.35_d34_rep6_q8,8,circle,0.35,34,6,0.608384749666175,1.2919483239807141,-0.6835635743145392
sscrn_circle_tr0.35_d34_rep6,sscrn_circle_tr0.35_d34_rep6_q16,16,circle,0.35,34,6,0.49510273131356186,1.085309302187644,-0.5902065708740822
sscrn_circle_tr0.35_d34_rep7,sscrn_circle_tr0.35_d34_rep7_q4,4,circle,0.35,34,7,1.511881010248883,1.6944341300000936,-0.18255311975121047
sscrn_circle_tr0.35_d34_rep7,sscrn_circle_tr0.35_d34_rep7_q8,8,circle,0.35,34,7,0.6006593324234851,1.2860164739320166,-0.6853571415085314
sscrn_circle_tr0.35_d34_rep7,sscrn_circle_tr0.35_d34_rep7_q16,16,circle,0.35,34,7,0.5157547210129233,0.6895769097531195,-0.17382218874019617
sscrn_square_tr0.25_d12_rep0,sscrn_square_tr0.25_d12_rep0_q4,4,square,0.25,12,0,0.34205991588073836,0.8983009423365095,-0.5562410264557711
sscrn_square_tr0.25_d12_rep0,sscrn_square_tr0.25_d12_rep0_q8,8,square,0.25,12,0,0.3356849232470835,0.6933460012165515,-0.35766107796946806
sscrn_square_tr0.25_d12_rep0,sscrn_square_tr0.25_d12_rep0_q16,16,square,0.25,12,0,0.3373392117090724,0.5072429986265539,-0.16990378691748148
sscrn_square_tr0.25_d12_rep1,sscrn_square_tr0.25_d12_rep1_q4,4,square,0.25,12,1,0.36295173625686333,0.9250963644230783,-0.562144628166215
sscrn_square_tr0.25_d12_rep1,sscrn_square_tr0.25_d12_rep1_q8,8,square,0.25,12,1,0.37710170324071607,0.704094273997479,-0.32699257075676297
sscrn_square_tr0.25_d12_rep1,sscrn_square_tr0.25_d12_rep1_q16,16,square,0.25,12,1,0.3650479944315303,0.49601387556749793,-0.13096588113596763
sscrn_square_tr0.25_d12_rep2,sscrn_square_tr0.25_d12_rep2_q4,4,square,0.25,12,2,0.3462032347657812,0.6170228346459462,-0.270819599880165
sscrn_square_tr0.25_d12_rep2,sscrn_square_tr0.25_d12_rep2_q8,8,square,0.25,12,2,0.338385197979045,0.6969622843560659,-0.3585770863770209
sscrn_square_tr0.25_d12_rep2,sscrn_square_tr0.25_d12_rep2_q16,16,square,0.25,12,2,0.3172402265157597,0.5218787993078371,-0.20463857279207737
sscrn_square_tr0.25_d12_rep3,sscrn_square_tr0.25_d12_rep3_q4,4,square,0.25,12,3,0.35384668176708134,0.8874531276394774,-0.533606445872396
sscrn_square_tr0.25_d12_rep3,sscrn_square_tr0.25_d12_rep3_q8,8,square,0.25,12,3,0.434355430622046,0.7135371639309169,-0.2791817333088709
sscrn_square_tr0.25_d12_rep3,sscrn_square_tr0.25_d12_rep3_q16,16,square,0.25,12,3,0.35396167268901535,0.5318500647775491,-0.1778883920885338
sscrn_square_tr0.25_d12_rep4,sscrn_square_tr0.25_d12_rep4_q4,4,square,0.25,12,4,0.35591391857127014,0.6461571390173545,-0.29024322044608436
sscrn_square_tr0.25_d12_rep4,sscrn_square_tr0.25_d12_rep4_q8,8,square,0.25,12,4,0.3837465408856565,0.695713876915445,-0.31196733602978843
sscrn_square_tr0.25_d12_rep4,sscrn_square_tr0.25_d12_rep4_q16,16,square,0.25,12,4,0.35155007756592394,0.532506780661125,-0.18095670309520107
sscrn_square_tr0.25_d12_rep5,sscrn_square_tr0.25_d12_rep5_q4,4,square,0.25,12,5,0.33178514744272697,0.60650723796616,-0.27472209052343305
sscrn_square_tr0.25_d12_rep5,sscrn_square_tr0.25_d12_rep5_q8,8,square,0.25,12,5,0.3288759853550545,0.6691492132876079,-0.3402732279325534
sscrn_square_tr0.25_d12_rep5,sscrn_square_tr0.25_d12_rep5_q16,16,square,0.25,12,5,0.3227894846218697,0.5223199561068038,-0.19953047148493414
sscrn_square_tr0.25_d12_rep6,sscrn_square_tr0.25_d12_rep6_q4,4,square,0.25,12,6,0.36489493317159083,0.926949355733356,-0.5620544225617652
sscrn_square_tr0.25_d12_rep6,sscrn_square_tr0.25_d12_rep6_q8,8,square,0.25,12,6,0.34082799319815477,0.6852946078674544,-0.3444666146692997
sscrn_square_tr0.25_d12_rep6,sscrn_square_tr0.25_d12_rep6_q16,16,square,0.25,12,6,0.33192176603153206,0.5103900102098927,-0.17846824417836066
sscrn_square_tr0.25_d12_rep7,sscrn_square_tr0.25_d12_rep7_q4,4,square,0.25,12,7,0.35430483142582536,0.6502866952869084,-0.29598186386108305
sscrn_square_tr0.25_d12_rep7,sscrn_square_tr0.25_d12_rep7_q8,8,square,0.25,12,7,0.38658834946431614,0.6963872210702317,-0.3097988716059155
sscrn_square_tr0.25_d12_rep7,sscrn_square_tr0.25_d12_rep7_q16,16,square,0.25,12,7,0.35183960909532136,0.5039970720252482,-0.15215746292992688
sscrn_square_tr0.25_d34_rep0,sscrn_square_tr0.25_d34_rep0_q4,4,square,0.25,34,0,1.5375179856282248,1.7194349558181066,-0.18191697018988173
sscrn_square_tr0.25_d34_rep0,sscrn_square_tr0.25_d34_rep0_q8,8,square,0.25,34,0,1.2749447447859763,1.4912398099494248,-0.21629506516344854
sscrn_square_tr0.25_d34_rep0,sscrn_square_tr0.25_d34_rep0_q16,16,square,0.25,34,0,1.3004157054824284,1.429697569586352,-0.12928186410392373
sscrn_square_tr0.25_d34_rep1,sscrn_square_tr0.25_d34_rep1_q4,4,square,0.25,34,1,1.503898154287202,1.7481330311719965,-0.2442348768847944
sscrn_square_tr0.25_d34_rep1,sscrn_square_tr0.25_d34_rep1_q8,8,square,0.25,34,1,1.2155909549501924,1.4685256482959161,-0.2529346933457237
sscrn_square_tr0.25_d34_rep1,sscrn_square_tr0.25_d34_rep1_q16,16,square,0.25,34,1,1.2753971434189404,1.426701590693884,-0.15130444727494363
sscrn_square_tr0.25_d34_rep2,sscrn_square_tr0.25_d34_rep2_q4,4,square,0.25,34,2,1.5046359480893159,1.706523050240981,-0.20188710215166505
sscrn_square_tr0.25_d34_rep2,sscrn_square_tr0.25_d34_rep2_q8,8,square,0.25,34,2,1.2962492968942951,1.44944785420599,-0.15319855731169496
sscrn_square_tr0.25_d34_rep2,sscrn_square_tr0.25_d34_rep2_q16,16,square,0.25,34,2,1.2689261932132085,1.4432748299748621,-0.17434863676165357
sscrn_square_tr0.25_d34_rep3,sscrn_square_tr0.25_d34_rep3_q4,4,square,0.25,34,3,1.4560363730301733,1.6879085058517929,-0.23187213282161956
sscrn_square_tr0.25_d34_rep3,sscrn_square_tr0.25_d34_rep3_q8,8,square,0.25,34,3,1.2808077631304295,1.434101363479023,-0.1532936003485934
sscrn_square_tr0.25_d34_rep3,sscrn_square_tr0.25_d34_rep3_q16,16,square,0.25,34,3,1.2958589116480097,1.469556221006786,-0.17369730935877636
sscrn_square_tr0.25_d34_rep4,sscrn_square_tr0.25_d34_rep4_q4,4,square,0.25,34,4,1.5230585390220084,1.7312110169811592,-0.20815247795915082
sscrn_square_tr0.25_d34_rep4,sscrn_square_tr0.25_d34_rep4_q8,8,square,0.25,34,4,1.2829193807364274,1.4763229752227576,-0.19340359448633015
sscrn_square_tr0.25_d34_rep4,sscrn_square_tr0.25_d34_rep4_q16,16,square,0.25,34,4,1.277389005430745,1.413119924464639,-0.135730919033894
sscrn_square_tr0.25_d34_rep5,sscrn_square_tr0.25_d34_rep5_q4,4,square,0.25,34,5,1.5368522887910117,1.6992905825717073,-0.16243829378069563
sscrn_square_tr0.25_d34_rep5,sscrn_square_tr0.25_d34_rep5_q8,8,square,0.25,34,5,1.2787151505807055,1.458755564758735,-0.1800404141780294
sscrn_square_tr0.25_d34_rep5,sscrn_square_tr0.25_d34_rep5_q16,16,square,0.25,34,5,1.332473436684905,1.42597926223773,-0.09350582555282516
sscrn_square_tr0.25_d34_rep6,sscrn_square_tr0.25_d34_rep6_q4,4,square,0.25,34,6,1.5204344385398376,1.7197893769452486,-0.19935493840541096
sscrn_square_tr0.25_d34_rep6,sscrn_square_tr0.25_d34_rep6_q8,8,square,0.25,34,6,1.2847031173369672,1.4513049704921959,-0.16660185315522869
sscrn_square_tr0.25_d34_rep6,sscrn_square_tr0.25_d34_rep6_q16,16,square,0.25,34,6,1.3126891542682055,1.4266545577207557,-0.11396540345255013
sscrn_square_tr0.25_d34_rep7,sscrn_square_tr0.25_d34_rep7_q4,4,square,0.25,34,7,1.5146228978175944,1.6815104832715198,-0.16688758545392535
sscrn_square_tr0.25_d34_rep7,sscrn_square_tr0.25_d34_rep7_q8,8,square,0.25,34,7,1.2812191797491734,1.4437055819455433,-0.1624864021963699
sscrn_square_tr0.25_d34_rep7,sscrn_square_tr0.25_d34_rep7_q16,16,square,0.25,34,7,1.26469270909363,1.4326064410609318,-0.16791373196730186
sscrn_square_tr0.35_d12_rep0,sscrn_square_tr0.35_d12_rep0_q4,4,square,0.35,12,0,0.20195767527320554,0.885459371722434,-0.6835016964492285
sscrn_square_tr0.35_d12_rep0,sscrn_square_tr0.35_d12_rep0_q8,8,square,0.35,12,0,0.4486669470990184,0.7091988266111444,-0.26053187951212603
sscrn_square_tr0.35_d12_rep0,sscrn_square_tr0.35_d12_rep0_q16,16,square,0.35,12,0,0.21979031111092687,0.5330991603424361,-0.31330884923150926
sscrn_square_tr0.35_d12_rep1,sscrn_square_tr0.35_d12_rep1_q4,4,square,0.35,12,1,0.18354077977839758,0.8825611874084942,-0.6990204076300967
sscrn_square_tr0.35_d12_rep1,sscrn_square_tr0.35_d12_rep1_q8,8,square,0.35,12,1,0.419211347612465,0.6783326081880593,-0.2591212605755943
sscrn_square_tr0.35_d12_rep1,sscrn_square_tr0.35_d12_rep1_q16,16,square,0.35,12,1,0.2577793168626431,0.49797607891363804,-0.24019676205099494
sscrn_square_tr0.35_d12_rep2,sscrn_square_tr0.35_d12_rep2_q4,4,square,0.35,12,2,0.18987423053480765,0.8810222537127452,-0.6911480231779376
sscrn_square_tr0.35_d12_rep2,sscrn_square_tr0.35_d12_rep2_q8,8,square,0.35,12,2,0.46744575130066507,0.675337788491609,-0.2078920371909439
sscrn_square_tr0.35_d12_rep2,sscrn_square_tr0.35_d12_rep2_q16,16,square,0.35,12,2,0.23404431840047574,0.5479805919722822,-0.3139362735718065
sscrn_square_tr0.35_d12_rep3,sscrn_square_tr0.35_d12_rep3_q4,4,square,0.35,12,3,0.17525428797611867,0.8580203923893747,-0.682766104413256
sscrn_square_tr0.35_d12_rep3,sscrn_square_tr0.35_d12_rep3_q8,8,square,0.35,12,3,0.4018805807009952,0.6892441323770926,-0.2873635516760974
sscrn_square_tr0.35_d12_rep3,sscrn_square_tr0.35_d12_rep3_q16,16,square,0.35,12,3,0.2666756859697151,0.5211724593724482,-0.2544967734027331
sscrn_square_tr0.35_d12_rep4,sscrn_square_tr0.35_d12_rep4_q4,4,square,0.35,12,4,0.1885114874963515,0.8814177626253143,-0.6929062751289629
sscrn_square_tr0.35_d12_rep4,sscrn_square_tr0.35_d12_rep4_q8,8,square,0.35,12,4,0.3843253203680243,0.6977497249335826,-0.31342440456555826
sscrn_square_tr0.35_d12_rep4,sscrn_square_tr0.35_d12_rep4_q16,16,square,0.35,12,4,0.2400100105087177,0.5200334249929129,-0.2800234144841952
sscrn_square_tr0.35_d12_rep5,sscrn_square_tr0.35_d12_rep5_q4,4,square,0.35,12,5,0.2049748245809332,0.8762912204841594,-0.6713163959032262
sscrn_square_tr0.35_d12_rep5,sscrn_square_tr0.35_d12_rep5_q8,8,square,0.35,12,5,0.4589639456989906,0.6922459424390084,-0.23328199674001776
sscrn_square_tr0.35_d12_rep5,sscrn_square_tr0.35_d12_rep5_q16,16,square,0.35,12,5,0.22930834198701497,0.5127459725693387,-0.28343763058232374
sscrn_square_tr0.35_d12_rep6,sscrn_square_tr0.35_d12_rep6_q4,4,square,0.35,12,6,0.20082854609348083,0.910722744612848,-0.7098941985193672
sscrn_square_tr0.35_d12_rep6,sscrn_square_tr0.35_d12_rep6_q8,8,square,0.35,12,6,0.39273903339070054,0.6743660770291449,-0.2816270436384443
sscrn_square_tr0.35_d12_rep6,sscrn_square_tr0.35_d12_rep6_q16,16,square,0.35,12,6,0.2449980036233271,0.5137780147059147,-0.26878001108258753
sscrn_square_tr0.35_d12_rep7,sscrn_square_tr0.35_d12_rep7_q4,4,square,0.35,12,7,0.17417646818166121,0.8675596473791943,-0.6933831791975331
sscrn_square_tr0.35_d12_rep7,sscrn_square_tr0.35_d12_rep7_q8,8,square,0.35,12,7,0.38359263157706047,0.6401722198784647,-0.25657958830140426
sscrn_square_tr0.35_d12_rep7,sscrn_square_tr0.35_d12_rep7_q16,16,square,0.35,12,7,0.24197491569418272,0.5034668628163881,-0.26149194712220536
sscrn_square_tr0.35_d34_rep0,sscrn_square_tr0.35_d34_rep0_q4,4,square,0.35,34,0,1.4277969886086668,1.6860820902968514,-0.25828510168818464
sscrn_square_tr0.35_d34_rep0,sscrn_square_tr0.35_d34_rep0_q8,8,square,0.35,34,0,0.9674978338284327,1.4420078718421916,-0.4745100380137589
sscrn_square_tr0.35_d34_rep0,sscrn_square_tr0.35_d34_rep0_q16,16,square,0.35,34,0,0.9964554983604812,1.417451815092734,-0.4209963167322528
sscrn_square_tr0.35_d34_rep1,sscrn_square_tr0.35_d34_rep1_q4,4,square,0.35,34,1,1.2948838731873615,1.6491368109094953,-0.35425293772213373
sscrn_square_tr0.35_d34_rep1,sscrn_square_tr0.35_d34_rep1_q8,8,square,0.35,34,1,1.0954800201733528,1.43949567811872,-0.34401565794536726
sscrn_square_tr0.35_d34_rep1,sscrn_square_tr0.35_d34_rep1_q16,16,square,0.35,34,1,0.9808204431615954,1.4021826573022322,-0.4213622141406368
sscrn_square_tr0.35_d34_rep2,sscrn_square_tr0.35_d34_rep2_q4,4,square,0.35,34,2,1.3532118899192411,1.7689364877929215,-0.4157245978736803
sscrn_square_tr0.35_d34_rep2,sscrn_square_tr0.35_d34_rep2_q8,8,square,0.35,34,2,1.0188304334017182,1.4410079831228104,-0.4221775497210922
sscrn_square_tr0.35_d34_rep2,sscrn_square_tr0.35_d34_rep2_q16,16,square,0.35,34,2,0.9239873217559942,1.4247744285070083,-0.5007871067510141
sscrn_square_tr0.35_d34_rep3,sscrn_square_tr0.35_d34_rep3_q4,4,square,0.35,34,3,1.3313336897612025,1.7215290961558347,-0.39019540639463224
sscrn_square_tr0.35_d34_rep3,sscrn_square_tr0.35_d34_rep3_q8,8,square,0.35,34,3,0.9854180114827179,1.470230105004405,-0.4848120935216872
sscrn_square_tr0.35_d34_rep3,sscrn_square_tr0.35_d34_rep3_q16,16,square,0.35,34,3,0.9835086181954212,1.4295464880192383,-0.4460378698238171
sscrn_square_tr0.35_d34_rep4,sscrn_square_tr0.35_d34_rep4_q4,4,square,0.35,34,4,1.3275483059523754,1.761473974487307,-0.43392566853493153
sscrn_square_tr0.35_d34_rep4,sscrn_square_tr0.35_d34_rep4_q8,8,square,0.35,34,4,1.1491675370753682,1.4654127583255063,-0.3162452212501381
sscrn_square_tr0.35_d34_rep4,sscrn_square_tr0.35_d34_rep4_q16,16,square,0.35,34,4,0.9155254986952936,1.4155673488575824,-0.5000418501622887
sscrn_square_tr0.35_d34_rep5,sscrn_square_tr0.35_d34_rep5_q4,4,square,0.35,34,5,1.3148781610503153,1.699324802821986,-0.38444664177167076
sscrn_square_tr0.35_d34_rep5,sscrn_square_tr0.35_d34_rep5_q8,8,square,0.35,34,5,1.1441157958847485,1.436729531342048,-0.2926137354572995
sscrn_square_tr0.35_d34_rep5,sscrn_square_tr0.35_d34_rep5_q16,16,square,0.35,34,5,0.966475232637643,1.4344421031040608,-0.46796687046641783
sscrn_square_tr0.35_d34_rep6,sscrn_square_tr0.35_d34_rep6_q4,4,square,0.35,34,6,1.4159377887294726,1.6974796361713924,-0.2815418474419198
sscrn_square_tr0.35_d34_rep6,sscrn_square_tr0.35_d34_rep6_q8,8,square,0.35,34,6,1.0747138457934013,1.4918375028419664,-0.417123657048565
sscrn_square_tr0.35_d34_rep6,sscrn_square_tr0.35_d34_rep6_q16,16,square,0.35,34,6,0.9539488678756094,1.4307996047093694,-0.47685073683376
sscrn_square_tr0.35_d34_rep7,sscrn_square_tr0.35_d34_rep7_q4,4,square,0.35,34,7,1.2797930067188779,1.7287087762606035,-0.44891576954172563
sscrn_square_tr0.35_d34_rep7,sscrn_square_tr0.35_d34_rep7_q8,8,square,0.35,34,7,1.020789365277058,1.4364544935889063,-0.4156651283118482
sscrn_square_tr0.35_d34_rep7,sscrn_square_tr0.35_d34_rep7_q16,16,square,0.35,34,7,0.9310398975651681,1.4285200014790869,-0.4974801039139187
sscrn_zigzag_tr0.25_d12_rep0,sscrn_zigzag_tr0.25_d12_rep0_q4,4,zigzag,0.25,12,0,1.1421546745737938,1.407455735454557,-0.2653010608807631
sscrn_zigzag_tr0.25_d12_rep0,sscrn_zigzag_tr0.25_d12_rep0_q8,8,zigzag,0.25,12,0,1.2091477697375046,1.3283258914595752,-0.11917812172207065
sscrn_zigzag_tr0.25_d12_rep0,sscrn_zigzag_tr0.25_d12_rep0_q16,16,zigzag,0.25,12,0,1.2433137360903632,1.395279718667635,-0.15196598257727167
sscrn_zigzag_tr0.25_d12_rep1,sscrn_zigzag_tr0.25_d12_rep1_q4,4,zigzag,0.25,12,1,1.0942558067786237,1.2970030756235893,-0.20274726884496563
sscrn_zigzag_tr0.25_d12_rep1,sscrn_zigzag_tr0.25_d12_rep1_q8,8,zigzag,0.25,12,1,1.1691963774458138,1.3346982062519912,-0.16550182880617736
sscrn_zigzag_tr0.25_d12_rep1,sscrn_zigzag_tr0.25_d12_rep1_q16,16,zigzag,0.25,12,1,1.2170333825435689,1.4132395112446567,-0.1962061287010879
sscrn_zigzag_tr0.25_d12_rep2,sscrn_zigzag_tr0.25_d12_rep2_q4,4,zigzag,0.25,12,2,1.1274567193601386,1.3480869848016819,-0.2206302654415433
sscrn_zigzag_tr0.25_d12_rep2,sscrn_zigzag_tr0.25_d12_rep2_q8,8,zigzag,0.25,12,2,1.240247287718515,1.4065237632679553,-0.16627647554944036
sscrn_zigzag_tr0.25_d12_rep2,sscrn_zigzag_tr0.25_d12_rep2_q16,16,zigzag,0.25,12,2,1.3440283309208227,1.376330741303417,-0.03230241038259418
sscrn_zigzag_tr0.25_d12_rep3,sscrn_zigzag_tr0.25_d12_rep3_q4,4,zigzag,0.25,12,3,1.1780906824773376,1.4191408248566375,-0.2410501423792999
sscrn_zigzag_tr0.25_d12_rep3,sscrn_zigzag_tr0.25_d12_rep3_q8,8,zigzag,0.25,12,3,1.2391451884917666,1.3790130927758013,-0.13986790428403473
sscrn_zigzag_tr0.25_d12_rep3,sscrn_zigzag_tr0.25_d12_rep3_q16,16,zigzag,0.25,12,3,1.227737109230639,1.3932499700254495,-0.16551286079481042
sscrn_zigzag_tr0.25_d12_rep4,sscrn_zigzag_tr0.25_d12_rep4_q4,4,zigzag,0.25,12,4,1.0668521880515813,1.4034324933996454,-0.33658030534806405
sscrn_zigzag_tr0.25_d12_rep4,sscrn_zigzag_tr0.25_d12_rep4_q8,8,zigzag,0.25,12,4,1.2307465891964107,1.3856264394802242,-0.15487985028381357
sscrn_zigzag_tr0.25_d12_rep4,sscrn_zigzag_tr0.25_d12_rep4_q16,16,zigzag,0.25,12,4,1.3621476804576875,1.4121781653676342,-0.05003048490994666
sscrn_zigzag_tr0.25_d12_rep5,sscrn_zigzag_tr0.25_d12_rep5_q4,4,zigzag,0.25,12,5,1.090974369429364,1.215545091452914,-0.1245707220235499
sscrn_zigzag_tr0.25_d12_rep5,sscrn_zigzag_tr0.25_d12_rep5_q8,8,zigzag,0.25,12,5,1.2654479345935588,1.2589544252260334,0.006493509367525352
sscrn_zigzag_tr0.25_d12_rep5,sscrn_zigzag_tr0.25_d12_rep5_q16,16,zigzag,0.25,12,5,1.3065386639782814,1.4200207338438267,-0.11348206986554521
sscrn_zigzag_tr0.25_d12_rep6,sscrn_zigzag_tr0.25_d12_rep6_q4,4,zigzag,0.25,12,6,1.1603296742106324,1.2959227601396253,-0.13559308592899288
sscrn_zigzag_tr0.25_d12_rep6,sscrn_zigzag_tr0.25_d12_rep6_q8,8,zigzag,0.25,12,6,1.2315302834216677,1.3376540859571049,-0.10612380253543718
sscrn_zigzag_tr0.25_d12_rep6,sscrn_zigzag_tr0.25_d12_rep6_q16,16,zigzag,0.25,12,6,1.291042975320725,1.4049781904965917,-0.11393521517586658
sscrn_zigzag_tr0.25_d12_rep7,sscrn_zigzag_tr0.25_d12_rep7_q4,4,zigzag,0.25,12,7,1.317154540796768,1.3650505124732248,-0.04789597167645687
sscrn_zigzag_tr0.25_d12_rep7,sscrn_zigzag_tr0.25_d12_rep7_q8,8,zigzag,0.25,12,7,1.226968063355931,1.3815352117505197,-0.15456714839458874
sscrn_zigzag_tr0.25_d12_rep7,sscrn_zigzag_tr0.25_d12_rep7_q16,16,zigzag,0.25,12,7,1.2966758274301746,1.4098340301308983,-0.11315820270072363
sscrn_zigzag_tr0.25_d34_rep0,sscrn_zigzag_tr0.25_d34_rep0_q4,4,zigzag,0.25,34,0,1.579133596039207,1.8226263288492308,-0.24349273281002382
sscrn_zigzag_tr0.25_d34_rep0,sscrn_zigzag_tr0.25_d34_rep0_q8,8,zigzag,0.25,34,0,1.7916651098197511,1.8999862218148413,-0.1083211119950902
sscrn_zigzag_tr0.25_d34_rep0,sscrn_zigzag_tr0.25_d34_rep0_q16,16,zigzag,0.25,34,0,1.7996341579537471,2.0350223499141373,-0.23538819196039018
sscrn_zigzag_tr0.25_d34_rep1,sscrn_zigzag_tr0.25_d34_rep1_q4,4,zigzag,0.25,34,1,1.679890928881111,1.874384819953973,-0.19449389107286197
sscrn_zigzag_tr0.25_d34_rep1,sscrn_zigzag_tr0.25_d34_rep1_q8,8,zigzag,0.25,34,1,1.739709334119376,1.8969156226018509,-0.15720628848247498
sscrn_zigzag_tr0.25_d34_rep1,sscrn_zigzag_tr0.25_d34_rep1_q16,16,zigzag,0.25,34,1,1.7695692965436087,2.0281487520749786,-0.25857945553136985
sscrn_zigzag_tr0.25_d34_rep2,sscrn_zigzag_tr0.25_d34_rep2_q4,4,zigzag,0.25,34,2,1.7116191358575576,1.8241226419791199,-0.11250350612156224
sscrn_zigzag_tr0.25_d34_rep2,sscrn_zigzag_tr0.25_d34_rep2_q8,8,zigzag,0.25,34,2,1.7811911390842303,1.9380885715720009,-0.15689743248777055
sscrn_zigzag_tr0.25_d34_rep2,sscrn_zigzag_tr0.25_d34_rep2_q16,16,zigzag,0.25,34,2,1.7819928422726983,2.019669960224319,-0.23767711795162083
sscrn_zigzag_tr0.25_d34_rep3,sscrn_zigzag_tr0.25_d34_rep3_q4,4,zigzag,0.25,34,3,1.683430164241168,1.9121850348684448,-0.22875487062727684
sscrn_zigzag_tr0.25_d34_rep3,sscrn_zigzag_tr0.25_d34_rep3_q8,8,zigzag,0.25,34,3,1.6746284608780289,1.9744070779529628,-0.2997786170749339
sscrn_zigzag_tr0.25_d34_rep3,sscrn_zigzag_tr0.25_d34_rep3_q16,16,zigzag,0.25,34,3,1.7904886632856685,2.036846412207718,-0.24635774892204942
sscrn_zigzag_tr0.25_d34_rep4,sscrn_zigzag_tr0.25_d34_rep4_q4,4,zigzag,0.25,34,4,1.7249851579929807,1.731045324383714,-0.006060166390733368
sscrn_zigzag_tr0.25_d34_rep4,sscrn_zigzag_tr0.25_d34_rep4_q8,8,zigzag,0.25,34,4,1.7999986852135827,1.9667241039471084,-0.16672541873352564
sscrn_zigzag_tr0.25_d34_rep4,sscrn_zigzag_tr0.25_d34_rep4_q16,16,zigzag,0.25,34,4,1.792225508325582,2.0184732838613173,-0.22624777553573527
sscrn_zigzag_tr0.25_d34_rep5,sscrn_zigzag_tr0.25_d34_rep5_q4,4,zigzag,0.25,34,5,1.6287957592810614,1.849366401977272,-0.22057064269621063
sscrn_zigzag_tr0.25_d34_rep5,sscrn_zigzag_tr0.25_d34_rep5_q8,8,zigzag,0.25,34,5,1.7761753437338894,1.8915807311578872,-0.11540538742399775
sscrn_zigzag_tr0.25_d34_rep5,sscrn_zigzag_tr0.25_d34_rep5_q16,16,zigzag,0.25,34,5,1.7984286951792068,2.0337518655565416,-0.23532317037733486
sscrn_zigzag_tr0.25_d34_rep6,sscrn_zigzag_tr0.25_d34_rep6_q4,4,zigzag,0.25,34,6,1.639326214639919,1.9308644083430753,-0.29153819370315626
sscrn_zigzag_tr0.25_d34_rep6,sscrn_zigzag_tr0.25_d34_rep6_q8,8,zigzag,0.25,34,6,1.762591375190023,1.9271519688133387,-0.16456059362331565
sscrn_zigzag_tr0.25_d34_rep6,sscrn_zigzag_tr0.25_d34_rep6_q16,16,zigzag,0.25,34,6,1.777517736510284,2.0163297834085308,-0.23881204689824664
sscrn_zigzag_tr0.25_d34_rep7,sscrn_zigzag_tr0.25_d34_rep7_q4,4,zigzag,0.25,34,7,1.639372387471934,1.8738819627675265,-0.23450957529559258
sscrn_zigzag_tr0.25_d34_rep7,sscrn_zigzag_tr0.25_d34_rep7_q8,8,zigzag,0.25,34,7,1.7207138429115223,1.9477824942203392,-0.22706865130881693
sscrn_zigzag_tr0.25_d34_rep7,sscrn_zigzag_tr0.25_d34_rep7_q16,16,zigzag,0.25,34,7,1.8739534963135478,1.947453762355329,-0.07350026604178117
sscrn_zigzag_tr0.35_d12_rep0,sscrn_zigzag_tr0.35_d12_rep0_q4,4,zigzag,0.35,12,0,0.9462242294449855,1.349719636773276,-0.4034954073282905
sscrn_zigzag_tr0.35_d12_rep0,sscrn_zigzag_tr0.35_d12_rep0_q8,8,zigzag,0.35,12,0,1.2235465425395537,1.395310259000039,-0.17176371646048527
sscrn_zigzag_tr0.35_d12_rep0,sscrn_zigzag_tr0.35_d12_rep0_q16,16,zigzag,0.35,12,0,1.3469095624542327,1.4349476094942253,-0.08803804703999263
sscrn_zigzag_tr0.35_d12_rep1,sscrn_zigzag_tr0.35_d12_rep1_q4,4,zigzag,0.35,12,1,0.9238635733938377,1.4410647170053812,-0.5172011436115435
sscrn_zigzag_tr0.35_d12_rep1,sscrn_zigzag_tr0.35_d12_rep1_q8,8,zigzag,0.35,12,1,1.2652307584779208,1.3449559650525,-0.07972520657457927
sscrn_zigzag_tr0.35_d12_rep1,sscrn_zigzag_tr0.35_d12_rep1_q16,16,zigzag,0.35,12,1,1.2407684510674333,1.4537437156387227,-0.21297526457128946
sscrn_zigzag_tr0.35_d12_rep2,sscrn_zigzag_tr0.35_d12_rep2_q4,4,zigzag,0.35,12,2,1.1156728620713756,1.428486914405776,-0.3128140523344003
sscrn_zigzag_tr0.35_d12_rep2,sscrn_zigzag_tr0.35_d12_rep2_q8,8,zigzag,0.35,12,2,1.2302435009423298,1.4046524566924807,-0.17440895575015092
sscrn_zigzag_tr0.35_d12_rep2,sscrn_zigzag_tr0.35_d12_rep2_q16,16,zigzag,0.35,12,2,1.1919661394878205,1.3873484680702708,-0.1953823285824503
sscrn_zigzag_tr0.35_d12_rep3,sscrn_zigzag_tr0.35_d12_rep3_q4,4,zigzag,0.35,12,3,1.0341437010825638,1.4942098905295833,-0.4600661894470195
sscrn_zigzag_tr0.35_d12_rep3,sscrn_zigzag_tr0.35_d12_rep3_q8,8,zigzag,0.35,12,3,1.1156549646848417,1.3184857437300803,-0.2028307790452386
sscrn_zigzag_tr0.35_d12_rep3,sscrn_zigzag_tr0.35_d12_rep3_q16,16,zigzag,0.35,12,3,1.2944962656776287,1.3981864999106712,-0.10369023423304258
sscrn_zigzag_tr0.35_d12_rep4,sscrn_zigzag_tr0.35_d12_rep4_q4,4,zigzag,0.35,12,4,1.129231423902499,1.26046974541223,-0.13123832150973103
sscrn_zigzag_tr0.35_d12_rep4,sscrn_zigzag_tr0.35_d12_rep4_q8,8,zigzag,0.35,12,4,1.2395206618665269,1.2456313958163325,-0.006110733949805658
sscrn_zigzag_tr0.35_d12_rep4,sscrn_zigzag_tr0.35_d12_rep4_q16,16,zigzag,0.35,12,4,1.2911735691607,1.4135827466514086,-0.12240917749070857
sscrn_zigzag_tr0.35_d12_rep5,sscrn_zigzag_tr0.35_d12_rep5_q4,4,zigzag,0.35,12,5,1.0697366264879389,1.3763253486851093,-0.30658872219717037
sscrn_zigzag_tr0.35_d12_rep5,sscrn_zigzag_tr0.35_d12_rep5_q8,8,zigzag,0.35,12,5,1.2173880294725985,1.3498367395310438,-0.13244871005844527
sscrn_zigzag_tr0.35_d12_rep5,sscrn_zigzag_tr0.35_d12_rep5_q16,16,zigzag,0.35,12,5,1.2551981426895678,1.4078669192220779,-0.1526687765325101
sscrn_zigzag_tr0.35_d12_rep6,sscrn_zigzag_tr0.35_d12_rep6_q4,4,zigzag,0.35,12,6,0.9575552955056209,1.2143375843947142,-0.25678228888909327
sscrn_zigzag_tr0.35_d12_rep6,sscrn_zigzag_tr0.35_d12_rep6_q8,8,zigzag,0.35,12,6,1.323721074369997,1.3428374024921643,-0.019116328122167348
sscrn_zigzag_tr0.35_d12_rep6,sscrn_zigzag_tr0.35_d12_rep6_q16,16,zigzag,0.35,12,6,1.3172574447343584,1.3945605996675523,-0.07730315493319395
sscrn_zigzag_tr0.35_d12_rep7,sscrn_zigzag_tr0.35_d12_rep7_q4,4,zigzag,0.35,12,7,0.9848948486662711,1.407888917272744,-0.42299406860647293
sscrn_zigzag_tr0.35_d12_rep7,sscrn_zigzag_tr0.35_d12_rep7_q8,8,zigzag,0.35,12,7,1.1403093388507772,1.4292467269256448,-0.2889373880748676
sscrn_zigzag_tr0.35_d12_rep7,sscrn_zigzag_tr0.35_d12_rep7_q16,16,zigzag,0.35,12,7,1.3546685459282628,1.4186324534819081,-0.06396390755364534
sscrn_zigzag_tr0.35_d34_rep0,sscrn_zigzag_tr0.35_d34_rep0_q4,4,zigzag,0.35,34,0,1.6770913029767636,1.8422942131138575,-0.16520291013709398
sscrn_zigzag_tr0.35_d34_rep0,sscrn_zigzag_tr0.35_d34_rep0_q8,8,zigzag,0.35,34,0,1.3722586109403188,1.8984654317533505,-0.5262068208130317
sscrn_zigzag_tr0.35_d34_rep0,sscrn_zigzag_tr0.35_d34_rep0_q16,16,zigzag,0.35,34,0,1.6560007017781275,2.0128732159298517,-0.35687251415172416
sscrn_zigzag_tr0.35_d34_rep1,sscrn_zigzag_tr0.35_d34_rep1_q4,4,zigzag,0.35,34,1,1.4892089053607147,1.9037149397744129,-0.41450603441369815
sscrn_zigzag_tr0.35_d34_rep1,sscrn_zigzag_tr0.35_d34_rep1_q8,8,zigzag,0.35,34,1,1.5237773622735675,1.9066410047314293,-0.38286364245786175
sscrn_zigzag_tr0.35_d34_rep1,sscrn_zigzag_tr0.35_d34_rep1_q16,16,zigzag,0.35,34,1,1.5933821886578954,1.937335455004475,-0.34395326634657963
sscrn_zigzag_tr0.35_d34_rep2,sscrn_zigzag_tr0.35_d34_rep2_q4,4,zigzag,0.35,34,2,1.5682679839084785,1.9359758710778958,-0.36770788716941727
sscrn_zigzag_tr0.35_d34_rep2,sscrn_zigzag_tr0.35_d34_rep2_q8,8,zigzag,0.35,34,2,1.612650232459437,1.9405292135406462,-0.3278789810812093
sscrn_zigzag_tr0.35_d34_rep2,sscrn_zigzag_tr0.35_d34_rep2_q16,16,zigzag,0.35,34,2,1.672056583049792,1.9397678112379042,-0.2677112281881122
sscrn_zigzag_tr0.35_d34_rep3,sscrn_zigzag_tr0.35_d34_rep3_q4,4,zigzag,0.35,34,3,1.4012357731026133,1.8656496831369982,-0.4644139100343849
sscrn_zigzag_tr0.35_d34_rep3,sscrn_zigzag_tr0.35_d34_rep3_q8,8,zigzag,0.35,34,3,1.5013873390690142,1.8898455827435459,-0.38845824367453163
sscrn_zigzag_tr0.35_d34_rep3,sscrn_zigzag_tr0.35_d34_rep3_q16,16,zigzag,0.35,34,3,1.5934472885484692,1.9801055243334773,-0.38665823578500813
sscrn_zigzag_tr0.35_d34_rep4,sscrn_zigzag_tr0.35_d34_rep4_q4,4,zigzag,0.35,34,4,1.542635936094,1.6858066726997516,-0.14317073660575153
sscrn_zigzag_tr0.35_d34_rep4,sscrn_zigzag_tr0.35_d34_rep4_q8,8,zigzag,0.35,34,4,1.5024904937823689,1.9044125167257675,-0.4019220229433986
sscrn_zigzag_tr0.35_d34_rep4,sscrn_zigzag_tr0.35_d34_rep4_q16,16,zigzag,0.35,34,4,1.597361750517126,2.000515958143025,-0.40315420762589893
sscrn_zigzag_tr0.35_d34_rep5,sscrn_zigzag_tr0.35_d34_rep5_q4,4,zigzag,0.35,34,5,1.5825864203641486,1.9406215881672817,-0.35803516780313305
sscrn_zigzag_tr0.35_d34_rep5,sscrn_zigzag_tr0.35_d34_rep5_q8,8,zigzag,0.35,34,5,1.5916846123981796,1.9124979464341545,-0.3208133340359749
sscrn_zigzag_tr0.35_d34_rep5,sscrn_zigzag_tr0.35_d34_rep5_q16,16,zigzag,0.35,34,5,1.6296590751188924,1.9359927185289945,-0.30633364341010205
sscrn_zigzag_tr0.35_d34_rep6,sscrn_zigzag_tr0.35_d34_rep6_q4,4,zigzag,0.35,34,6,1.5574544587375905,1.9000787146326117,-0.3426242558950212
sscrn_zigzag_tr0.35_d34_rep6,sscrn_zigzag_tr0.35_d34_rep6_q8,8,zigzag,0.35,34,6,1.4958334952827872,1.9429492594763793,-0.4471157641935921
sscrn_zigzag_tr0.35_d34_rep6,sscrn_zigzag_tr0.35_d34_rep6_q16,16,zigzag,0.35,34,6,1.6064044250397107,2.0243805575075875,-0.4179761324678768
sscrn_zigzag_tr0.35_d34_rep7,sscrn_zigzag_tr0.35_d34_rep7_q4,4,zigzag,0.35,34,7,1.5195627349762861,1.8484382857426962,-0.32887555076641006
sscrn_zigzag_tr0.35_d34_rep7,sscrn_zigzag_tr0.35_d34_rep7_q8,8,zigzag,0.35,34,7,1.4422045957045633,1.885029558517966,-0.44282496281340267
sscrn_zigzag_tr0.35_d34_rep7,sscrn_zigzag_tr0.35_d34_rep7_q16,16,zigzag,0.35,34,7,1.6676719447439776,1.9446899475864767,-0.2770180028424991
sscrn_lemniscate_tr0.25_d12_rep0,sscrn_lemniscate_tr0.25_d12_rep0_q4,4,lemniscate,0.25,12,0,0.6426003410076434,0.8248473140157642,-0.18224697300812076
sscrn_lemniscate_tr0.25_d12_rep0,sscrn_lemniscate_tr0.25_d12_rep0_q8,8,lemniscate,0.25,12,0,0.4361932106811116,0.6058555443000924,-0.16966233361898075
sscrn_lemniscate_tr0.25_d12_rep0,sscrn_lemniscate_tr0.25_d12_rep0_q16,16,lemniscate,0.25,12,0,0.36969593967375375,0.5808789239198812,-0.21118298424612741
sscrn_lemniscate_tr0.25_d12_rep1,sscrn_lemniscate_tr0.25_d12_rep1_q4,4,lemniscate,0.25,12,1,0.7303148178921988,0.8235934262329131,-0.09327860834071433
sscrn_lemniscate_tr0.25_d12_rep1,sscrn_lemniscate_tr0.25_d12_rep1_q8,8,lemniscate,0.25,12,1,0.4299756444322403,0.6337172771594215,-0.2037416327271812
sscrn_lemniscate_tr0.25_d12_rep1,sscrn_lemniscate_tr0.25_d12_rep1_q16,16,lemniscate,0.25,12,1,0.3252802763851684,0.6088375733048282,-0.28355729691965986
sscrn_lemniscate_tr0.25_d12_rep2,sscrn_lemniscate_tr0.25_d12_rep2_q4,4,lemniscate,0.25,12,2,1.1488632490327393,0.824506289076652,0.32435695995608727
sscrn_lemniscate_tr0.25_d12_rep2,sscrn_lemniscate_tr0.25_d12_rep2_q8,8,lemniscate,0.25,12,2,1.1274181530196465,0.6066113910853902,0.5208067619342563
sscrn_lemniscate_tr0.25_d12_rep2,sscrn_lemniscate_tr0.25_d12_rep2_q16,16,lemniscate,0.25,12,2,0.3288682666006927,0.6098613844104301,-0.28099311780973746
sscrn_lemniscate_tr0.25_d12_rep3,sscrn_lemniscate_tr0.25_d12_rep3_q4,4,lemniscate,0.25,12,3,0.6481484282841355,0.8247082023680345,-0.176559774083899
sscrn_lemniscate_tr0.25_d12_rep3,sscrn_lemniscate_tr0.25_d12_rep3_q8,8,lemniscate,0.25,12,3,1.0351896361990842,0.6311575788199616,0.4040320573791226
sscrn_lemniscate_tr0.25_d12_rep3,sscrn_lemniscate_tr0.25_d12_rep3_q16,16,lemniscate,0.25,12,3,0.3161194601415374,0.680593143397839,-0.36447368325630164
sscrn_lemniscate_tr0.25_d12_rep4,sscrn_lemniscate_tr0.25_d12_rep4_q4,4,lemniscate,0.25,12,4,0.952425264216525,0.8242119103718373,0.12821335384468768
sscrn_lemniscate_tr0.25_d12_rep4,sscrn_lemniscate_tr0.25_d12_rep4_q8,8,lemniscate,0.25,12,4,0.4614197255405083,0.6230098223061624,-0.1615900967656541
sscrn_lemniscate_tr0.25_d12_rep4,sscrn_lemniscate_tr0.25_d12_rep4_q16,16,lemniscate,0.25,12,4,0.35572635446713735,0.5818840502869636,-0.2261576958198262
sscrn_lemniscate_tr0.25_d12_rep5,sscrn_lemniscate_tr0.25_d12_rep5_q4,4,lemniscate,0.25,12,5,1.0649889290871826,0.8269222719337818,0.2380666571534008
sscrn_lemniscate_tr0.25_d12_rep5,sscrn_lemniscate_tr0.25_d12_rep5_q8,8,lemniscate,0.25,12,5,0.45146572265934637,0.6016790447926618,-0.1502133221333154
sscrn_lemniscate_tr0.25_d12_rep5,sscrn_lemniscate_tr0.25_d12_rep5_q16,16,lemniscate,0.25,12,5,1.0415018670270009,0.6123742175188858,0.4291276495081151
sscrn_lemniscate_tr0.25_d12_rep6,sscrn_lemniscate_tr0.25_d12_rep6_q4,4,lemniscate,0.25,12,6,1.3359064232291924,0.8248401720936588,0.5110662511355336
sscrn_lemniscate_tr0.25_d12_rep6,sscrn_lemniscate_tr0.25_d12_rep6_q8,8,lemniscate,0.25,12,6,1.02382306499015,0.6377317553910968,0.38609130959905325
sscrn_lemniscate_tr0.25_d12_rep6,sscrn_lemniscate_tr0.25_d12_rep6_q16,16,lemniscate,0.25,12,6,0.3522186531819442,0.5853477299486035,-0.23312907676665934
sscrn_lemniscate_tr0.25_d12_rep7,sscrn_lemniscate_tr0.25_d12_rep7_q4,4,lemniscate,0.25,12,7,0.9120439793966206,0.8223106445898217,0.0897333348067989
sscrn_lemniscate_tr0.25_d12_rep7,sscrn_lemniscate_tr0.25_d12_rep7_q8,8,lemniscate,0.25,12,7,0.426850518847209,0.6247959203939601,-0.19794540154675117
sscrn_lemniscate_tr0.25_d12_rep7,sscrn_lemniscate_tr0.25_d12_rep7_q16,16,lemniscate,0.25,12,7,0.76283703645168,0.5966477148712969,0.16618932158038313
sscrn_lemniscate_tr0.25_d34_rep0,sscrn_lemniscate_tr0.25_d34_rep0_q4,4,lemniscate,0.25,34,0,1.5779850269728006,1.669189712250419,-0.09120468527761827
sscrn_lemniscate_tr0.25_d34_rep0,sscrn_lemniscate_tr0.25_d34_rep0_q8,8,lemniscate,0.25,34,0,1.2476472502284597,1.6036240569370799,-0.3559768067086202
sscrn_lemniscate_tr0.25_d34_rep0,sscrn_lemniscate_tr0.25_d34_rep0_q16,16,lemniscate,0.25,34,0,1.2805782459659936,1.599091178157429,-0.3185129321914355
sscrn_lemniscate_tr0.25_d34_rep1,sscrn_lemniscate_tr0.25_d34_rep1_q4,4,lemniscate,0.25,34,1,1.4789553888659548,1.6558117883233703,-0.1768563994574155
sscrn_lemniscate_tr0.25_d34_rep1,sscrn_lemniscate_tr0.25_d34_rep1_q8,8,lemniscate,0.25,34,1,1.4081155034326271,1.6113784497515105,-0.2032629463188833
sscrn_lemniscate_tr0.25_d34_rep1,sscrn_lemniscate_tr0.25_d34_rep1_q16,16,lemniscate,0.25,34,1,1.2971722595098738,1.6254881434639483,-0.3283158839540745
sscrn_lemniscate_tr0.25_d34_rep2,sscrn_lemniscate_tr0.25_d34_rep2_q4,4,lemniscate,0.25,34,2,1.5699067939108362,1.5965401759295772,-0.026633382018740992
sscrn_lemniscate_tr0.25_d34_rep2,sscrn_lemniscate_tr0.25_d34_rep2_q8,8,lemniscate,0.25,34,2,1.4164448904269704,1.5647568972431782,-0.14831200681620782
sscrn_lemniscate_tr0.25_d34_rep2,sscrn_lemniscate_tr0.25_d34_rep2_q16,16,lemniscate,0.25,34,2,1.2987486357872071,1.6177608222724513,-0.3190121864852442
sscrn_lemniscate_tr0.25_d34_rep3,sscrn_lemniscate_tr0.25_d34_rep3_q4,4,lemniscate,0.25,34,3,1.558879868264584,1.6376278054049345,-0.07874793714035055
sscrn_lemniscate_tr0.25_d34_rep3,sscrn_lemniscate_tr0.25_d34_rep3_q8,8,lemniscate,0.25,34,3,1.4364732131445643,1.594706106837896,-0.1582328936933317
sscrn_lemniscate_tr0.25_d34_rep3,sscrn_lemniscate_tr0.25_d34_rep3_q16,16,lemniscate,0.25,34,3,1.2834940337764207,1.615075924434382,-0.3315818906579613
sscrn_lemniscate_tr0.25_d34_rep4,sscrn_lemniscate_tr0.25_d34_rep4_q4,4,lemniscate,0.25,34,4,1.4528327926164657,1.7070947774373453,-0.2542619848208796
sscrn_lemniscate_tr0.25_d34_rep4,sscrn_lemniscate_tr0.25_d34_rep4_q8,8,lemniscate,0.25,34,4,1.3692520947659312,1.594300976096153,-0.22504888133022183
sscrn_lemniscate_tr0.25_d34_rep4,sscrn_lemniscate_tr0.25_d34_rep4_q16,16,lemniscate,0.25,34,4,1.2955083009041886,1.5931746663330304,-0.29766636542884184
sscrn_lemniscate_tr0.25_d34_rep5,sscrn_lemniscate_tr0.25_d34_rep5_q4,4,lemniscate,0.25,34,5,1.6304306167365175,1.6321011390177425,-0.0016705222812249954
sscrn_lemniscate_tr0.25_d34_rep5,sscrn_lemniscate_tr0.25_d34_rep5_q8,8,lemniscate,0.25,34,5,1.4130190413044235,1.6126320304794013,-0.19961298917497783
sscrn_lemniscate_tr0.25_d34_rep5,sscrn_lemniscate_tr0.25_d34_rep5_q16,16,lemniscate,0.25,34,5,1.2921613354653598,1.6278301246523166,-0.33566878918695675
sscrn_lemniscate_tr0.25_d34_rep6,sscrn_lemniscate_tr0.25_d34_rep6_q4,4,lemniscate,0.25,34,6,1.418804095791957,1.6638586883251048,-0.24505459253314776
sscrn_lemniscate_tr0.25_d34_rep6,sscrn_lemniscate_tr0.25_d34_rep6_q8,8,lemniscate,0.25,34,6,1.3885008913693806,1.5663337359761362,-0.17783284460675564
sscrn_lemniscate_tr0.25_d34_rep6,sscrn_lemniscate_tr0.25_d34_rep6_q16,16,lemniscate,0.25,34,6,1.299752216085108,1.612294686284425,-0.3125424701993169
sscrn_lemniscate_tr0.25_d34_rep7,sscrn_lemniscate_tr0.25_d34_rep7_q4,4,lemniscate,0.25,34,7,1.5856836446356406,1.693665571262154,-0.1079819266265134
sscrn_lemniscate_tr0.25_d34_rep7,sscrn_lemniscate_tr0.25_d34_rep7_q8,8,lemniscate,0.25,34,7,1.199869429883831,1.5944082088069793,-0.39453877892314826
sscrn_lemniscate_tr0.25_d34_rep7,sscrn_lemniscate_tr0.25_d34_rep7_q16,16,lemniscate,0.25,34,7,1.3075376009374842,1.6303577630364523,-0.32282016209896813
sscrn_lemniscate_tr0.35_d12_rep0,sscrn_lemniscate_tr0.35_d12_rep0_q4,4,lemniscate,0.35,12,0,0.7578658821533472,0.82237305680775,-0.06450717465440281
sscrn_lemniscate_tr0.35_d12_rep0,sscrn_lemniscate_tr0.35_d12_rep0_q8,8,lemniscate,0.35,12,0,0.9687428655328422,0.596564960119993,0.3721779054128491
sscrn_lemniscate_tr0.35_d12_rep0,sscrn_lemniscate_tr0.35_d12_rep0_q16,16,lemniscate,0.35,12,0,1.0311536572451847,0.6168517421142042,0.41430191513098047
sscrn_lemniscate_tr0.35_d12_rep1,sscrn_lemniscate_tr0.35_d12_rep1_q4,4,lemniscate,0.35,12,1,1.1747451810680176,0.8207520707859004,0.3539931102821172
sscrn_lemniscate_tr0.35_d12_rep1,sscrn_lemniscate_tr0.35_d12_rep1_q8,8,lemniscate,0.35,12,1,0.40971314794577895,0.5951428736615396,-0.18542972571576066
sscrn_lemniscate_tr0.35_d12_rep1,sscrn_lemniscate_tr0.35_d12_rep1_q16,16,lemniscate,0.35,12,1,0.4860453151875147,0.6230195577081633,-0.1369742425206486
sscrn_lemniscate_tr0.35_d12_rep2,sscrn_lemniscate_tr0.35_d12_rep2_q4,4,lemniscate,0.35,12,2,0.8238514349511716,0.820009767805223,0.0038416671459485796
sscrn_lemniscate_tr0.35_d12_rep2,sscrn_lemniscate_tr0.35_d12_rep2_q8,8,lemniscate,0.35,12,2,1.217218019329721,0.5975782110004124,0.6196398083293087
sscrn_lemniscate_tr0.35_d12_rep2,sscrn_lemniscate_tr0.35_d12_rep2_q16,16,lemniscate,0.35,12,2,0.736858017987406,0.9698949388340364,-0.2330369208466304
sscrn_lemniscate_tr0.35_d12_rep3,sscrn_lemniscate_tr0.35_d12_rep3_q4,4,lemniscate,0.35,12,3,1.256835618232608,0.8245171634124835,0.43231845482012443
sscrn_lemniscate_tr0.35_d12_rep3,sscrn_lemniscate_tr0.35_d12_rep3_q8,8,lemniscate,0.35,12,3,0.9564413445001833,0.5932851245905464,0.36315621990963687
sscrn_lemniscate_tr0.35_d12_rep3,sscrn_lemniscate_tr0.35_d12_rep3_q16,16,lemniscate,0.35,12,3,0.7092809312372441,0.6153581219308708,0.09392280930637331
sscrn_lemniscate_tr0.35_d12_rep4,sscrn_lemniscate_tr0.35_d12_rep4_q4,4,lemniscate,0.35,12,4,0.7439238468127302,0.8201409409292778,-0.07621709411654765
sscrn_lemniscate_tr0.35_d12_rep4,sscrn_lemniscate_tr0.35_d12_rep4_q8,8,lemniscate,0.35,12,4,0.3933519919033057,0.5925288245428835,-0.19917683263957775
sscrn_lemniscate_tr0.35_d12_rep4,sscrn_lemniscate_tr0.35_d12_rep4_q16,16,lemniscate,0.35,12,4,1.2080995516335353,0.9613379189419917,0.2467616326915436
sscrn_lemniscate_tr0.35_d12_rep5,sscrn_lemniscate_tr0.35_d12_rep5_q4,4,lemniscate,0.35,12,5,1.2426568947223668,0.8199849893784574,0.4226719053439094
sscrn_lemniscate_tr0.35_d12_rep5,sscrn_lemniscate_tr0.35_d12_rep5_q8,8,lemniscate,0.35,12,5,1.0869700171207086,0.5958697028061734,0.49110031431453527
sscrn_lemniscate_tr0.35_d12_rep5,sscrn_lemniscate_tr0.35_d12_rep5_q16,16,lemniscate,0.35,12,5,1.2530657995702423,0.5824912323949653,0.6705745671752771
sscrn_lemniscate_tr0.35_d12_rep6,sscrn_lemniscate_tr0.35_d12_rep6_q4,4,lemniscate,0.35,12,6,0.6331216597728804,0.8230886641519988,-0.1899670043791184
sscrn_lemniscate_tr0.35_d12_rep6,sscrn_lemniscate_tr0.35_d12_rep6_q8,8,lemniscate,0.35,12,6,1.2409802477115386,0.6120665943258149,0.6289136533857237
sscrn_lemniscate_tr0.35_d12_rep6,sscrn_lemniscate_tr0.35_d12_rep6_q16,16,lemniscate,0.35,12,6,0.22786357980096072,0.580705797577439,-0.3528422177764783
sscrn_lemniscate_tr0.35_d12_rep7,sscrn_lemniscate_tr0.35_d12_rep7_q4,4,lemniscate,0.35,12,7,1.0466660358927975,0.820458963673573,0.22620707221922454
sscrn_lemniscate_tr0.35_d12_rep7,sscrn_lemniscate_tr0.35_d12_rep7_q8,8,lemniscate,0.35,12,7,0.9550070548120883,0.5954810773724027,0.3595259774396855
sscrn_lemniscate_tr0.35_d12_rep7,sscrn_lemniscate_tr0.35_d12_rep7_q16,16,lemniscate,0.35,12,7,0.22439560448341042,0.5820434226627659,-0.3576478181793554
sscrn_lemniscate_tr0.35_d34_rep0,sscrn_lemniscate_tr0.35_d34_rep0_q4,4,lemniscate,0.35,34,0,1.4728824985507025,1.680077928946539,-0.20719543039583654
sscrn_lemniscate_tr0.35_d34_rep0,sscrn_lemniscate_tr0.35_d34_rep0_q8,8,lemniscate,0.35,34,0,1.1692980915729807,1.5983865325184408,-0.42908844094546006
sscrn_lemniscate_tr0.35_d34_rep0,sscrn_lemniscate_tr0.35_d34_rep0_q16,16,lemniscate,0.35,34,0,1.0848539796092558,1.605345056900923,-0.5204910772916673
sscrn_lemniscate_tr0.35_d34_rep1,sscrn_lemniscate_tr0.35_d34_rep1_q4,4,lemniscate,0.35,34,1,1.3228982128469906,1.6702688328437727,-0.3473706199967821
sscrn_lemniscate_tr0.35_d34_rep1,sscrn_lemniscate_tr0.35_d34_rep1_q8,8,lemniscate,0.35,34,1,1.1127442682740007,1.5976957225635706,-0.48495145428956987
sscrn_lemniscate_tr0.35_d34_rep1,sscrn_lemniscate_tr0.35_d34_rep1_q16,16,lemniscate,0.35,34,1,1.0270925705564686,1.608697666482172,-0.5816050959257033
sscrn_lemniscate_tr0.35_d34_rep2,sscrn_lemniscate_tr0.35_d34_rep2_q4,4,lemniscate,0.35,34,2,1.5690070250711021,1.620114738310524,-0.05110771323942198
sscrn_lemniscate_tr0.35_d34_rep2,sscrn_lemniscate_tr0.35_d34_rep2_q8,8,lemniscate,0.35,34,2,1.0964108500883645,1.6050980942630646,-0.5086872441747001
sscrn_lemniscate_tr0.35_d34_rep2,sscrn_lemniscate_tr0.35_d34_rep2_q16,16,lemniscate,0.35,34,2,1.0282892932057757,1.6056558419589457,-0.5773665487531701
sscrn_lemniscate_tr0.35_d34_rep3,sscrn_lemniscate_tr0.35_d34_rep3_q4,4,lemniscate,0.35,34,3,1.4915675728143396,1.7029337799341344,-0.2113662071197948
sscrn_lemniscate_tr0.35_d34_rep3,sscrn_lemniscate_tr0.35_d34_rep3_q8,8,lemniscate,0.35,34,3,1.1902066173418044,1.6202196566219285,-0.430013039280124
sscrn_lemniscate_tr0.35_d34_rep3,sscrn_lemniscate_tr0.35_d34_rep3_q16,16,lemniscate,0.35,34,3,1.031296083283245,1.6065767166966656,-0.5752806334134206
sscrn_lemniscate_tr0.35_d34_rep4,sscrn_lemniscate_tr0.35_d34_rep4_q4,4,lemniscate,0.35,34,4,1.337839369697426,1.699617405985798,-0.361778036288372
sscrn_lemniscate_tr0.35_d34_rep4,sscrn_lemniscate_tr0.35_d34_rep4_q8,8,lemniscate,0.35,34,4,1.2627374996045448,1.6033333980869284,-0.3405958984823836
sscrn_lemniscate_tr0.35_d34_rep4,sscrn_lemniscate_tr0.35_d34_rep4_q16,16,lemniscate,0.35,34,4,0.9965915079640387,1.6145751514075097,-0.617983643443471
sscrn_lemniscate_tr0.35_d34_rep5,sscrn_lemniscate_tr0.35_d34_rep5_q4,4,lemniscate,0.35,34,5,1.29693444948243,1.7097653679309135,-0.4128309184484835
sscrn_lemniscate_tr0.35_d34_rep5,sscrn_lemniscate_tr0.35_d34_rep5_q8,8,lemniscate,0.35,34,5,1.1864558456049237,1.5743672066680445,-0.38791136106312085
sscrn_lemniscate_tr0.35_d34_rep5,sscrn_lemniscate_tr0.35_d34_rep5_q16,16,lemniscate,0.35,34,5,1.0259696399987963,1.6128497112033662,-0.5868800712045699
sscrn_lemniscate_tr0.35_d34_rep6,sscrn_lemniscate_tr0.35_d34_rep6_q4,4,lemniscate,0.35,34,6,1.4740145581754966,1.6301445010767854,-0.1561299429012888
sscrn_lemniscate_tr0.35_d34_rep6,sscrn_lemniscate_tr0.35_d34_rep6_q8,8,lemniscate,0.35,34,6,1.1854154596623876,1.587917745083394,-0.4025022854210063
sscrn_lemniscate_tr0.35_d34_rep6,sscrn_lemniscate_tr0.35_d34_rep6_q16,16,lemniscate,0.35,34,6,1.0179892134702362,1.6312898384629502,-0.613300624992714
sscrn_lemniscate_tr0.35_d34_rep7,sscrn_lemniscate_tr0.35_d34_rep7_q4,4,lemniscate,0.35,34,7,1.3927162528796573,1.6996927887068607,-0.3069765358272034
sscrn_lemniscate_tr0.35_d34_rep7,sscrn_lemniscate_tr0.35_d34_rep7_q8,8,lemniscate,0.35,34,7,1.0947901067824204,1.5896823609122748,-0.4948922541298544
sscrn_lemniscate_tr0.35_d34_rep7,sscrn_lemniscate_tr0.35_d34_rep7_q16,16,lemniscate,0.35,34,7,0.9874281258606015,1.5979086377356906,-0.6104805118750891
