q_dirs,traj,tr,delay,rep,paired_id,rmse_t3,rmse_honest,rmse_gap_t3_minus_honest
4,circle,0.25,12,0,q4_circle_tr0.25_d12_rep0,0.7282885898722526,0.7255857719978774,0.0027028178743752074
4,circle,0.25,12,1,q4_circle_tr0.25_d12_rep1,0.7605249763867881,0.7419590463502649,0.01856593003652318
4,circle,0.25,12,2,q4_circle_tr0.25_d12_rep2,0.7516547049785346,0.7515233573260152,0.00013134765251943126
4,circle,0.25,12,3,q4_circle_tr0.25_d12_rep3,0.7130218443659214,0.7688146980250057,-0.05579285365908426
4,circle,0.25,12,4,q4_circle_tr0.25_d12_rep4,0.7062426625528616,0.7604978852496089,-0.05425522269674732
4,circle,0.25,12,5,q4_circle_tr0.25_d12_rep5,0.7544243586102231,0.7853733331289761,-0.030948974518753003
4,circle,0.25,12,6,q4_circle_tr0.25_d12_rep6,0.7523946650109813,0.7084609966611428,0.04393366834983847
4,circle,0.25,12,7,q4_circle_tr0.25_d12_rep7,0.7219365006756747,0.801958006983521,-0.08002150630784632
4,circle,0.25,34,0,q4_circle_tr0.25_d34_rep0,1.5294900621972787,1.7468463689017932,-0.21735630670451456
4,circle,0.25,34,1,q4_circle_tr0.25_d34_rep1,1.5625281037698313,1.66805566943761,-0.10552756566777877
4,circle,0.25,34,2,q4_circle_tr0.25_d34_rep2,1.6213326275307074,1.698615343632814,-0.07728271610210657
4,circle,0.25,34,3,q4_circle_tr0.25_d34_rep3,1.6185153597975543,1.62183130976836,-0.003315949970805754
4,circle,0.25,34,4,q4_circle_tr0.25_d34_rep4,1.5663867107461416,1.7611780739368654,-0.19479136319072388
4,circle,0.25,34,5,q4_circle_tr0.25_d34_rep5,1.6017262002748156,1.6371986747191387,-0.03547247444432311
4,circle,0.25,34,6,q4_circle_tr0.25_d34_rep6,1.5740275341741004,1.684819557102753,-0.11079202292865276
4,circle,0.25,34,7,q4_circle_tr0.25_d34_rep7,1.509303398833183,1.725248639631193,-0.21594524079801003
4,circle,0.35,12,0,q4_circle_tr0.35_d12_rep0,0.718181242873875,0.7780887496016319,-0.05990750672775691
4,circle,0.35,12,1,q4_circle_tr0.35_d12_rep1,0.7408553037702067,0.7196686295498695,0.021186674220337154
4,circle,0.35,12,2,q4_circle_tr0.35_d12_rep2,0.6928682306375656,0.8467296491864568,-0.15386141854889113
4,circle,0.35,12,3,q4_circle_tr0.35_d12_rep3,0.703971457213584,0.7977251804806557,-0.09375372326707165
4,circle,0.35,12,4,q4_circle_tr0.35_d12_rep4,0.8161388103628172,0.7715255515701558,0.044613258792661425
4,circle,0.35,12,5,q4_circle_tr0.35_d12_rep5,0.7838071349803531,0.7944927827039469,-0.010685647723593705
4,circle,0.35,12,6,q4_circle_tr0.35_d12_rep6,0.7262868522488756,0.7966359098991296,-0.07034905765025401
4,circle,0.35,12,7,q4_circle_tr0.35_d12_rep7,0.7944444455866444,0.7932825022587623,0.001161943327882109
4,circle,0.35,34,0,q4_circle_tr0.35_d34_rep0,1.5272270469133662,1.6675327717710509,-0.14030572485768467
4,circle,0.35,34,1,q4_circle_tr0.35_d34_rep1,1.4696985745164084,1.7242574950165406,-0.2545589205001322
4,circle,0.35,34,2,q4_circle_tr0.35_d34_rep2,1.4546375138850098,1.5519100994530444,-0.09727258556803453
4,circle,0.35,34,3,q4_circle_tr0.35_d34_rep3,1.453822803054335,1.678421454074951,-0.22459865102061594
4,circle,0.35,34,4,q4_circle_tr0.35_d34_rep4,1.4853789126446213,1.7417655892198785,-0.25638667657525716
4,circle,0.35,34,5,q4_circle_tr0.35_d34_rep5,1.4579179892021836,1.6974101135290254,-0.23949212432684175
4,circle,0.35,34,6,q4_circle_tr0.35_d34_rep6,1.432182828819168,1.7071012912093093,-0.2749184623901413
4,circle,0.35,34,7,q4_circle_tr0.35_d34_rep7,1.443443630232278,1.7204232743409602,-0.27697964410868225
4,square,0.25,12,0,q4_square_tr0.25_d12_rep0,0.366671905132141,0.8862645109193642,-0.5195926057872232
4,square,0.25,12,1,q4_square_tr0.25_d12_rep1,0.3518341144114632,0.6188888201754923,-0.2670547057640291
4,square,0.25,12,2,q4_square_tr0.25_d12_rep2,0.3640849032920376,0.6503856577550722,-0.2863007544630346
4,square,0.25,12,3,q4_square_tr0.25_d12_rep3,0.34461190195280733,0.9086137444187137,-0.5640018424659063
4,square,0.25,12,4,q4_square_tr0.25_d12_rep4,0.35052659780503564,0.6157280324722869,-0.26520143466725127
4,square,0.25,12,5,q4_square_tr0.25_d12_rep5,0.332938928581246,0.8599076612659838,-0.5269687326847379
4,square,0.25,12,6,q4_square_tr0.25_d12_rep6,0.35317243151769706,0.8296357643065139,-0.4764633327888168
4,square,0.25,12,7,q4_square_tr0.25_d12_rep7,0.3690302443310787,0.9298346311726382,-0.5608043868415595
4,square,0.25,34,0,q4_square_tr0.25_d34_rep0,1.5374849515648576,1.7409903291224618,-0.20350537755760412
4,square,0.25,34,1,q4_square_tr0.25_d34_rep1,1.5195711228202697,1.777146602036617,-0.25757547921634716
4,square,0.25,34,2,q4_square_tr0.25_d34_rep2,1.5079318190942919,1.6992310178727241,-0.19129919877843227
4,square,0.25,34,3,q4_square_tr0.25_d34_rep3,1.4901265691501833,1.7175110340627855,-0.22738446491260222
4,square,0.25,34,4,q4_square_tr0.25_d34_rep4,1.516780025701731,1.6225909323155143,-0.10581090661378334
4,square,0.25,34,5,q4_square_tr0.25_d34_rep5,1.5254676118409296,1.6605049023504097,-0.1350372905094801
4,square,0.25,34,6,q4_square_tr0.25_d34_rep6,1.443946060447551,1.6520633064911778,-0.2081172460436269
4,square,0.25,34,7,q4_square_tr0.25_d34_rep7,1.4105593848112539,1.6800262787518008,-0.2694668939405469
4,square,0.35,12,0,q4_square_tr0.35_d12_rep0,0.1886081848969642,0.887419408604643,-0.6988112237076788
4,square,0.35,12,1,q4_square_tr0.35_d12_rep1,0.18849579987410559,0.8668433525778104,-0.6783475527037048
4,square,0.35,12,2,q4_square_tr0.35_d12_rep2,0.1851073129374979,0.9008513668291481,-0.7157440538916502
4,square,0.35,12,3,q4_square_tr0.35_d12_rep3,0.17193562738030754,0.8600211866717552,-0.6880855592914477
4,square,0.35,12,4,q4_square_tr0.35_d12_rep4,0.17993473319022524,0.8838919287670117,-0.7039571955767865
4,square,0.35,12,5,q4_square_tr0.35_d12_rep5,0.18456539083714382,0.8860832535744178,-0.7015178627372739
4,square,0.35,12,6,q4_square_tr0.35_d12_rep6,0.17664945805788984,0.8828627192756916,-0.7062132612178018
4,square,0.35,12,7,q4_square_tr0.35_d12_rep7,0.19173141423472673,0.8813099952848842,-0.6895785810501575
4,square,0.35,34,0,q4_square_tr0.35_d34_rep0,1.3534578547473457,1.7784632325073555,-0.4250053777600098
4,square,0.35,34,1,q4_square_tr0.35_d34_rep1,1.357819475657974,1.7329291077265252,-0.3751096320685512
4,square,0.35,34,2,q4_square_tr0.35_d34_rep2,1.343434962949519,1.7619943709959958,-0.41855940804647673
4,square,0.35,34,3,q4_square_tr0.35_d34_rep3,1.3967166274171818,1.7536601867821122,-0.3569435593649304
4,square,0.35,34,4,q4_square_tr0.35_d34_rep4,1.3260325162022322,1.833416286492235,-0.5073837702900028
4,square,0.35,34,5,q4_square_tr0.35_d34_rep5,1.3640684692176777,1.713873465354013,-0.3498049961363354
4,square,0.35,34,6,q4_square_tr0.35_d34_rep6,1.323679404833752,1.604180241822158,-0.2805008369884061
4,square,0.35,34,7,q4_square_tr0.35_d34_rep7,1.1974562519098402,1.7347457277113185,-0.5372894758014783
4,zigzag,0.25,12,0,q4_zigzag_tr0.25_d12_rep0,1.185380688320764,1.3526266284038817,-0.16724594008311766
4,zigzag,0.25,12,1,q4_zigzag_tr0.25_d12_rep1,1.2612312799353027,1.332319765101315,-0.0710884851660123
4,zigzag,0.25,12,2,q4_zigzag_tr0.25_d12_rep2,1.227780594100667,1.2075259264099303,0.020254667690736694
4,zigzag,0.25,12,3,q4_zigzag_tr0.25_d12_rep3,1.2020128595766455,1.1769302502583276,0.02508260931831785
4,zigzag,0.25,12,4,q4_zigzag_tr0.25_d12_rep4,1.2173972501385877,1.2057941527713143,0.011603097367273385
4,zigzag,0.25,12,5,q4_zigzag_tr0.25_d12_rep5,0.9250093083495294,1.1318290076283481,-0.2068196992788187
4,zigzag,0.25,12,6,q4_zigzag_tr0.25_d12_rep6,1.2673133942788835,1.4140752430474948,-0.1467618487686113
4,zigzag,0.25,12,7,q4_zigzag_tr0.25_d12_rep7,1.1936856780751721,1.3869594800065137,-0.19327380193134158
4,zigzag,0.25,34,0,q4_zigzag_tr0.25_d34_rep0,1.6751337172649245,1.8845009722842416,-0.20936725501931708
4,zigzag,0.25,34,1,q4_zigzag_tr0.25_d34_rep1,1.635235214960348,1.9068118655704853,-0.27157665061013736
4,zigzag,0.25,34,2,q4_zigzag_tr0.25_d34_rep2,1.7618540873522006,1.921599993004356,-0.1597459056521553
4,zigzag,0.25,34,3,q4_zigzag_tr0.25_d34_rep3,1.671307945134335,1.7981526437958004,-0.12684469866146553
4,zigzag,0.25,34,4,q4_zigzag_tr0.25_d34_rep4,1.7431118416858793,1.8460590712195515,-0.10294722953367219
4,zigzag,0.25,34,5,q4_zigzag_tr0.25_d34_rep5,1.6496283235698859,1.9683935518138647,-0.3187652282439788
4,zigzag,0.25,34,6,q4_zigzag_tr0.25_d34_rep6,1.6440810199112128,1.9012312467113095,-0.2571502268000967
4,zigzag,0.25,34,7,q4_zigzag_tr0.25_d34_rep7,1.7635026090564059,1.9938886073603195,-0.2303859983039136
4,zigzag,0.35,12,0,q4_zigzag_tr0.35_d12_rep0,1.0953322386074906,1.431086750175348,-0.3357545115678573
4,zigzag,0.35,12,1,q4_zigzag_tr0.35_d12_rep1,0.9824775675037607,1.3019811859945958,-0.3195036184908351
4,zigzag,0.35,12,2,q4_zigzag_tr0.35_d12_rep2,1.1506852870995818,1.2415853132250467,-0.09090002612546488
4,zigzag,0.35,12,3,q4_zigzag_tr0.35_d12_rep3,0.940331708469606,1.3456793557632774,-0.40534764729367134
4,zigzag,0.35,12,4,q4_zigzag_tr0.35_d12_rep4,0.9392618360395768,1.3519604611211828,-0.41269862508160604
4,zigzag,0.35,12,5,q4_zigzag_tr0.35_d12_rep5,0.8401119039776133,1.4027221045907168,-0.5626102006131035
4,zigzag,0.35,12,6,q4_zigzag_tr0.35_d12_rep6,1.0851129803883934,1.2934954161072176,-0.2083824357188242
4,zigzag,0.35,12,7,q4_zigzag_tr0.35_d12_rep7,1.1585917676865496,1.2666901403599107,-0.10809837267336109
4,zigzag,0.35,34,0,q4_zigzag_tr0.35_d34_rep0,1.6945038028938533,1.8597901407113153,-0.16528633781746205
4,zigzag,0.35,34,1,q4_zigzag_tr0.35_d34_rep1,1.4901189537678436,1.8182093462702251,-0.3280903925023815
4,zigzag,0.35,34,2,q4_zigzag_tr0.35_d34_rep2,1.4198805350466104,1.890789381837499,-0.4709088467908886
4,zigzag,0.35,34,3,q4_zigzag_tr0.35_d34_rep3,1.5518081735864577,1.8340406530933562,-0.28223247950689845
4,zigzag,0.35,34,4,q4_zigzag_tr0.35_d34_rep4,1.5028491583740087,1.7378207522763265,-0.2349715939023178
4,zigzag,0.35,34,5,q4_zigzag_tr0.35_d34_rep5,1.6590215218098971,1.8145057463738206,-0.1554842245639234
4,zigzag,0.35,34,6,q4_zigzag_tr0.35_d34_rep6,1.659679227238254,1.9698789776830967,-0.3101997504448428
4,zigzag,0.35,34,7,q4_zigzag_tr0.35_d34_rep7,1.6656212604456229,1.8797664264305423,-0.2141451659849194
4,lemniscate,0.25,12,0,q4_lemniscate_tr0.25_d12_rep0,0.6280946515246786,0.8225938258222678,-0.19449917429758923
4,lemniscate,0.25,12,1,q4_lemniscate_tr0.25_d12_rep1,0.6409447676532749,0.826498794259596,-0.18555402660632114
4,lemniscate,0.25,12,2,q4_lemniscate_tr0.25_d12_rep2,0.8817897336320515,0.8202158476995648,0.061573885932486694
4,lemniscate,0.25,12,3,q4_lemniscate_tr0.25_d12_rep3,1.256798992033299,0.8231439985234074,0.43365499350989156
4,lemniscate,0.25,12,4,q4_lemniscate_tr0.25_d12_rep4,1.2547656459469598,0.8228571816907746,0.43190846425618523
4,lemniscate,0.25,12,5,q4_lemniscate_tr0.25_d12_rep5,0.6444275346220325,0.8220606050707291,-0.17763307044869658
4,lemniscate,0.25,12,6,q4_lemniscate_tr0.25_d12_rep6,0.675078547155817,0.8265017358622412,-0.15142318870642413
4,lemniscate,0.25,12,7,q4_lemniscate_tr0.25_d12_rep7,1.1503102245374037,0.82354072482809,0.3267694997093137
4,lemniscate,0.25,34,0,q4_lemniscate_tr0.25_d34_rep0,1.5374431156204946,1.7266633586359972,-0.18922024301550255
4,lemniscate,0.25,34,1,q4_lemniscate_tr0.25_d34_rep1,1.4908613613958999,1.7157750057587307,-0.2249136443628308
4,lemniscate,0.25,34,2,q4_lemniscate_tr0.25_d34_rep2,1.5464447239667927,1.6659262328108166,-0.11948150884402398
4,lemniscate,0.25,34,3,q4_lemniscate_tr0.25_d34_rep3,1.4659494786953464,1.6578245320628857,-0.1918750533675393
4,lemniscate,0.25,34,4,q4_lemniscate_tr0.25_d34_rep4,1.5950279945720354,1.6663193905890172,-0.07129139601698187
4,lemniscate,0.25,34,5,q4_lemniscate_tr0.25_d34_rep5,1.5567707548084975,1.6881130846799435,-0.131342329871446
4,lemniscate,0.25,34,6,q4_lemniscate_tr0.25_d34_rep6,1.5975031899540921,1.6662872836692333,-0.06878409371514116
4,lemniscate,0.25,34,7,q4_lemniscate_tr0.25_d34_rep7,1.4938837172773771,1.6977204539111965,-0.2038367366338194
4,lemniscate,0.35,12,0,q4_lemniscate_tr0.35_d12_rep0,1.1394154594758592,0.8202646163625125,0.31915084311334674
4,lemniscate,0.35,12,1,q4_lemniscate_tr0.35_d12_rep1,1.1747822252990077,0.8216668357752704,0.3531153895237372
4,lemniscate,0.35,12,2,q4_lemniscate_tr0.35_d12_rep2,1.1628610295711563,0.8207822148881974,0.342078814682959
4,lemniscate,0.35,12,3,q4_lemniscate_tr0.35_d12_rep3,1.2797562578752149,0.8201649377412276,0.4595913201339873
4,lemniscate,0.35,12,4,q4_lemniscate_tr0.35_d12_rep4,1.1920059282051594,0.8211902175348492,0.37081571067031016
4,lemniscate,0.35,12,5,q4_lemniscate_tr0.35_d12_rep5,1.3161654693320677,0.8205639963590914,0.4956014729729763
4,lemniscate,0.35,12,6,q4_lemniscate_tr0.35_d12_rep6,0.6357727409446616,0.8209387537429983,-0.18516601279833667
4,lemniscate,0.35,12,7,q4_lemniscate_tr0.35_d12_rep7,1.1578854890351387,0.8219218545559263,0.3359636344792124
4,lemniscate,0.35,34,0,q4_lemniscate_tr0.35_d34_rep0,1.4542965900360818,1.654872292627559,-0.20057570259147717
4,lemniscate,0.35,34,1,q4_lemniscate_tr0.35_d34_rep1,1.468768978929854,1.678453213513232,-0.20968423458337804
4,lemniscate,0.35,34,2,q4_lemniscate_tr0.35_d34_rep2,1.4397996021685395,1.6583679787932002,-0.21856837662466067
4,lemniscate,0.35,34,3,q4_lemniscate_tr0.35_d34_rep3,1.3104357473034765,1.6961281644098118,-0.3856924171063354
4,lemniscate,0.35,34,4,q4_lemniscate_tr0.35_d34_rep4,1.3554125460775202,1.707825186996591,-0.3524126409190709
4,lemniscate,0.35,34,5,q4_lemniscate_tr0.35_d34_rep5,1.3868716235766234,1.7726168692818274,-0.38574524570520397
4,lemniscate,0.35,34,6,q4_lemniscate_tr0.35_d34_rep6,1.431024512082357,1.7234750133237169,-0.29245050124135985
4,lemniscate,0.35,34,7,q4_lemniscate_tr0.35_d34_rep7,1.2480693758681802,1.7782837104785925,-0.5302143346104122
8,circle,0.25,12,0,q8_circle_tr0.25_d12_rep0,0.3343968980389165,0.3548632638213909,-0.020466365782474405
8,circle,0.25,12,1,q8_circle_tr0.25_d12_rep1,0.3183583050739596,0.35444394974174015,-0.036085644667780525
8,circle,0.25,12,2,q8_circle_tr0.25_d12_rep2,0.32468664259492797,0.36925412560236087,-0.044567483007432906
8,circle,0.25,12,3,q8_circle_tr0.25_d12_rep3,0.3203352671383409,0.3530513012068797,-0.032716034068538846
8,circle,0.25,12,4,q8_circle_tr0.25_d12_rep4,0.32043036834869953,0.35376404303372383,-0.033333674685024295
8,circle,0.25,12,5,q8_circle_tr0.25_d12_rep5,0.34458782360802676,0.357465291180466,-0.012877467572439238
8,circle,0.25,12,6,q8_circle_tr0.25_d12_rep6,0.3347728883764834,0.3533676730120333,-0.01859478463554992
8,circle,0.25,12,7,q8_circle_tr0.25_d12_rep7,0.3872965058342529,0.35358959728081296,0.03370690855343994
8,circle,0.25,34,0,q8_circle_tr0.25_d34_rep0,0.9533813414544301,1.2150961501513693,-0.2617148086969392
8,circle,0.25,34,1,q8_circle_tr0.25_d34_rep1,1.0038331456733531,1.2957793089478065,-0.29194616327445333
8,circle,0.25,34,2,q8_circle_tr0.25_d34_rep2,1.0124711285265293,1.190443192079349,-0.1779720635528197
8,circle,0.25,34,3,q8_circle_tr0.25_d34_rep3,1.0403617002760825,1.3300929355998463,-0.28973123532376377
8,circle,0.25,34,4,q8_circle_tr0.25_d34_rep4,0.7997124433380138,1.267500117752652,-0.4677876744146381
8,circle,0.25,34,5,q8_circle_tr0.25_d34_rep5,0.8994360934168144,1.316765239244243,-0.41732914582742864
8,circle,0.25,34,6,q8_circle_tr0.25_d34_rep6,0.9512032550747637,1.2679182227163424,-0.3167149676415787
8,circle,0.25,34,7,q8_circle_tr0.25_d34_rep7,1.0320424354667317,1.2374601914957324,-0.2054177560290007
8,circle,0.35,12,0,q8_circle_tr0.35_d12_rep0,0.3619821962207607,0.3530543033825308,0.008927892838229923
8,circle,0.35,12,1,q8_circle_tr0.35_d12_rep1,0.33734197665387095,0.35575999897888944,-0.01841802232501849
8,circle,0.35,12,2,q8_circle_tr0.35_d12_rep2,0.3332578823778296,0.3593380132331865,-0.026080130855356876
8,circle,0.35,12,3,q8_circle_tr0.35_d12_rep3,0.3350043224683268,0.35049687409185176,-0.015492551623524975
8,circle,0.35,12,4,q8_circle_tr0.35_d12_rep4,0.3353393605952496,0.35637615212378515,-0.021036791528535548
8,circle,0.35,12,5,q8_circle_tr0.35_d12_rep5,0.30828331941998016,0.3535307673207276,-0.04524744790074742
8,circle,0.35,12,6,q8_circle_tr0.35_d12_rep6,0.36716261187322324,0.3560964947038669,0.011066117169356349
8,circle,0.35,12,7,q8_circle_tr0.35_d12_rep7,0.33835261055348265,0.3533709196140723,-0.015018309060589652
8,circle,0.35,34,0,q8_circle_tr0.35_d34_rep0,0.6359029427843461,1.2084322369688614,-0.5725292941845153
8,circle,0.35,34,1,q8_circle_tr0.35_d34_rep1,0.6095861721641624,1.2054710151092383,-0.5958848429450758
8,circle,0.35,34,2,q8_circle_tr0.35_d34_rep2,0.5984495189088266,1.1736053649252571,-0.5751558460164305
8,circle,0.35,34,3,q8_circle_tr0.35_d34_rep3,0.6050297635746502,1.2462922423450684,-0.6412624787704182
8,circle,0.35,34,4,q8_circle_tr0.35_d34_rep4,0.5736155114125189,1.2010870716920516,-0.6274715602795328
8,circle,0.35,34,5,q8_circle_tr0.35_d34_rep5,0.5794685704443362,1.2983779622460647,-0.7189093918017285
8,circle,0.35,34,6,q8_circle_tr0.35_d34_rep6,0.7092993053944288,1.2012458996182,-0.4919465942237713
8,circle,0.35,34,7,q8_circle_tr0.35_d34_rep7,0.5638644263146342,1.1554027996574594,-0.5915383733428252
8,square,0.25,12,0,q8_square_tr0.25_d12_rep0,0.42637013349309894,0.6833445371903644,-0.25697440369726543
8,square,0.25,12,1,q8_square_tr0.25_d12_rep1,0.41906703150738983,0.6889418577092654,-0.2698748262018756
8,square,0.25,12,2,q8_square_tr0.25_d12_rep2,0.33062649733312105,0.6905101392494007,-0.3598836419162797
8,square,0.25,12,3,q8_square_tr0.25_d12_rep3,0.408240420632836,0.7031469336328793,-0.2949065130000433
8,square,0.25,12,4,q8_square_tr0.25_d12_rep4,0.39161553714452374,0.7086152514793348,-0.31699971433481106
8,square,0.25,12,5,q8_square_tr0.25_d12_rep5,0.3580096624531641,0.7113483349494006,-0.3533386724962365
8,square,0.25,12,6,q8_square_tr0.25_d12_rep6,0.3392766304121438,0.7102375965983494,-0.3709609661862056
8,square,0.25,12,7,q8_square_tr0.25_d12_rep7,0.3601212474536148,0.686415467915906,-0.32629422046229123
8,square,0.25,34,0,q8_square_tr0.25_d34_rep0,1.2565180847432191,1.4777124192944602,-0.22119433455124105
8,square,0.25,34,1,q8_square_tr0.25_d34_rep1,1.2278771608082828,1.450093582810672,-0.22221642200238922
8,square,0.25,34,2,q8_square_tr0.25_d34_rep2,1.325592794997493,1.4506992629182973,-0.12510646792080427
8,square,0.25,34,3,q8_square_tr0.25_d34_rep3,1.239805380212088,1.4743590147175225,-0.23455363450543443
8,square,0.25,34,4,q8_square_tr0.25_d34_rep4,1.2302290762457815,1.4352512368627501,-0.20502216061696865
8,square,0.25,34,5,q8_square_tr0.25_d34_rep5,1.2883558219735678,1.447726978885446,-0.1593711569118783
8,square,0.25,34,6,q8_square_tr0.25_d34_rep6,1.2867192657125917,1.4442322798120995,-0.1575130140995078
8,square,0.25,34,7,q8_square_tr0.25_d34_rep7,1.2237615297927757,1.435279317362554,-0.21151778756977824
8,square,0.35,12,0,q8_square_tr0.35_d12_rep0,0.37553081579617914,0.7095808279221945,-0.3340500121260153
8,square,0.35,12,1,q8_square_tr0.35_d12_rep1,0.4869222972237075,0.7008872768157378,-0.2139649795920303
8,square,0.35,12,2,q8_square_tr0.35_d12_rep2,0.4537585630692615,0.6891422555549626,-0.23538369248570107
8,square,0.35,12,3,q8_square_tr0.35_d12_rep3,0.43614498804217555,0.7187433475695271,-0.2825983595273515
8,square,0.35,12,4,q8_square_tr0.35_d12_rep4,0.4423309870932585,0.694830781408262,-0.2524997943150035
8,square,0.35,12,5,q8_square_tr0.35_d12_rep5,0.38891558424784967,0.6714726186995478,-0.2825570344516981
8,square,0.35,12,6,q8_square_tr0.35_d12_rep6,0.36143934049666404,0.6569664421585759,-0.2955271016619119
8,square,0.35,12,7,q8_square_tr0.35_d12_rep7,0.39103983432621725,0.7065181423843842,-0.3154783080581669
8,square,0.35,34,0,q8_square_tr0.35_d34_rep0,1.1032672983438223,1.473763736114982,-0.3704964377711597
8,square,0.35,34,1,q8_square_tr0.35_d34_rep1,1.0460155085095688,1.4647781442229348,-0.418762635713366
8,square,0.35,34,2,q8_square_tr0.35_d34_rep2,1.0152058542717113,1.4643427120031953,-0.44913685773148404
8,square,0.35,34,3,q8_square_tr0.35_d34_rep3,0.9768598462346786,1.475485846103393,-0.4986259998687145
8,square,0.35,34,4,q8_square_tr0.35_d34_rep4,1.0238745537317946,1.432568051295048,-0.40869349756325346
8,square,0.35,34,5,q8_square_tr0.35_d34_rep5,1.036121350243124,1.4281730950609246,-0.3920517448178007
8,square,0.35,34,6,q8_square_tr0.35_d34_rep6,1.0252317291482704,1.4344754547902956,-0.40924372564202516
8,square,0.35,34,7,q8_square_tr0.35_d34_rep7,1.1380991856038973,1.4941552214613287,-0.3560560358574314
8,zigzag,0.25,12,0,q8_zigzag_tr0.25_d12_rep0,1.174440787979169,1.2591644236184631,-0.08472363563929419
8,zigzag,0.25,12,1,q8_zigzag_tr0.25_d12_rep1,1.270839545267148,1.3980742085765703,-0.12723466330942235
8,zigzag,0.25,12,2,q8_zigzag_tr0.25_d12_rep2,1.1543273737650905,1.3406219621501243,-0.18629458838503377
8,zigzag,0.25,12,3,q8_zigzag_tr0.25_d12_rep3,1.252873297849623,1.282003843813032,-0.029130545963408805
8,zigzag,0.25,12,4,q8_zigzag_tr0.25_d12_rep4,1.1783297185801433,1.4209353755526861,-0.24260565697254277
8,zigzag,0.25,12,5,q8_zigzag_tr0.25_d12_rep5,1.1664827605389394,1.3380402909897673,-0.1715575304508279
8,zigzag,0.25,12,6,q8_zigzag_tr0.25_d12_rep6,1.2852672201260793,1.4192816824381616,-0.13401446231208225
8,zigzag,0.25,12,7,q8_zigzag_tr0.25_d12_rep7,1.188919311258495,1.3149606831416119,-0.12604137188311682
8,zigzag,0.25,34,0,q8_zigzag_tr0.25_d34_rep0,1.8104162415618048,1.8942593285177753,-0.08384308695597054
8,zigzag,0.25,34,1,q8_zigzag_tr0.25_d34_rep1,1.779108715948975,1.954523718287436,-0.17541500233846108
8,zigzag,0.25,34,2,q8_zigzag_tr0.25_d34_rep2,1.789380003108704,1.8960097148776018,-0.1066297117688979
8,zigzag,0.25,34,3,q8_zigzag_tr0.25_d34_rep3,1.7982002401771906,1.931786988772989,-0.13358674859579844
8,zigzag,0.25,34,4,q8_zigzag_tr0.25_d34_rep4,1.7678821180971185,1.9675021965061665,-0.19962007840904805
8,zigzag,0.25,34,5,q8_zigzag_tr0.25_d34_rep5,1.7988478597736832,1.9605771834031376,-0.16172932362945436
8,zigzag,0.25,34,6,q8_zigzag_tr0.25_d34_rep6,1.7709612960349965,1.8964386608720418,-0.1254773648370453
8,zigzag,0.25,34,7,q8_zigzag_tr0.25_d34_rep7,1.7431992042386466,1.8837977310530973,-0.14059852681445073
8,zigzag,0.35,12,0,q8_zigzag_tr0.35_d12_rep0,1.2289150871878254,1.4302046175274221,-0.20128953033959673
8,zigzag,0.35,12,1,q8_zigzag_tr0.35_d12_rep1,1.2261467295761619,1.2977095123447957,-0.07156278276863381
8,zigzag,0.35,12,2,q8_zigzag_tr0.35_d12_rep2,1.269457932810768,1.3855445358391139,-0.11608660302834584
8,zigzag,0.35,12,3,q8_zigzag_tr0.35_d12_rep3,1.1479773074818669,1.3605437518154684,-0.2125664443336015
8,zigzag,0.35,12,4,q8_zigzag_tr0.35_d12_rep4,1.2942041863434497,1.2684496077279879,0.02575457861546182
8,zigzag,0.35,12,5,q8_zigzag_tr0.35_d12_rep5,1.3425468761759327,1.3822994331940515,-0.03975255701811875
8,zigzag,0.35,12,6,q8_zigzag_tr0.35_d12_rep6,1.2277514550788657,1.4272122937250415,-0.1994608386461758
8,zigzag,0.35,12,7,q8_zigzag_tr0.35_d12_rep7,1.278253310515629,1.3355351952045371,-0.05728188468890805
8,zigzag,0.35,34,0,q8_zigzag_tr0.35_d34_rep0,1.5477970490676158,1.8945175096263758,-0.34672046055875994
8,zigzag,0.35,34,1,q8_zigzag_tr0.35_d34_rep1,1.602091361022056,1.8745769365342562,-0.2724855755122002
8,zigzag,0.35,34,2,q8_zigzag_tr0.35_d34_rep2,1.4997126708480522,1.8749305702850407,-0.3752178994369886
8,zigzag,0.35,34,3,q8_zigzag_tr0.35_d34_rep3,1.4591912140109857,1.9330689856112862,-0.4738777716003004
8,zigzag,0.35,34,4,q8_zigzag_tr0.35_d34_rep4,1.5103007760533573,1.8897860215291955,-0.3794852454758382
8,zigzag,0.35,34,5,q8_zigzag_tr0.35_d34_rep5,1.5458121840656607,1.8732851751410757,-0.32747299107541505
8,zigzag,0.35,34,6,q8_zigzag_tr0.35_d34_rep6,1.526906673273857,1.8871707390249979,-0.3602640657511409
8,zigzag,0.35,34,7,q8_zigzag_tr0.35_d34_rep7,1.412431810624145,1.87992387505746,-0.46749206443331515
8,lemniscate,0.25,12,0,q8_lemniscate_tr0.25_d12_rep0,0.3707323767994468,0.629569532366873,-0.25883715556742615
8,lemniscate,0.25,12,1,q8_lemniscate_tr0.25_d12_rep1,0.44427172543409166,0.5985223511426296,-0.15425062570853798
8,lemniscate,0.25,12,2,q8_lemniscate_tr0.25_d12_rep2,0.4410861919019094,0.5975987703122203,-0.1565125784103109
8,lemniscate,0.25,12,3,q8_lemniscate_tr0.25_d12_rep3,0.40254968041240086,0.6262062498928747,-0.2236565694804738
8,lemniscate,0.25,12,4,q8_lemniscate_tr0.25_d12_rep4,1.0572165568586829,0.598368661124122,0.45884789573456086
8,lemniscate,0.25,12,5,q8_lemniscate_tr0.25_d12_rep5,0.41034754546079444,0.5978691349981319,-0.18752158953733744
8,lemniscate,0.25,12,6,q8_lemniscate_tr0.25_d12_rep6,0.4243895485922897,0.6317957389303641,-0.2074061903380744
8,lemniscate,0.25,12,7,q8_lemniscate_tr0.25_d12_rep7,0.44777780662687056,0.6292791632073125,-0.18150135658044192
8,lemniscate,0.25,34,0,q8_lemniscate_tr0.25_d34_rep0,1.3237898963324206,1.5909013104949907,-0.2671114141625701
8,lemniscate,0.25,34,1,q8_lemniscate_tr0.25_d34_rep1,1.179373995427249,1.6437536702642603,-0.46437967483701126
8,lemniscate,0.25,34,2,q8_lemniscate_tr0.25_d34_rep2,1.2693761503811332,1.6010596490895768,-0.3316834987084436
8,lemniscate,0.25,34,3,q8_lemniscate_tr0.25_d34_rep3,1.3975196615774348,1.6114632313873687,-0.2139435698099339
8,lemniscate,0.25,34,4,q8_lemniscate_tr0.25_d34_rep4,1.4237208218739499,1.5992020688696846,-0.17548124699573475
8,lemniscate,0.25,34,5,q8_lemniscate_tr0.25_d34_rep5,1.3483770354133382,1.592363176358484,-0.2439861409451458
8,lemniscate,0.25,34,6,q8_lemniscate_tr0.25_d34_rep6,1.3584194613478866,1.6076033403593641,-0.24918387901147754
8,lemniscate,0.25,34,7,q8_lemniscate_tr0.25_d34_rep7,1.3754817536893376,1.6283990588328336,-0.2529173051434961
8,lemniscate,0.35,12,0,q8_lemniscate_tr0.35_d12_rep0,0.33492817464640406,0.6091285153840825,-0.27420034073767846
8,lemniscate,0.35,12,1,q8_lemniscate_tr0.35_d12_rep1,1.237083790600924,0.5960813185254025,0.6410024720755215
8,lemniscate,0.35,12,2,q8_lemniscate_tr0.35_d12_rep2,1.2246727553457601,0.5957049019684048,0.6289678533773554
8,lemniscate,0.35,12,3,q8_lemniscate_tr0.35_d12_rep3,1.1734334674902556,0.5985343712246682,0.5748990962655873
8,lemniscate,0.35,12,4,q8_lemniscate_tr0.35_d12_rep4,0.39611012997065836,0.5986183025958284,-0.20250817262517
8,lemniscate,0.35,12,5,q8_lemniscate_tr0.35_d12_rep5,1.2038231326382594,0.5929490676500841,0.6108740649881752
8,lemniscate,0.35,12,6,q8_lemniscate_tr0.35_d12_rep6,1.2396799452673237,0.6006217341058767,0.639058211161447
8,lemniscate,0.35,12,7,q8_lemniscate_tr0.35_d12_rep7,0.6456236132253449,0.5978433385874548,0.04778027463789014
8,lemniscate,0.35,34,0,q8_lemniscate_tr0.35_d34_rep0,1.1507700954607774,1.5943092541270205,-0.44353915866624316
8,lemniscate,0.35,34,1,q8_lemniscate_tr0.35_d34_rep1,1.0573450868910206,1.6027258261200696,-0.5453807392290491
8,lemniscate,0.35,34,2,q8_lemniscate_tr0.35_d34_rep2,1.174313563903085,1.5914193004059867,-0.4171057365029016
8,lemniscate,0.35,34,3,q8_lemniscate_tr0.35_d34_rep3,1.150674866211111,1.6027730067251378,-0.45209814051402675
8,lemniscate,0.35,34,4,q8_lemniscate_tr0.35_d34_rep4,1.0839269421337314,1.5892089518682242,-0.5052820097344928
8,lemniscate,0.35,34,5,q8_lemniscate_tr0.35_d34_rep5,1.136841235982057,1.6280493627050565,-0.4912081267229995
8,lemniscate,0.35,34,6,q8_lemniscate_tr0.35_d34_rep6,1.2080116456221206,1.5884562925722086,-0.38044464695008795
8,lemniscate,0.35,34,7,q8_lemniscate_tr0.35_d34_rep7,1.1296439027659295,1.619243494686184,-0.4895995919202545
16,circle,0.25,12,0,q16_circle_tr0.25_d12_rep0,0.21081298578570323,0.2587222478078699,-0.047909262022166665
16,circle,0.25,12,1,q16_circle_tr0.25_d12_rep1,0.2062782873698096,0.25987379579720526,-0.05359550842739566
16,circle,0.25,12,2,q16_circle_tr0.25_d12_rep2,0.2056149455180694,0.2553173786781991,-0.049702433160129705
16,circle,0.25,12,3,q16_circle_tr0.25_d12_rep3,0.21745075881399667,0.26033783482092965,-0.04288707600693298
16,circle,0.25,12,4,q16_circle_tr0.25_d12_rep4,0.2001795846407727,0.25901488526313815,-0.058835300622365444
16,circle,0.25,12,5,q16_circle_tr0.25_d12_rep5,0.21374076769601222,0.2654866454379417,-0.051745877741929486
16,circle,0.25,12,6,q16_circle_tr0.25_d12_rep6,0.19929452355937197,0.26002855003424097,-0.060734026474869
16,circle,0.25,12,7,q16_circle_tr0.25_d12_rep7,0.20830638043058308,0.2621963641880498,-0.05388998375746673
16,circle,0.25,34,0,q16_circle_tr0.25_d34_rep0,0.7777946876221313,0.651037806421537,0.12675688120059436
16,circle,0.25,34,1,q16_circle_tr0.25_d34_rep1,0.7707209676769471,1.0951344471240478,-0.32441347944710075
16,circle,0.25,34,2,q16_circle_tr0.25_d34_rep2,0.7006613486818584,1.0303027605532538,-0.3296414118713954
16,circle,0.25,34,3,q16_circle_tr0.25_d34_rep3,0.8205776278564882,0.9628663055464304,-0.14228867768994213
16,circle,0.25,34,4,q16_circle_tr0.25_d34_rep4,0.8748734521579559,0.945793698040537,-0.07092024588258117
16,circle,0.25,34,5,q16_circle_tr0.25_d34_rep5,0.7816586488542407,1.0698229710791882,-0.2881643222249475
16,circle,0.25,34,6,q16_circle_tr0.25_d34_rep6,0.8715159703432792,1.074508695841013,-0.20299272549773384
16,circle,0.25,34,7,q16_circle_tr0.25_d34_rep7,0.8270564991441834,1.0152584260361095,-0.18820192689192605
16,circle,0.35,12,0,q16_circle_tr0.35_d12_rep0,0.19524674796411534,0.25501837790148113,-0.05977162993736579
16,circle,0.35,12,1,q16_circle_tr0.35_d12_rep1,0.21634461907278868,0.2592652396130908,-0.0429206205403021
16,circle,0.35,12,2,q16_circle_tr0.35_d12_rep2,0.1953134260489848,0.2621905980316469,-0.0668771719826621
16,circle,0.35,12,3,q16_circle_tr0.35_d12_rep3,0.22024143472838556,0.2626154673133588,-0.042374032584973215
16,circle,0.35,12,4,q16_circle_tr0.35_d12_rep4,0.20096155706303617,0.25931906397787435,-0.05835750691483818
16,circle,0.35,12,5,q16_circle_tr0.35_d12_rep5,0.1924662120149901,0.25965056439607015,-0.06718435238108006
16,circle,0.35,12,6,q16_circle_tr0.35_d12_rep6,0.1890708354019424,0.2625082616292967,-0.0734374262273543
16,circle,0.35,12,7,q16_circle_tr0.35_d12_rep7,0.18916839563993454,0.2571729779692539,-0.06800458232931939
16,circle,0.35,34,0,q16_circle_tr0.35_d34_rep0,0.5286983229249543,0.691794719000553,-0.16309639607559867
16,circle,0.35,34,1,q16_circle_tr0.35_d34_rep1,0.49700162157390826,0.720149019210784,-0.22314739763687574
16,circle,0.35,34,2,q16_circle_tr0.35_d34_rep2,0.5553782532375438,1.0794146084376222,-0.5240363552000784
16,circle,0.35,34,3,q16_circle_tr0.35_d34_rep3,0.5074557391070106,1.061017645704425,-0.5535619065974143
16,circle,0.35,34,4,q16_circle_tr0.35_d34_rep4,0.5194617803591235,1.0067168481521955,-0.48725506779307204
16,circle,0.35,34,5,q16_circle_tr0.35_d34_rep5,0.532086928331881,1.0886542100315597,-0.5565672816996787
16,circle,0.35,34,6,q16_circle_tr0.35_d34_rep6,0.5539488460095987,0.6935293146514365,-0.13958046864183782
16,circle,0.35,34,7,q16_circle_tr0.35_d34_rep7,0.513107640276616,1.026969952660454,-0.5138623123838381
16,square,0.25,12,0,q16_square_tr0.25_d12_rep0,0.3488079300609287,0.48856499556314226,-0.13975706550221356
16,square,0.25,12,1,q16_square_tr0.25_d12_rep1,0.3070494189498986,0.5189854440417007,-0.21193602509180204
16,square,0.25,12,2,q16_square_tr0.25_d12_rep2,0.31943216098769994,0.517285468809734,-0.19785330782203409
16,square,0.25,12,3,q16_square_tr0.25_d12_rep3,0.3441280190414428,0.5145573858095172,-0.17042936676807435
16,square,0.25,12,4,q16_square_tr0.25_d12_rep4,0.3177876606103643,0.5308955388214809,-0.2131078782111166
16,square,0.25,12,5,q16_square_tr0.25_d12_rep5,0.3465533720021285,0.5263283899985212,-0.17977501799639267
16,square,0.25,12,6,q16_square_tr0.25_d12_rep6,0.3420443878179188,0.5170487758271294,-0.1750043880092106
16,square,0.25,12,7,q16_square_tr0.25_d12_rep7,0.3505430473916831,0.49230720030279856,-0.14176415291111544
16,square,0.25,34,0,q16_square_tr0.25_d34_rep0,1.345823106282029,1.4263020607092907,-0.08047895442726172
16,square,0.25,34,1,q16_square_tr0.25_d34_rep1,1.2616240032828885,1.4678629674337063,-0.20623896415081777
16,square,0.25,34,2,q16_square_tr0.25_d34_rep2,1.3305953089956788,1.4328484592634951,-0.10225315026781634
16,square,0.25,34,3,q16_square_tr0.25_d34_rep3,1.2946169230887032,1.4262908535720178,-0.13167393048331455
16,square,0.25,34,4,q16_square_tr0.25_d34_rep4,1.2804670769311954,1.4277467130078378,-0.1472796360766424
16,square,0.25,34,5,q16_square_tr0.25_d34_rep5,1.287035397354791,1.4282206548908718,-0.1411852575360808
16,square,0.25,34,6,q16_square_tr0.25_d34_rep6,1.283405411514404,1.4314589835018803,-0.14805357198747626
16,square,0.25,34,7,q16_square_tr0.25_d34_rep7,1.2896456672271115,1.416165632598596,-0.12651996537148458
16,square,0.35,12,0,q16_square_tr0.35_d12_rep0,0.25397283785004743,0.5144139326221522,-0.26044109477210475
16,square,0.35,12,1,q16_square_tr0.35_d12_rep1,0.2434204867476117,0.5069983340212119,-0.2635778472736002
16,square,0.35,12,2,q16_square_tr0.35_d12_rep2,0.2641006603151982,0.5234132750817114,-0.25931261476651324
16,square,0.35,12,3,q16_square_tr0.35_d12_rep3,0.24234217456093435,0.5189891595389905,-0.2766469849780562
16,square,0.35,12,4,q16_square_tr0.35_d12_rep4,0.23417087795302816,0.5142831630935292,-0.280112285140501
16,square,0.35,12,5,q16_square_tr0.35_d12_rep5,0.2194460107174601,0.5022992803579455,-0.2828532696404854
16,square,0.35,12,6,q16_square_tr0.35_d12_rep6,0.22611372585211215,0.5276743443897838,-0.30156061853767163
16,square,0.35,12,7,q16_square_tr0.35_d12_rep7,0.21723052118386244,0.5223835036829627,-0.3051529824991003
16,square,0.35,34,0,q16_square_tr0.35_d34_rep0,0.987844040130687,1.4332128693786859,-0.4453688292479988
16,square,0.35,34,1,q16_square_tr0.35_d34_rep1,0.9814231272712908,1.4328023233563374,-0.4513791960850466
16,square,0.35,34,2,q16_square_tr0.35_d34_rep2,0.9400374710964197,1.4326023741474914,-0.4925649030510717
16,square,0.35,34,3,q16_square_tr0.35_d34_rep3,0.8792052315245753,1.4180843004728099,-0.5388790689482346
16,square,0.35,34,4,q16_square_tr0.35_d34_rep4,0.849614797553592,1.4249084300005224,-0.5752936324469303
16,square,0.35,34,5,q16_square_tr0.35_d34_rep5,1.0378198092565534,1.4178485012698816,-0.38002869201332823
16,square,0.35,34,6,q16_square_tr0.35_d34_rep6,0.9443825810936745,1.4304210438655398,-0.48603846277186535
16,square,0.35,34,7,q16_square_tr0.35_d34_rep7,0.8848597702945687,1.4293999152107892,-0.5445401449162205
16,zigzag,0.25,12,0,q16_zigzag_tr0.25_d12_rep0,1.2472976330556422,1.398018776019624,-0.15072114296398187
16,zigzag,0.25,12,1,q16_zigzag_tr0.25_d12_rep1,1.352601643812083,1.2861007814626009,0.06650086234948205
16,zigzag,0.25,12,2,q16_zigzag_tr0.25_d12_rep2,1.3975032686106827,1.4284424594760132,-0.03093919086533048
16,zigzag,0.25,12,3,q16_zigzag_tr0.25_d12_rep3,1.2523276429032977,1.4041776812611306,-0.15185003835783295
16,zigzag,0.25,12,4,q16_zigzag_tr0.25_d12_rep4,1.343256763527685,1.4036448252118146,-0.06038806168412947
16,zigzag,0.25,12,5,q16_zigzag_tr0.25_d12_rep5,1.2454828071036423,1.4311683643245867,-0.18568555722094437
16,zigzag,0.25,12,6,q16_zigzag_tr0.25_d12_rep6,1.4216320201648112,1.4025140307260557,0.019117989438755423
16,zigzag,0.25,12,7,q16_zigzag_tr0.25_d12_rep7,1.3282421477661308,1.4339833083553954,-0.10574116058926464
16,zigzag,0.25,34,0,q16_zigzag_tr0.25_d34_rep0,1.7798579473208709,2.0305292509443187,-0.2506713036234478
16,zigzag,0.25,34,1,q16_zigzag_tr0.25_d34_rep1,1.7997633669316597,2.009063173646298,-0.20929980671463833
16,zigzag,0.25,34,2,q16_zigzag_tr0.25_d34_rep2,1.7999387703541638,2.0073276103612603,-0.20738884000709645
16,zigzag,0.25,34,3,q16_zigzag_tr0.25_d34_rep3,1.763362144739899,2.02247361578188,-0.25911147104198085
16,zigzag,0.25,34,4,q16_zigzag_tr0.25_d34_rep4,1.7807402692343675,2.009074846096181,-0.2283345768618137
16,zigzag,0.25,34,5,q16_zigzag_tr0.25_d34_rep5,1.8141434931169913,2.01870755856386,-0.20456406544686878
16,zigzag,0.25,34,6,q16_zigzag_tr0.25_d34_rep6,1.79482585834108,2.0197738098353137,-0.22494795149423363
16,zigzag,0.25,34,7,q16_zigzag_tr0.25_d34_rep7,1.7926781028225223,2.0091403455944516,-0.21646224277192938
16,zigzag,0.35,12,0,q16_zigzag_tr0.35_d12_rep0,1.380605247788768,1.4057127774351137,-0.02510752964634566
16,zigzag,0.35,12,1,q16_zigzag_tr0.35_d12_rep1,1.1719553723406095,1.4190426314938769,-0.24708725915326735
16,zigzag,0.35,12,2,q16_zigzag_tr0.35_d12_rep2,1.1202665076201967,1.4138466397356622,-0.2935801321154654
16,zigzag,0.35,12,3,q16_zigzag_tr0.35_d12_rep3,1.2079494439464913,1.4307893881740008,-0.22283994422750952
16,zigzag,0.35,12,4,q16_zigzag_tr0.35_d12_rep4,1.2269139929275867,1.389413009956744,-0.16249901702915737
16,zigzag,0.35,12,5,q16_zigzag_tr0.35_d12_rep5,1.2235024504569976,1.4078904741619136,-0.18438802370491603
16,zigzag,0.35,12,6,q16_zigzag_tr0.35_d12_rep6,1.2435444023298508,1.4331722060515417,-0.18962780372169097
16,zigzag,0.35,12,7,q16_zigzag_tr0.35_d12_rep7,1.2686119877432398,1.4204297072560765,-0.15181771951283674
16,zigzag,0.35,34,0,q16_zigzag_tr0.35_d34_rep0,1.6170494532222524,2.022353857220084,-0.40530440399783174
16,zigzag,0.35,34,1,q16_zigzag_tr0.35_d34_rep1,1.5851299358733442,1.9467367349013867,-0.3616067990280425
16,zigzag,0.35,34,2,q16_zigzag_tr0.35_d34_rep2,1.551051283840821,2.03326645000559,-0.4822151661647689
16,zigzag,0.35,34,3,q16_zigzag_tr0.35_d34_rep3,1.6953429364158399,2.0192389080165865,-0.32389597160074657
16,zigzag,0.35,34,4,q16_zigzag_tr0.35_d34_rep4,1.6606522510762678,1.945860179042438,-0.2852079279661701
16,zigzag,0.35,34,5,q16_zigzag_tr0.35_d34_rep5,1.538927078724274,1.9417748131478347,-0.4028477344235608
16,zigzag,0.35,34,6,q16_zigzag_tr0.35_d34_rep6,1.6045610652691744,2.010588398169734,-0.4060273329005595
16,zigzag,0.35,34,7,q16_zigzag_tr0.35_d34_rep7,1.6470807817198332,2.00858777904653,-0.36150699732669667
16,lemniscate,0.25,12,0,q16_lemniscate_tr0.25_d12_rep0,0.3212975649832671,0.6255358087630326,-0.3042382437797655
16,lemniscate,0.25,12,1,q16_lemniscate_tr0.25_d12_rep1,0.3176611920544162,1.0937550984063378,-0.7760939063519217
16,lemniscate,0.25,12,2,q16_lemniscate_tr0.25_d12_rep2,0.7577613361911282,0.6195051046057877,0.1382562315853405
16,lemniscate,0.25,12,3,q16_lemniscate_tr0.25_d12_rep3,1.2674275400554769,0.6018912535856631,0.6655362864698138
16,lemniscate,0.25,12,4,q16_lemniscate_tr0.25_d12_rep4,0.3237431637535359,0.6468902036749191,-0.3231470399213832
16,lemniscate,0.25,12,5,q16_lemniscate_tr0.25_d12_rep5,1.2388547911123486,0.6380950899703821,0.6007597011419665
16,lemniscate,0.25,12,6,q16_lemniscate_tr0.25_d12_rep6,0.3163806343557481,0.5811346228959645,-0.2647539885402164
16,lemniscate,0.25,12,7,q16_lemniscate_tr0.25_d12_rep7,1.0256040775021407,0.8393066695655981,0.1862974079365426
16,lemniscate,0.25,34,0,q16_lemniscate_tr0.25_d34_rep0,1.2930958965202717,1.6223505556255962,-0.3292546591053245
16,lemniscate,0.25,34,1,q16_lemniscate_tr0.25_d34_rep1,1.28009031272567,1.6233050944209781,-0.34321478169530817
16,lemniscate,0.25,34,2,q16_lemniscate_tr0.25_d34_rep2,1.2582010436944189,1.641269778532774,-0.383068734838355
16,lemniscate,0.25,34,3,q16_lemniscate_tr0.25_d34_rep3,1.3418525122257965,1.6281056058877788,-0.28625309366198226
16,lemniscate,0.25,34,4,q16_lemniscate_tr0.25_d34_rep4,1.3324483934720968,1.62130452896357,-0.28885613549147315
16,lemniscate,0.25,34,5,q16_lemniscate_tr0.25_d34_rep5,1.3129911508669019,1.6202737763720658,-0.30728262550516394
16,lemniscate,0.25,34,6,q16_lemniscate_tr0.25_d34_rep6,1.3799382908499265,1.633464115843966,-0.25352582499403953
16,lemniscate,0.25,34,7,q16_lemniscate_tr0.25_d34_rep7,1.3482074208326595,1.605909096696864,-0.25770167586420456
16,lemniscate,0.35,12,0,q16_lemniscate_tr0.35_d12_rep0,0.25722637690636146,0.58117634060813,-0.3239499637017685
16,lemniscate,0.35,12,1,q16_lemniscate_tr0.35_d12_rep1,0.8862383972752192,0.6152255438782839,0.27101285339693537
16,lemniscate,0.35,12,2,q16_lemniscate_tr0.35_d12_rep2,0.230581932285299,0.6161750801786865,-0.3855931478933875
16,lemniscate,0.35,12,3,q16_lemniscate_tr0.35_d12_rep3,0.27123298416166836,0.6102308827738837,-0.33899789861221535
16,lemniscate,0.35,12,4,q16_lemniscate_tr0.35_d12_rep4,1.155703208824876,0.5837296854755375,0.5719735233493385
16,lemniscate,0.35,12,5,q16_lemniscate_tr0.35_d12_rep5,0.2682930145161051,0.5836472836045044,-0.31535426908839925
16,lemniscate,0.35,12,6,q16_lemniscate_tr0.35_d12_rep6,1.1443830925507017,0.6223683704755343,0.5220147220751674
16,lemniscate,0.35,12,7,q16_lemniscate_tr0.35_d12_rep7,0.23723109786525304,0.6199242827365613,-0.38269318487130827
16,lemniscate,0.35,34,0,q16_lemniscate_tr0.35_d34_rep0,1.0388661211644346,1.6247106264675721,-0.5858445053031376
16,lemniscate,0.35,34,1,q16_lemniscate_tr0.35_d34_rep1,1.0474062133841577,1.6148114746779993,-0.5674052612938416
16,lemniscate,0.35,34,2,q16_lemniscate_tr0.35_d34_rep2,1.0188974425059965,1.6119709434845577,-0.5930735009785613
16,lemniscate,0.35,34,3,q16_lemniscate_tr0.35_d34_rep3,1.0833641842650927,1.6185808402887802,-0.5352166560236875
16,lemniscate,0.35,34,4,q16_lemniscate_tr0.35_d34_rep4,1.0466842740618958,1.6030946107056123,-0.5564103366437165
16,lemniscate,0.35,34,5,q16_lemniscate_tr0.35_d34_rep5,1.076345905616547,1.6117847152288685,-0.5354388096123215
16,lemniscate,0.35,34,6,q16_lemniscate_tr0.35_d34_rep6,1.0703176296822876,1.6209610811971065,-0.5506434515148189
16,lemniscate,0.35,34,7,q16_lemniscate_tr0.35_d34_rep7,1.0423435450147207,1.6086663320378,-0.5663227870230794
