frame,time,vote_frame_index,N,m_t_state_induced,m_t_same_state,J_frame_state_induced,J_frame_same_state,aggregate_jump_state_x,aggregate_jump_state_y,aggregate_jump_state_norm,aggregate_jump_same_state_x,aggregate_jump_same_state_y,aggregate_jump_same_state_norm,agg_norm_z0,agg_norm_zT3_cf,agg_norm_zT3_actual,min_abs_margin_z0,min_abs_margin_zT3_cf,min_abs_margin_zT3_actual,mean_abs_margin_z0,mean_abs_margin_zT3_cf,mean_abs_margin_zT3_actual,no_switch_state_induced,no_switch_same_state,coupling_convention
0,0.0,0,50,4,15,1,1,0.0,-0.011715728752538098,0.011715728752538098,0.0,-0.6,0.6,0.9732827033362805,0.9615983116196286,0.3658925712150775,0.5026467022945269,1.4649246260677273,1.4649246260677273,15.494439906402654,15.309457662351342,15.285825722514105,False,False,aligned_deterministic_seeds_not_common_randomness
18,0.3,1,50,1,15,1,1,0.01414213562373095,0.005857864376269049,0.01530733729460359,0.0,-0.6,0.6,0.9886889302480972,0.9942427197734528,0.3943957695944969,8.594843527488138,6.980949476613631,6.980949476613631,16.285904012883947,16.64526801240253,14.813755791878945,False,False,aligned_deterministic_seeds_not_common_randomness
36,0.6,2,50,1,15,1,1,-0.01414213562373095,-0.005857864376269049,0.01530733729460359,0.0,-0.6,0.6,1.0,0.9942427197734528,0.3943957695944969,3.560126630572654,4.730846642933614,4.730846642933614,12.647026739599196,10.53928688681001,13.691759540119849,False,False,aligned_deterministic_seeds_not_common_randomness
54,0.9,3,50,13,15,1,1,-0.18384776310850243,-0.07615223689149765,0.19899538482984674,0.21213203435596434,-0.5121320343559641,0.554327719506772,0.9340946799829152,0.9833420792978613,0.4999767962810799,0.01847545553991381,0.04852334954068738,0.04852334954068738,3.134052751066353,6.284213683852663,10.467607604364343,False,False,aligned_deterministic_seeds_not_common_randomness
72,1.2,4,50,0,15,0,1,0.0,0.0,0.0,0.4242640687119287,-0.4242640687119287,0.6000000000000002,0.9999999999999992,0.9999999999999992,0.40000000000000013,4.8700541550423395,13.289289160625088,2.6580319113452333,18.619077942022194,20.27445838469269,14.676905361394125,True,False,aligned_deterministic_seeds_not_common_randomness
90,1.5,5,50,1,15,1,1,-0.005857864376269049,-0.01414213562373095,0.01530733729460359,0.4242640687119287,-0.4242640687119287,0.6000000000000002,0.9999999999999992,0.9942427197734521,0.3943957695944971,6.4602366340717765,0.1294307083585693,0.1294307083585693,11.548302069853515,16.291926712534305,18.131632551359306,False,False,aligned_deterministic_seeds_not_common_randomness
108,1.8,6,50,0,15,0,1,0.0,0.0,0.0,0.4242640687119287,-0.4242640687119287,0.6000000000000002,0.9999999999999992,0.9999999999999992,0.40000000000000013,3.030940929860435,6.562686016682903,6.562686016682903,6.318562545442348,18.931787494046816,19.30918793732205,True,False,aligned_deterministic_seeds_not_common_randomness
126,2.1,7,50,16,15,1,1,0.0820101012677667,0.19798989873223338,0.21430272212445037,0.4242640687119287,-0.4242640687119287,0.6000000000000002,0.9364746916486046,0.9942427197734521,0.3943957695944971,0.0021818953275953845,2.165718045113806,2.165718045113806,2.693389435709162,19.537142563845578,20.261679926348254,False,False,aligned_deterministic_seeds_not_common_randomness
144,2.4,8,50,49,15,1,1,0.28703535443718314,0.692964645562816,0.7500595274355754,0.4242640687119287,-0.4242640687119287,0.6000000000000002,1.0,0.9942427197734521,0.3943957695944971,3.648495005416777,4.75268408560342,4.75268408560342,6.844517976809393,16.51310268740813,17.53753189437797,False,False,aligned_deterministic_seeds_not_common_randomness
162,2.7,9,50,39,15,1,1,0.22845671067449275,0.5515432893255068,0.5969861544895397,0.4535533905932738,-0.35355339059327384,0.5750744978858433,1.0,0.9484086921276196,0.37458987665944216,13.443098634362798,0.20375239106030563,0.20375239106030563,18.009127607806576,2.983070508410264,8.584124361610584,False,False,aligned_deterministic_seeds_not_common_randomness
180,3.0,10,50,1,15,1,1,-0.005857864376269049,-0.01414213562373095,0.01530733729460359,0.5121320343559641,-0.21213203435596434,0.554327719506772,0.9942427197734528,1.0,0.5319916840530973,6.880356304385998,9.010952863464297,9.010952863464297,20.357529857294896,16.862551475488562,14.414844288689316,False,False,aligned_deterministic_seeds_not_common_randomness
198,3.3,11,50,2,15,1,1,-0.011715728752538098,-0.0282842712474619,0.03061467458920718,0.5121320343559641,0.21213203435596434,0.554327719506772,0.9886889302480972,1.0,0.5319916840530973,3.1640225300647273,0.722982938594896,0.722982938594896,16.44584629396842,8.799797600822142,6.797604174286937,False,False,aligned_deterministic_seeds_not_common_randomness
216,3.6,12,50,19,15,1,1,0.1112994231491119,-0.26870057685088816,0.2908394085974683,0.47112698372208095,-0.11313708498984763,0.48452103647939365,1.0,0.9284334738122602,0.5658336378110645,13.26952528012174,0.07365824820593048,0.14128053448982314,16.651777313823935,2.297011647818903,2.2111306117132,False,False,aligned_deterministic_seeds_not_common_randomness
234,3.9,13,50,38,15,1,1,0.22259884629822368,-0.5374011537017759,0.5816788171949361,0.44769552621700476,0.36769552621700485,0.5793369349478081,1.0,0.9450674863610807,0.37081774606284285,12.784995193706777,0.07688518275367073,0.18448099498050397,20.508872540913703,2.19633695651048,7.778795279617491,False,False,aligned_deterministic_seeds_not_common_randomness
252,4.2,14,50,49,15,1,1,0.28703535443718314,-0.692964645562816,0.7500595274355754,0.4242640687119287,0.4242640687119287,0.6000000000000002,0.9942427197734528,0.9999999999999992,0.40000000000000013,5.486046114087856,4.609422436074112,4.609422436074112,9.550738186442231,8.342545105378834,7.228619947103052,False,False,aligned_deterministic_seeds_not_common_randomness
270,4.5,15,50,33,15,1,1,-0.18159379566434042,0.43840620433565936,0.4745274561327112,0.5004163056034261,0.24041630560342625,0.5551724767257303,0.9942427197734521,0.9300724728593791,0.39439576959449707,0.9752566203536901,0.07976005721809543,0.07976005721809543,9.016171199003175,2.7748774469996658,8.781849806843933,False,False,aligned_deterministic_seeds_not_common_randomness
288,4.8,16,50,49,15,1,1,-0.2953196256846451,0.6846803743153542,0.7456546762993795,0.6,0.0,0.6,0.9942427197734521,0.9886889302480972,0.3893130813345122,5.646743219992032,3.3513078237643015,3.3513078237643015,15.127948749258477,6.699497623727529,10.81265026575136,False,False,aligned_deterministic_seeds_not_common_randomness
306,5.1,17,50,45,15,1,1,-0.5278679656440357,0.6521320343559641,0.8389998685258665,0.5707106781186547,0.07071067811865475,0.5750744978858433,0.925020119656178,0.9419632102160801,0.37081774606284257,0.05915216071201712,0.16129115945091144,0.16129115945091144,2.6886255522868043,2.6725178958473497,7.7145301107721185,False,False,aligned_deterministic_seeds_not_common_randomness
324,5.4,18,50,49,15,1,1,-0.692964645562816,0.28703535443718314,0.7500595274355754,0.5121320343559641,0.21213203435596434,0.554327719506772,0.9942427197734528,0.9999999999999992,0.5319916840530966,0.7735010014450836,5.386780853082428,4.735723920390484,3.9315049815718854,17.66278716798508,13.678894466645716,False,False,aligned_deterministic_seeds_not_common_randomness
342,5.7,19,50,6,15,1,1,-0.08485281374238571,0.035147186257614295,0.09184402376762155,0.0,0.6,0.6,1.0,0.9685767662847372,0.3745898766594419,3.3519266527967773,0.07735814590685663,0.07735814590685663,6.846370134789752,7.347328164795377,5.4536690665519725,False,False,aligned_deterministic_seeds_not_common_randomness
360,6.0,20,50,22,15,1,1,0.31112698372208103,-0.12887301627791903,0.3367614204812791,0.0,0.6,0.6,0.9250201196561783,1.0,0.4,0.15577009563151023,5.455463090258263,5.455463090258263,1.982703618000806,19.058500624092336,15.69000247006658,False,False,aligned_deterministic_seeds_not_common_randomness
378,6.3,21,50,49,15,1,1,0.692964645562816,-0.28703535443718314,0.7500595274355754,0.0,0.6,0.6,0.9942427197734521,1.0,0.4,5.8442841825977325,7.557484451417281,7.557484451417281,12.807254520459983,18.982008648964253,19.85482668796103,False,False,aligned_deterministic_seeds_not_common_randomness
396,6.6,22,50,50,15,1,1,0.707106781186547,-0.2928932188134522,0.765366864730179,0.0,0.6,0.6,0.9999999999999992,1.0,0.4,3.8655392768693844,11.031578596508837,11.031578596508837,15.412634024361992,14.391188622617824,17.07206636194432,False,False,aligned_deterministic_seeds_not_common_randomness
414,6.8999999999999995,23,50,11,15,1,1,0.15556349186104051,-0.06443650813895956,0.16838071024063955,0.0,0.6,0.6,0.945067486361081,0.9942427197734528,0.3943957695944969,0.029187633786420975,4.272922749050821,4.27519137645794,3.407412364982468,7.718126463468558,12.368260877142927,False,False,aligned_deterministic_seeds_not_common_randomness
432,7.2,24,50,1,15,1,1,-0.01414213562373095,0.005857864376269049,0.01530733729460359,0.0,0.6,0.6,1.0,0.9942427197734528,0.3943957695944969,6.4693352392827705,3.6153584098956912,3.6153584098956912,10.667966830040962,6.676026555360028,10.876898251627313,False,False,aligned_deterministic_seeds_not_common_randomness
450,7.5,25,50,49,15,1,1,-0.692964645562816,-0.28703535443718314,0.7500595274355754,0.0,0.6,0.6,0.9942427197734521,1.0,0.4,3.9385566949268878,4.002864377067482,4.002864377067482,13.883168260087741,12.544677073845762,14.914688282401606,False,False,aligned_deterministic_seeds_not_common_randomness
468,7.8,26,50,49,15,1,1,-0.692964645562816,-0.28703535443718314,0.7500595274355754,0.0,0.6,0.6,0.9999999999999992,0.9942427197734528,0.3943957695944969,6.749536634025105,3.4802780807107183,3.4802780807107183,16.212341354078738,17.44518577069513,19.03083013281356,False,False,aligned_deterministic_seeds_not_common_randomness
486,8.1,27,50,11,15,1,1,-0.15556349186104051,-0.06443650813895956,0.16838071024063955,-0.18384776310850243,0.5238477631085022,0.5551724767257302,0.9999999999999992,0.9484086921276197,0.4433430654785511,0.5062978440030292,0.08751825539525271,0.08751825539525271,9.446779617046102,3.258351417902052,8.667080705840783,False,False,aligned_deterministic_seeds_not_common_randomness
504,8.4,28,50,1,15,1,1,-0.01414213562373095,-0.005857864376269049,0.01530733729460359,-0.4242640687119287,0.4242640687119287,0.6000000000000002,0.9999999999999992,0.9942427197734521,0.3943957695944971,9.44638368379509,4.546469255272541,4.546469255272541,12.251968162320203,19.050950728572307,16.521998950994245,False,False,aligned_deterministic_seeds_not_common_randomness
522,8.7,29,50,2,15,1,1,0.011715728752538098,0.0282842712474619,0.03061467458920718,-0.4242640687119287,0.4242640687119287,0.6000000000000002,0.9999999999999992,0.9886889302480966,0.3893130813345125,7.414219049721112,2.903172505933071,2.903172505933071,14.121460660867108,8.57725796797569,12.393103804709002,False,False,aligned_deterministic_seeds_not_common_randomness
540,9.0,30,50,1,15,1,1,-0.005857864376269049,-0.01414213562373095,0.01530733729460359,-0.4242640687119287,0.4242640687119287,0.6000000000000002,0.9886889302480966,0.9942427197734521,0.3943957695944971,7.864201153294971,5.145601203906551,5.145601203906551,11.926935963473113,8.087455340106995,11.140073112284535,False,False,aligned_deterministic_seeds_not_common_randomness
558,9.3,31,50,21,15,1,1,0.12301515190164998,0.2969848480983501,0.3214540831866755,-0.4535533905932738,0.35355339059327384,0.5750744978858433,0.9942427197734521,0.9250201196561779,0.3847726038485735,0.6987148665284053,0.06212329545337525,0.13048350439783007,4.934256759441527,2.046615633045671,7.749665637684095,False,False,aligned_deterministic_seeds_not_common_randomness
576,9.6,32,50,1,15,1,1,-0.005857864376269049,-0.01414213562373095,0.01530733729460359,-0.6,0.0,0.6,1.0,0.9942427197734528,0.3943957695944969,3.3980037522754856,5.79977813617802,5.79977813617802,9.236972700595018,11.029664774700025,12.193530004992272,False,False,aligned_deterministic_seeds_not_common_randomness
594,9.9,33,50,1,15,1,1,0.005857864376269049,-0.01414213562373095,0.01530733729460359,-0.6,0.0,0.6,0.9942427197734528,1.0,0.4,1.010059524283207,15.840999383207503,15.840999383207503,17.715434898702696,19.359577523473337,19.544815383166263,False,False,aligned_deterministic_seeds_not_common_randomness
612,10.2,34,50,0,15,0,1,0.0,0.0,0.0,-0.6,0.0,0.6,1.0,1.0,0.4,0.34323356522565973,6.295453397615461,6.295453397615461,7.557870940790549,16.946759055936617,18.46551195682139,True,False,aligned_deterministic_seeds_not_common_randomness
630,10.5,35,50,2,15,1,1,0.011715728752538098,-0.0282842712474619,0.03061467458920718,-0.6,0.0,0.6,0.9886889302480972,1.0,0.4,4.037477809839146,9.599398232401,9.599398232401,7.545312468244267,17.410627338840467,18.550133237548007,False,False,aligned_deterministic_seeds_not_common_randomness
648,10.8,36,50,0,15,0,1,0.0,0.0,0.0,-0.6,0.0,0.6,1.0,1.0,0.4,0.07664182021454735,0.41479463415367945,0.41479463415367945,3.5813698127766638,19.9377803702195,20.518698556706013,True,False,aligned_deterministic_seeds_not_common_randomness
666,11.1,37,50,49,15,1,1,0.28703535443718314,-0.692964645562816,0.7500595274355754,-0.6,0.0,0.6,0.9999999999999992,0.9942427197734528,0.3943957695944969,1.5091648734628222,1.0233575421118815,1.0233575421118815,5.74056274361482,11.100585039509909,14.804327280266229,False,False,aligned_deterministic_seeds_not_common_randomness
684,11.4,38,50,0,15,0,1,0.0,0.0,0.0,-0.5121320343559641,-0.21213203435596434,0.554327719506772,0.9999999999999992,0.9999999999999992,0.5319916840530966,1.0906940913142478,1.0400726024520281,1.0400726024520281,18.829928240812364,6.9700172462082515,10.656126223991722,True,False,aligned_deterministic_seeds_not_common_randomness
702,11.7,39,50,0,15,0,1,0.0,0.0,0.0,-0.21213203435596434,-0.5121320343559641,0.554327719506772,0.9942427197734521,0.9942427197734521,0.5210889921348968,3.7289818150873657,5.687168346421856,1.0000993157018456,17.086792157139133,16.52882247581053,11.866986807751532,True,False,aligned_deterministic_seeds_not_common_randomness
720,12.0,40,50,0,15,0,1,0.0,0.0,0.0,-0.4242640687119287,-0.4242640687119287,0.6000000000000002,0.9942427197734521,0.9942427197734521,0.3943957695944971,1.3680775016843825,5.33841069382089,0.1691604992262512,20.16647502249603,8.719390011812662,6.090849548003388,True,False,aligned_deterministic_seeds_not_common_randomness
738,12.3,41,50,1,15,1,1,0.01414213562373095,-0.005857864376269049,0.01530733729460359,-0.4242640687119287,-0.4242640687119287,0.6000000000000002,0.9942427197734521,0.9999999999999992,0.40000000000000013,1.0624960673388557,6.109886208042155,6.109886208042155,20.64087222211331,10.133266735814422,13.29662864387007,False,False,aligned_deterministic_seeds_not_common_randomness
756,12.6,42,50,44,15,1,1,-0.6222539674441614,0.25774603255583795,0.6735228409625575,-0.21213203435596434,-0.5121320343559641,0.554327719506772,0.9999999999999992,0.9685767662847372,0.47027237223575985,10.828715734806508,0.08253239032165993,0.08253239032165993,16.90100720836217,4.028109315942707,9.775470549675923,False,False,aligned_deterministic_seeds_not_common_randomness
774,12.9,43,50,49,15,1,1,-0.692964645562816,0.28703535443718314,0.7500595274355754,0.0,-0.6,0.6,0.9942427197734521,1.0,0.4,1.1098273329002097,2.3600063124707162,2.3600063124707162,5.449873077923173,13.761646386631714,11.479588423581884,False,False,aligned_deterministic_seeds_not_common_randomness
792,13.2,44,50,2,15,1,1,0.0,0.0,0.0,0.0,-0.6,0.6,0.9942427197734528,0.9942427197734528,0.3943957695944969,4.596131087401318,0.050531247512594746,0.050531247512594746,11.359855839614127,16.73563539096249,18.189150256542792,False,False,aligned_deterministic_seeds_not_common_randomness
810,13.5,45,50,7,15,1,1,0.09899494936611668,-0.04100505063388335,0.10715136106222517,-0.042426406871192854,-0.5824264068711927,0.5839696220017683,1.0,0.9640909256443194,0.38079373313744447,9.41000414622576,0.03803066032341462,0.03803066032341462,13.658945719763251,3.4375854503474197,8.922791314016699,False,False,aligned_deterministic_seeds_not_common_randomness
828,13.799999999999999,46,50,48,15,1,1,1.0606601717798205,-0.08786796564403573,1.0642935588391107,-0.15556349186104051,-0.5355634918610404,0.5576990710180452,0.9270443651571063,0.9732827033362801,0.5210889921348968,0.01943350356867768,0.0341509749809461,0.1728124698463489,1.962368073762978,2.700833512554402,6.364515504261106,False,False,aligned_deterministic_seeds_not_common_randomness
846,14.1,47,50,50,15,1,1,0.7212489168102779,0.28703535443718314,0.7762662524526482,-0.21213203435596434,-0.5121320343559641,0.554327719506772,0.9999999999999992,0.9942427197734528,0.5210889921348973,1.5095236065967867,0.5039987761369957,0.1691604992262512,4.985547191461615,3.3245090428457633,2.4633549864140623,False,False,aligned_deterministic_seeds_not_common_randomness
864,14.4,48,50,48,15,1,1,0.6788225099390851,0.28117749006091414,0.7347521901409718,0.0,-0.6,0.6,0.9942427197734521,0.9942427197734528,0.3943957695944969,2.88028289203271,9.368035292386026,0.16916049922627963,6.0533933928598165,17.197204387110375,12.245216683274643,False,False,aligned_deterministic_seeds_not_common_randomness
882,14.7,49,50,46,15,1,1,-0.6505382386916233,-0.269461761308376,0.7041375155517647,0.21213203435596434,-0.5121320343559641,0.554327719506772,0.9942427197734528,0.9833420792978613,0.4999767962810799,0.358968013237984,0.7083646164014112,0.7083646164014112,4.674888222094825,7.661831699987627,11.249279462998693,False,False,aligned_deterministic_seeds_not_common_randomness
900,15.0,50,50,50,15,1,1,-0.6788225099390851,-0.28117749006091414,0.7347521901409718,0.4242640687119287,-0.4242640687119287,0.6000000000000002,0.9942427197734528,0.9942427197734521,0.3943957695944971,0.033773289921128935,8.65678820717497,2.6580319113452333,17.439437570711664,13.862888514335605,10.545503798871662,False,False,aligned_deterministic_seeds_not_common_randomness
918,15.299999999999999,51,50,49,15,1,1,-0.6846803743153542,-0.2953196256846451,0.7456546762993795,0.4242640687119287,-0.4242640687119287,0.6000000000000002,0.9886889302480972,0.9942427197734521,0.3943957695944971,1.0375815231150796,0.06140788756596294,0.06140788756596294,15.20509741882901,17.198860742769607,17.82740280357278,False,False,aligned_deterministic_seeds_not_common_randomness
936,15.6,52,50,4,15,1,1,-0.02828427124746191,-0.011715728752538098,0.030614674589207188,0.4242640687119287,-0.4242640687119287,0.6000000000000002,0.9833420792978613,0.9942427197734521,0.3943957695944971,0.6307028757011324,0.06026563954947051,0.06026563954947051,10.109758350637001,5.104853056570804,10.026763177510327,False,False,aligned_deterministic_seeds_not_common_randomness
954,15.9,53,50,2,15,1,1,0.011715728752538098,0.0282842712474619,0.03061467458920718,0.4242640687119287,-0.4242640687119287,0.6000000000000002,0.9886889302480965,0.9999999999999992,0.40000000000000013,0.004252518724541687,2.4091505570420395,2.4145300029541374,4.202359360796587,5.570841959250154,10.165522135211983,False,False,aligned_deterministic_seeds_not_common_randomness
972,16.2,54,50,50,15,1,1,0.2928932188134522,0.707106781186547,0.765366864730179,0.4242640687119287,-0.4242640687119287,0.6000000000000002,1.0,0.9999999999999992,0.40000000000000013,2.7854114917445543,9.25828607360063,9.25828607360063,16.214465411350588,11.862829724575144,14.85366954336902,False,False,aligned_deterministic_seeds_not_common_randomness
990,16.5,55,50,50,15,1,1,0.28703535443718314,0.7212489168102779,0.7762662524526482,0.4242640687119287,-0.4242640687119287,0.6000000000000002,0.9942427197734528,0.9999999999999992,0.40000000000000013,1.3382151575017645,4.622187404649509,4.622187404649509,17.089798960921375,17.775647731505227,19.403483618192215,False,False,aligned_deterministic_seeds_not_common_randomness
1008,16.8,56,50,12,15,1,1,0.0702943725152286,0.16970562748477147,0.18368804753524315,0.4887005768508881,-0.2687005768508881,0.5576990710180454,1.0,0.945067486361081,0.4519794848050011,8.672195231422052,0.018275200468366393,0.2699786679397391,11.964853477541624,3.233983746851578,9.368763999523757,False,False,aligned_deterministic_seeds_not_common_randomness
1026,17.1,57,50,1,15,1,1,-0.005857864376269049,0.01414213562373095,0.01530733729460359,0.6,0.0,0.6,0.9942427197734528,1.0,0.4,1.9025731374083534,0.2223672510981487,0.2223672510981487,16.539706890030835,17.859524118317125,15.403296255228328,False,False,aligned_deterministic_seeds_not_common_randomness
1044,17.4,58,50,1,15,1,1,-0.005857864376269049,0.01414213562373095,0.01530733729460359,0.6,0.0,0.6,0.9886889302480972,0.9942427197734528,0.3943957695944969,0.6463040654251131,2.197907856302834,2.197907856302834,19.976087205114375,5.935002194613601,11.402432634497957,False,False,aligned_deterministic_seeds_not_common_randomness
1062,17.7,59,50,0,15,0,1,0.0,0.0,0.0,0.6,0.0,0.6,1.0,1.0,0.4,3.714329080687577,3.212372308161065,3.212372308161065,19.58455799131496,5.751440091716997,10.15517745087191,True,False,aligned_deterministic_seeds_not_common_randomness
1080,18.0,60,50,39,15,1,1,0.22845671067449275,-0.5515432893255068,0.5969861544895397,0.5297056274847712,0.16970562748477147,0.5562266190942639,0.9942427197734528,0.9519843328436105,0.4609625416575306,2.5722576838296902,0.009849226972789893,0.009849226972789893,13.425423584235766,2.6796573993841895,8.883466835976938,False,False,aligned_deterministic_seeds_not_common_randomness
1098,18.3,61,50,37,15,1,1,0.21674098192195465,-0.5232590180780449,0.5663714799003325,0.4242640687119287,0.4242640687119287,0.6000000000000002,0.9419632102160802,0.9999999999999992,0.40000000000000013,0.013953968121029448,1.1308033530807222,1.1308033530807222,3.0769906644677043,14.726397137367243,12.288820394277986,False,False,aligned_deterministic_seeds_not_common_randomness
1116,18.6,62,50,2,15,1,1,-0.005857864376269049,0.01414213562373095,0.01530733729460359,0.4242640687119287,0.4242640687119287,0.6000000000000002,0.9942427197734521,0.9882842712474612,0.38828427124746207,1.406366889445792,3.167094945720038,3.167094945720038,15.878771894530628,19.770801866424563,20.369099799945904,False,False,aligned_deterministic_seeds_not_common_randomness
1134,18.9,63,50,2,15,1,1,-0.0282842712474619,0.011715728752538098,0.03061467458920718,0.4242640687119287,0.4242640687119287,0.6000000000000002,0.9886889302480966,0.9999999999999992,0.40000000000000013,6.309705811966722,6.162795057148543,6.162795057148543,10.642685867092526,9.497398000501699,13.63098196116956,False,False,aligned_deterministic_seeds_not_common_randomness
1152,19.2,64,50,35,15,1,1,-0.4866904755831212,0.21330952441687848,0.5313836394078006,0.4242640687119287,0.4242640687119287,0.6000000000000002,0.9340946799829153,0.9942427197734521,0.3943957695944971,0.12399896745233718,4.878090541316027,5.426033828149599,2.6572999200493665,7.427706151659817,12.245136303238555,False,False,aligned_deterministic_seeds_not_common_randomness
1170,19.5,65,50,49,15,1,1,-0.6988225099390851,0.3011774900609141,0.7609604332138136,0.4242640687119287,0.4242640687119287,0.6000000000000002,0.9942427197734528,0.9942427197734521,0.3943957695944971,2.651857515736708,10.539148173194945,10.539148173194945,5.60823708846041,12.692304918106826,14.812032101020886,False,False,aligned_deterministic_seeds_not_common_randomness
1188,19.8,66,50,50,15,1,1,-0.707106781186547,0.2928932188134522,0.765366864730179,0.4242640687119287,0.4242640687119287,0.6000000000000002,1.0,0.9999999999999992,0.40000000000000013,3.640915677523708,9.93933559081188,9.93933559081188,6.760687645834419,18.9984970750308,19.635584154696843,False,False,aligned_deterministic_seeds_not_common_randomness
1206,20.1,67,50,34,15,1,1,0.42426406871192845,-0.17573593128807136,0.4592201188381076,0.25455844122715715,0.49455844122715703,0.556226619094264,0.9833420792978613,0.9319600438841367,0.40610418130827725,0.007669024509738165,0.022870361237607995,0.022870361237607995,3.7320233966463077,2.7469520100140805,8.987976748817923,False,False,aligned_deterministic_seeds_not_common_randomness
1224,20.4,68,50,49,15,1,1,0.692964645562816,-0.28703535443718314,0.7500595274355754,0.0,0.6,0.6,0.9999999999999992,0.9942427197734528,0.3943957695944969,11.264785132414772,0.11320140775825394,0.11320140775825394,16.528099183414,18.862235822334313,19.033015263434294,False,False,aligned_deterministic_seeds_not_common_randomness
1242,20.7,69,50,49,15,1,1,0.707106781186547,-0.28117749006091414,0.7609604332138136,0.0,0.6,0.6,0.9942427197734521,0.9942427197734528,0.3943957695944969,9.387533640981985,2.785721480002053,2.9855447910648536,12.758977896228439,6.712005323318324,10.919774065867557,False,False,aligned_deterministic_seeds_not_common_randomness
1260,21.0,70,50,2,15,1,1,0.042426406871192854,0.005857864376269049,0.042828898830704974,0.0,0.6,0.6,0.9942427197734528,0.9886889302480972,0.3893130813345122,1.4665516359431479,0.11198122238147334,0.11198122238147334,13.655300169780835,3.5309379500293208,8.89281919922306,False,False,aligned_deterministic_seeds_not_common_randomness
1278,21.3,71,50,13,15,1,1,0.15556349186104051,0.06443650813895956,0.16838071024063955,-0.21213203435596434,0.5121320343559641,0.554327719506772,0.9419632102160799,0.9886889302480966,0.5104125318766936,0.09481564796840303,1.6058189463679469,1.6058189463679469,3.7143022934727092,4.955041243213443,9.190408467243142,False,False,aligned_deterministic_seeds_not_common_randomness
1296,21.6,72,50,1,15,1,1,-0.01414213562373095,-0.005857864376269049,0.01530733729460359,-0.4242640687119287,0.4242640687119287,0.6000000000000002,0.9999999999999992,0.9942427197734521,0.3943957695944971,2.2449453176641896,6.019682111371026,1.3878614280155261,19.52388682826905,15.167039446586429,10.63814146591331,False,False,aligned_deterministic_seeds_not_common_randomness
1314,21.9,73,50,0,15,0,1,0.0,0.0,0.0,-0.4242640687119287,0.4242640687119287,0.6000000000000002,0.9999999999999992,0.9999999999999992,0.40000000000000013,11.991394119923257,2.4676859674327147,2.4676859674327147,18.30607409469171,16.94110842488343,17.73484008581654,True,False,aligned_deterministic_seeds_not_common_randomness
1332,22.2,74,50,17,15,1,1,-0.24041630560342625,-0.09958369439657382,0.2602247340082611,-0.33941125496954294,0.45941125496954294,0.5711905997061668,0.9999999999999992,0.9319600438841366,0.36986870247423576,4.362957056104904,0.179585181927564,0.179585181927564,20.224237312986553,3.015201247305065,9.182673576480513,False,False,aligned_deterministic_seeds_not_common_randomness
1350,22.5,75,50,38,15,1,1,-0.5374011537017759,-0.22259884629822368,0.5816788171949361,-0.042426406871192854,0.5824264068711928,0.5839696220017684,0.9999999999999992,0.9450674863610812,0.3698687024742355,1.9760699458479394,0.059361437249549454,0.059361437249549454,16.070787599523086,2.399974088419932,2.645058932781785,False,False,aligned_deterministic_seeds_not_common_randomness
1368,22.8,76,50,1,15,1,1,-0.01414213562373095,-0.005857864376269049,0.01530733729460359,-0.21213203435596434,0.5121320343559641,0.554327719506772,0.9999999999999992,0.9942427197734521,0.5210889921348968,4.494001875179038,0.32404746900436976,0.32404746900436976,12.904621793722445,8.378034270528849,6.3772818494790116,False,False,aligned_deterministic_seeds_not_common_randomness
1386,23.1,77,50,0,15,0,1,0.0,0.0,0.0,-0.4242640687119287,0.4242640687119287,0.6000000000000002,0.9999999999999992,0.9999999999999992,0.40000000000000013,3.127388926052788,1.927488567113869,0.1691604992262512,15.382483753554617,10.269345480669099,7.523661612639384,True,False,aligned_deterministic_seeds_not_common_randomness
1404,23.4,78,50,50,15,1,1,0.28117749006091414,0.6788225099390851,0.7347521901409718,-0.5121320343559641,0.21213203435596434,0.554327719506772,0.9942427197734521,0.9942427197734528,0.5210889921348973,9.478488551555984,0.8251221350037667,0.8251221350037667,19.165110520186207,8.681701762264414,12.476132475752165,False,False,aligned_deterministic_seeds_not_common_randomness
1422,23.7,79,50,46,15,1,1,0.269461761308376,0.6505382386916233,0.7041375155517647,-0.6,0.0,0.6,0.9833420792978612,0.9942427197734528,0.3943957695944969,0.09191916380007115,4.371810721859049,0.16916049922627963,3.8941608956195157,19.113170241692448,12.98340810746211,False,False,aligned_deterministic_seeds_not_common_randomness
1440,24.0,80,50,0,15,0,1,0.0,0.0,0.0,-0.6,0.0,0.6,1.0,1.0,0.4,0.5595394216971101,2.5349756866480675,2.5349756866480675,16.414178910118473,17.535740657893072,18.56247753790048,True,False,aligned_deterministic_seeds_not_common_randomness
1458,24.3,81,50,1,15,1,1,0.005857864376269049,-0.01414213562373095,0.01530733729460359,-0.6,0.0,0.6,0.9942427197734528,1.0,0.4,1.7429773811670373,4.197873757967244,4.197873757967244,5.980500824622835,17.680775320350502,19.28352373583137,False,False,aligned_deterministic_seeds_not_common_randomness
1476,24.6,82,50,50,15,1,1,0.2928932188134522,-0.707106781186547,0.765366864730179,-0.6,0.0,0.6,0.9999999999999992,1.0,0.4,3.1425568183236408,11.152014623550372,11.152014623550372,8.759934747817216,20.5547867092936,21.05352222502638,False,False,aligned_deterministic_seeds_not_common_randomness
1494,24.9,83,50,49,15,1,1,0.28703535443718314,-0.692964645562816,0.7500595274355754,-0.6,0.0,0.6,0.9999999999999992,0.9942427197734528,0.3943957695944969,12.19589033762864,3.5965373436408186,3.5965373436408186,15.201774695610005,12.012424632641263,15.408764573769401,False,False,aligned_deterministic_seeds_not_common_randomness
1512,25.2,84,50,7,15,1,1,0.029289321881345243,-0.07071067811865477,0.07653668647301796,-0.5121320343559641,-0.21213203435596434,0.554327719506772,0.9942427197734521,0.9685767662847369,0.47027237223575963,12.630209416793406,0.22549987360343948,0.22549987360343948,15.751582018461354,5.197459648919321,9.654569097300406,False,False,aligned_deterministic_seeds_not_common_randomness
1530,25.5,85,50,15,15,1,1,-0.08786796564403573,0.21213203435596434,0.22961005941905394,-0.4242640687119287,-0.4242640687119287,0.6000000000000002,0.9364746916486044,0.9999999999999992,0.40000000000000013,0.07094200357471436,8.49833635974798,6.797050321885791,2.7893303673310963,19.392254613628715,15.213951725770267,False,False,aligned_deterministic_seeds_not_common_randomness
1548,25.8,86,50,49,15,1,1,-0.28703535443718314,0.692964645562816,0.7500595274355754,-0.4242640687119287,-0.4242640687119287,0.6000000000000002,0.9942427197734528,0.9999999999999992,0.40000000000000013,4.862847466516598,6.704982483817389,7.273612104619588,10.367528393357984,10.521971804461952,14.386210015137516,False,False,aligned_deterministic_seeds_not_common_randomness
1566,26.099999999999998,87,50,50,15,1,1,-0.30703535443718316,0.712964645562816,0.7762662524526482,-0.4242640687119287,-0.4242640687119287,0.6000000000000002,1.0,0.9942427197734521,0.3943957695944971,8.628950803528824,4.379004839326683,4.379004839326683,12.281713439065253,13.58840179484362,16.11060985781045,False,False,aligned_deterministic_seeds_not_common_randomness
1584,26.4,88,50,6,15,1,1,-0.035147186257614295,0.08485281374238571,0.09184402376762155,-0.4242640687119287,-0.4242640687119287,0.6000000000000002,0.9685767662847369,0.9999999999999992,0.40000000000000013,0.6877517161565265,5.286467212241519,5.312799222443999,4.825076219728867,8.308317083753984,12.053774326605355,False,False,aligned_deterministic_seeds_not_common_randomness
1602,26.7,89,50,45,15,1,1,-0.6081118318204305,0.2518881681795689,0.6582155036679539,-0.21213203435596434,-0.5121320343559641,0.554327719506772,0.9942427197734521,0.9685767662847372,0.47027237223575985,3.4862940366548685,0.23219322256335317,0.23219322256335317,8.357186035809207,3.857835580003769,9.562093837158345,False,False,aligned_deterministic_seeds_not_common_randomness
1620,27.0,90,50,1,15,1,1,-0.01414213562373095,0.005857864376269049,0.01530733729460359,0.0,-0.6,0.6,0.9942427197734528,1.0,0.4,5.995612957499532,6.312000940542362,6.312000940542362,16.58581612380138,18.354323809462077,14.569791740202104,False,False,aligned_deterministic_seeds_not_common_randomness
1638,27.3,91,50,2,15,1,1,0.0,0.0,0.0,0.0,-0.6,0.6,0.9942427197734528,0.9942427197734528,0.3943957695944969,5.373844096340889,1.1998155484234871,1.1998155484234871,13.719758616664814,18.320423476008713,19.557019550546944,False,False,aligned_deterministic_seeds_not_common_randomness
1656,27.599999999999998,92,50,1,15,1,1,0.01414213562373095,-0.005857864376269049,0.01530733729460359,0.0,-0.6,0.6,1.0,0.9942427197734528,0.3943957695944969,0.5599088169973925,6.131398417328342,6.131398417328342,6.3551873130931495,17.259013413357504,18.322308028727168,False,False,aligned_deterministic_seeds_not_common_randomness
1674,27.9,93,50,1,15,1,1,0.01414213562373095,0.005857864376269049,0.01530733729460359,0.0,-0.6,0.6,0.9942427197734528,1.0,0.4,5.339494240311922,12.721429862147517,12.721429862147517,8.207528528596743,18.2235090807607,18.640095200163994,False,False,aligned_deterministic_seeds_not_common_randomness
1692,28.2,94,50,0,15,0,1,0.0,0.0,0.0,0.0,-0.6,0.6,1.0,1.0,0.4,5.970112328951444,2.43804490827074,2.43804490827074,8.73614645804684,17.582687928795213,19.19470955351684,True,False,aligned_deterministic_seeds_not_common_randomness
1710,28.5,95,50,11,15,1,1,-0.12727922061357858,-0.052720779386421446,0.13776603565143233,0.0282842712474619,-0.588284271247462,0.5889638221462821,0.9942427197734528,0.951984332843611,0.37081774606284257,1.9710965357049588,0.0009269864897873958,0.0009269864897873958,5.3290873591550545,3.2883839076722325,9.372993236401513,False,False,aligned_deterministic_seeds_not_common_randomness
1728,28.8,96,50,0,15,0,1,0.0,0.0,0.0,0.21213203435596434,-0.5121320343559641,0.554327719506772,0.9999999999999992,0.9999999999999992,0.5319916840530966,0.08073174352909973,8.663357372504663,4.7357239203904555,4.13431563066348,16.27888133070681,12.465339640524602,True,False,aligned_deterministic_seeds_not_common_randomness
1746,29.099999999999998,97,50,0,15,0,1,0.0,0.0,0.0,0.5121320343559641,-0.21213203435596434,0.554327719506772,0.9999999999999992,0.9999999999999992,0.5319916840530966,10.097707085265313,5.944345756743758,1.0000993157018456,17.51486427123187,10.02792692127364,7.705248131477524,True,False,aligned_deterministic_seeds_not_common_randomness
1764,29.4,98,50,2,15,1,1,0.011715728752538098,0.0282842712474619,0.03061467458920718,0.21213203435596434,-0.5121320343559641,0.554327719506772,0.9886889302480966,0.9999999999999992,0.5319916840530966,2.975506008794923,0.23941580155144493,0.6725833101415333,18.134699929943782,3.884823727664676,3.3756383986410103,False,False,aligned_deterministic_seeds_not_common_randomness
1782,29.7,99,50,2,15,1,1,-0.011715728752538098,-0.0282842712474619,0.03061467458920718,0.5121320343559641,-0.21213203435596434,0.554327719506772,0.9999999999999992,0.9886889302480965,0.5104125318766936,11.040988308229373,0.29893760103098543,0.35437873946258946,20.70430953571746,3.035554814588753,2.5764627775882616,False,False,aligned_deterministic_seeds_not_common_randomness
1800,30.0,100,50,49,15,1,1,-0.3011774900609141,-0.6988225099390851,0.7609604332138136,0.5121320343559641,-0.21213203435596434,0.554327719506772,0.9942427197734521,0.9942427197734528,0.5210889921348973,0.032242912539516055,3.347285639655553,1.3878614280155261,20.414567151997108,8.229945547055392,6.020284486759738,False,False,aligned_deterministic_seeds_not_common_randomness
1818,30.3,101,50,49,15,1,1,-0.28703535443718314,-0.692964645562816,0.7500595274355754,0.6,0.0,0.6,0.9999999999999992,0.9942427197734528,0.3943957695944969,5.555624939364691,4.47085975193383,0.16916049922627963,17.043107765673597,17.022368522942273,11.574220695848183,False,False,aligned_deterministic_seeds_not_common_randomness
1836,30.599999999999998,102,50,49,15,1,1,-0.28117749006091414,-0.707106781186547,0.7609604332138136,0.6,0.0,0.6,0.9942427197734521,0.9942427197734528,0.3943957695944969,1.5057297009262243,8.185149159890614,8.185149159890614,5.111590210395712,18.894320105792428,19.23119415583942,False,False,aligned_deterministic_seeds_not_common_randomness
1854,30.9,103,50,2,15,1,1,0.0,0.0,0.0,0.6,0.0,0.6,0.9942427197734528,0.9942427197734528,0.3943957695944969,5.145101143202908,3.410610110891895,3.410610110891895,12.6997806425499,11.588819390335345,14.380379363791214,False,False,aligned_deterministic_seeds_not_common_randomness
1872,31.2,104,50,2,15,1,1,0.0,0.0565685424949238,0.0565685424949238,0.6,0.0,0.6,0.9886889302480972,0.9886889302480972,0.3893130813345122,0.3653995184477594,4.926586725802451,4.926586725802451,11.816190364587014,8.37506044086702,11.990234519823018,False,False,aligned_deterministic_seeds_not_common_randomness
1890,31.5,105,50,38,15,1,1,-0.22259884629822368,0.5374011537017759,0.5816788171949361,0.6,0.0,0.6,0.9450674863610808,1.0,0.4,0.028916786290977825,7.940649766804512,8.038197073625213,3.1515448357887497,11.002692704782564,13.428698988098652,False,False,aligned_deterministic_seeds_not_common_randomness
1908,31.8,106,50,48,15,1,1,-0.28117749006091414,0.6788225099390851,0.7347521901409718,0.6,0.0,0.6,0.9886889302480966,1.0,0.4,3.02125490855596,17.102963818357836,17.102963818357836,5.887141230247373,20.385204540966757,20.9625603517776,False,False,aligned_deterministic_seeds_not_common_randomness
1926,32.1,107,50,48,15,1,1,-0.28117749006091414,0.6788225099390851,0.7347521901409718,0.6,0.0,0.6,0.9886889302480966,1.0,0.4,2.0163273339206853,1.2636051872875953,1.464515199560509,5.743309356341954,5.144411206396313,10.620017972239934,False,False,aligned_deterministic_seeds_not_common_randomness
1944,32.4,108,50,50,15,1,1,0.28946176130837603,-0.6705382386916233,0.7303489856277009,0.5121320343559641,0.21213203435596434,0.554327719506772,0.9886889302480972,0.9882842712474612,0.5212685993773044,2.116036352065805,0.9772630257564288,0.9772630257564288,7.883185795951713,15.29833379414762,16.942887873907992,False,False,aligned_deterministic_seeds_not_common_randomness
1962,32.7,109,50,50,15,1,1,0.2928932188134522,-0.707106781186547,0.765366864730179,0.21213203435596434,0.5121320343559641,0.554327719506772,1.0,0.9999999999999992,0.5319916840530966,12.130450598293692,2.3820830551118206,1.5135959524236853,20.180418176099828,6.844351573694426,5.716268968071106,False,False,aligned_deterministic_seeds_not_common_randomness
1980,33.0,110,50,50,15,1,1,0.9858578643762691,-0.9941421356237309,1.400083681275891,0.3,0.3,0.4242640687119285,1.0,0.9942427197734528,0.7506983569144371,13.566980800961517,0.355321969175975,0.355321969175975,18.36699261815912,5.181345535746163,3.6783423487934614,False,False,aligned_deterministic_seeds_not_common_randomness
1998,33.3,111,50,49,15,1,1,0.7163961030678924,-0.34360389693210713,0.7945357225938884,0.0,0.6,0.6,0.9782055602942863,0.9942427197734528,0.3943957695944969,0.14771665790684096,3.852637141588332,0.11742080808096489,8.1174532727411,7.38470478835125,5.427607589175348,False,False,aligned_deterministic_seeds_not_common_randomness
2016,33.6,112,50,49,15,1,1,0.692964645562816,-0.28703535443718314,0.7500595274355754,0.0,0.6,0.6,0.9999999999999992,0.9942427197734528,0.3943957695944969,0.005211895373236075,6.777019163939883,6.777019163939883,5.953131149781134,9.400494244083415,12.703943948873793,False,False,aligned_deterministic_seeds_not_common_randomness
2034,33.9,113,50,49,15,1,1,-0.692964645562816,0.28703535443718314,0.7500595274355754,0.21213203435596434,0.5121320343559641,0.554327719506772,1.0,0.9942427197734521,0.5210889921348968,4.49600990695447,2.2916286527108127,2.2916286527108127,16.22514636317471,13.411815561774645,15.080441099925693,False,False,aligned_deterministic_seeds_not_common_randomness
2052,34.2,114,50,50,15,1,1,-0.7212489168102779,0.28703535443718314,0.7762662524526482,0.4242640687119287,0.4242640687119287,0.6000000000000002,0.9942427197734528,0.9999999999999992,0.40000000000000013,2.7838515327837285,7.854043428189357,0.1691604992262512,16.73808525007507,17.496520239763235,12.479407827546142,False,False,aligned_deterministic_seeds_not_common_randomness
2070,34.5,115,50,50,15,1,1,-0.7212489168102779,0.2753196256846451,0.7720109431135884,0.4242640687119287,0.4242640687119287,0.6000000000000002,0.9886889302480972,0.9942427197734521,0.3943957695944971,2.3304610310699445,5.83825689531227,5.83825689531227,11.590469645525836,19.933547005998545,20.713307272377577,False,False,aligned_deterministic_seeds_not_common_randomness
2088,34.8,116,50,1,15,1,1,-0.01414213562373095,-0.005857864376269049,0.01530733729460359,0.21213203435596434,0.5121320343559641,0.554327719506772,0.9942427197734528,1.0,0.5319916840530973,5.3408071489195095,0.5251726292005401,0.5251726292005401,16.152041041436043,11.559093783317199,13.794035049020977,False,False,aligned_deterministic_seeds_not_common_randomness
2106,35.1,117,50,6,15,1,1,0.0565685424949238,0.023431457505076195,0.06122934917841436,-0.25455844122715715,0.494558441227157,0.5562266190942639,0.9942427197734528,0.9732827033362805,0.510412531876694,1.581276474490437,0.056591080909356606,0.07744584556650125,19.671121305893116,4.535637791549829,4.274627223023511,False,False,aligned_deterministic_seeds_not_common_randomness
2124,35.4,118,50,49,15,1,1,0.692964645562816,0.28703535443718314,0.7500595274355754,-0.21213203435596434,0.5121320343559641,0.554327719506772,0.9942427197734528,0.9999999999999992,0.5319916840530966,7.357906388551669,3.7452709707648637,1.3878614280155546,20.120725491744924,10.793918212892255,7.749782259163513,False,False,aligned_deterministic_seeds_not_common_randomness
2142,35.7,119,50,50,15,1,1,0.707106781186547,0.2928932188134522,0.765366864730179,-0.5121320343559641,0.21213203435596434,0.554327719506772,1.0,0.9999999999999992,0.5319916840530966,11.085214680214676,11.026358749376072,1.0000993157018456,14.15358318905699,16.27974831023244,11.577237473764864,False,False,aligned_deterministic_seeds_not_common_randomness
2160,36.0,120,50,38,15,1,1,0.5374011537017759,0.22259884629822368,0.5816788171949361,-0.21213203435596434,0.5121320343559641,0.554327719506772,0.9450674863610813,0.9999999999999992,0.5319916840530966,0.0619610347674211,1.7690278996712436,1.0000993157018456,2.7838409397474333,20.547613511311564,14.518222502336908,False,False,aligned_deterministic_seeds_not_common_randomness
2178,36.3,121,50,1,15,1,1,-0.01414213562373095,-0.005857864376269049,0.01530733729460359,-0.5121320343559641,0.21213203435596434,0.554327719506772,0.9999999999999992,0.9942427197734521,0.532478861293256,7.019912471310363,4.744199280007024,1.0000993157018456,15.957841237072047,11.071574498827976,8.218535525289177,False,False,aligned_deterministic_seeds_not_common_randomness
2196,36.6,122,50,0,15,0,1,0.0,0.0,0.0,-0.21213203435596434,0.5121320343559641,0.554327719506772,0.9999999999999992,0.9999999999999992,0.5319916840530966,2.4593676613837943,3.876188705171387,2.6471750417026385,9.098027055464952,7.374823535168371,6.171668353220445,True,False,aligned_deterministic_seeds_not_common_randomness
2214,36.9,123,50,42,15,1,1,-0.4688730162779193,-0.6511269837220806,0.8023766287252941,-0.4414213562373095,0.24142135623730954,0.5031273049535749,0.94840869212762,0.9319600438841366,0.5658336378110639,0.0028373067986535716,0.1131496305055748,0.1131496305055748,2.6523282180196954,1.6004894925409838,1.470188362980699,False,False,aligned_deterministic_seeds_not_common_randomness
2232,37.2,124,50,50,15,1,1,-0.30703535443718316,-0.712964645562816,0.7762662524526482,-0.21213203435596434,0.5121320343559641,0.554327719506772,1.0,0.9942427197734521,0.5210889921348968,4.093626935430393,5.2663291589125265,5.2663291589125265,6.851523665516691,8.269373555015719,11.710279553501223,False,False,aligned_deterministic_seeds_not_common_randomness
2250,37.5,125,50,50,15,1,1,-0.30703535443718316,-0.712964645562816,0.7762662524526482,-0.4242640687119287,0.4242640687119287,0.6000000000000002,1.0,0.9942427197734521,0.3943957695944971,4.853654063382464,2.977109308115132,0.1691604992262512,7.758081564734937,16.163877384485378,11.138862225001859,False,False,aligned_deterministic_seeds_not_common_randomness
2268,37.8,126,50,4,15,1,1,-0.023431457505076195,-0.0565685424949238,0.06122934917841436,-0.4242640687119287,0.4242640687119287,0.6000000000000002,0.9732827033362801,0.9942427197734521,0.3943957695944971,0.1621770014376125,2.0072776274412263,2.0072776274412263,4.418581493515383,6.206819857950678,10.927906914837301,False,False,aligned_deterministic_seeds_not_common_randomness
2286,38.1,127,50,50,15,1,1,0.3011774900609141,0.6988225099390851,0.7609604332138136,-0.5121320343559641,0.21213203435596434,0.554327719506772,0.9942427197734521,0.9942427197734528,0.5210889921348973,3.382770808628493,1.3891273283464898,1.3891273283464898,17.805313188239623,6.018930672408906,10.382767045617594,False,False,aligned_deterministic_seeds_not_common_randomness
2304,38.4,128,50,49,15,1,1,0.28703535443718314,0.692964645562816,0.7500595274355754,-0.6,0.0,0.6,0.9942427197734521,1.0,0.4,3.7739050813376593,3.3147377507893907,0.16916049922627963,14.524956083482062,16.1882833255742,11.647522063771248,False,False,aligned_deterministic_seeds_not_common_randomness
2322,38.7,129,50,3,15,1,1,0.005857864376269049,0.042426406871192854,0.042828898830704974,-0.6,0.0,0.6,0.9886889302480972,0.9942427197734528,0.3943957695944969,0.0841718012459296,2.9372544771341325,2.9372544771341325,10.588053614632868,6.0847905756531215,11.174658464224798,False,False,aligned_deterministic_seeds_not_common_randomness
2340,39.0,130,50,17,15,1,1,0.09958369439657382,-0.24041630560342625,0.2602247340082611,-0.6,0.0,0.6,0.9319600438841369,1.0,0.4,0.09318299349570225,4.078282961223522,4.078282961223522,3.2179813620922455,10.84021593408584,13.592182331236597,False,False,aligned_deterministic_seeds_not_common_randomness
2358,39.3,131,50,49,15,1,1,0.2753196256846451,-0.6646803743153542,0.7194448528463683,-0.6,0.0,0.6,0.9942427197734521,0.9886889302480972,0.3893130813345122,1.0643176877293854,0.27942182398527393,0.697955182862728,18.428234057660198,3.8602112096923302,9.679059000438706,False,False,aligned_deterministic_seeds_not_common_randomness
2376,39.6,132,50,2,15,1,1,0.011715728752538098,-0.0282842712474619,0.03061467458920718,-0.5121320343559641,-0.21213203435596434,0.554327719506772,0.9999999999999992,0.9886889302480966,0.5104125318766936,0.8775884020671469,3.6647740378340643,3.6647740378340643,15.990604912586296,9.684035710706729,12.067207285549227,False,False,aligned_deterministic_seeds_not_common_randomness
2394,39.9,133,50,0,15,0,1,0.0,0.0,0.0,-0.4242640687119287,-0.4242640687119287,0.6000000000000002,0.9942427197734521,0.9942427197734521,0.3943957695944971,10.33715542088612,0.12288504646920728,0.12288504646920728,13.622108101417156,16.950559093323164,12.316878178554726,True,False,aligned_deterministic_seeds_not_common_randomness
2412,40.2,134,50,1,15,1,1,0.01414213562373095,-0.005857864376269049,0.01530733729460359,-0.4242640687119287,-0.4242640687119287,0.6000000000000002,0.9942427197734521,0.9999999999999992,0.40000000000000013,3.8574064971342352,5.808510232315939,5.808510232315939,17.363837292658957,11.70976656777108,14.224183176730444,False,False,aligned_deterministic_seeds_not_common_randomness
2430,40.5,135,50,2,15,1,1,-0.0282842712474619,0.011715728752538098,0.03061467458920718,-0.4242640687119287,-0.4242640687119287,0.6000000000000002,0.9999999999999992,0.9886889302480966,0.3893130813345125,18.213541175780108,2.7974416480114144,2.7974416480114144,20.538519529265315,19.464136939083033,20.176139060032167,False,False,aligned_deterministic_seeds_not_common_randomness
2448,40.8,136,50,1,15,1,1,-0.01414213562373095,0.005857864376269049,0.01530733729460359,-0.4242640687119287,-0.4242640687119287,0.6000000000000002,0.9999999999999992,0.9942427197734521,0.3943957695944971,4.414351392195698,2.8539906821865486,2.8539906821865486,18.91528195646399,17.460660754730167,17.623351109185343,False,False,aligned_deterministic_seeds_not_common_randomness
2466,41.1,137,50,2,15,1,1,-0.0282842712474619,0.011715728752538098,0.03061467458920718,-0.4242640687119287,-0.4242640687119287,0.6000000000000002,0.9999999999999992,0.9886889302480966,0.3893130813345125,3.035602370877541,5.788352554322557,5.788352554322557,10.364385483854376,9.49786301014402,12.693001511253264,False,False,aligned_deterministic_seeds_not_common_randomness
2484,41.4,138,50,4,15,1,1,0.0,0.0,0.0,-0.21213203435596434,-0.5121320343559641,0.554327719506772,0.9732827033362805,0.9732827033362805,0.47988995875640994,0.25120730492659504,0.03265461913406398,0.03265461913406398,4.274327018222303,4.596982610185089,8.784458347397264,False,False,aligned_deterministic_seeds_not_common_randomness
2502,41.7,139,50,0,15,0,1,0.0,0.0,0.0,0.0,-0.6,0.6,1.0,1.0,0.4,7.095884775336515,2.0918568326833338,2.0918568326833338,19.892017269988465,19.8430648493342,15.20541379457085,True,False,aligned_deterministic_seeds_not_common_randomness
2520,42.0,140,50,2,15,1,1,0.0,0.0,0.0,0.0,-0.6,0.6,0.9942427197734528,0.9942427197734528,0.3943957695944969,0.8002089950745699,8.322700341467737,8.322700341467737,8.566515645097136,13.582713413360434,16.278535147306936,False,False,aligned_deterministic_seeds_not_common_randomness
2538,42.3,141,50,2,15,1,1,0.0,-0.011715728752538098,0.011715728752538098,0.0,-0.6,0.6,1.0,0.9882842712474619,0.38828427124746184,2.745186804968739,2.859169793811901,2.859169793811901,5.60624394284172,18.732770318655458,19.061067459438554,False,False,aligned_deterministic_seeds_not_common_randomness
2556,42.6,142,50,14,15,1,1,0.19798989873223338,0.0820101012677667,0.21430272212445037,0.0,-0.6,0.6,0.939098213273998,1.0,0.4,0.018980912199850763,11.026479122490429,11.026479122490429,2.005223268044929,14.396986925147955,16.972084940542867,False,False,aligned_deterministic_seeds_not_common_randomness
2574,42.9,143,50,45,15,1,1,0.6363961030678923,0.263603896932107,0.6888301782571611,0.0565685424949238,-0.5765685424949238,0.579336934947808,0.9999999999999992,0.9732827033362805,0.3943957695944969,4.651548458627843,0.0286902052586413,0.13687591201147598,8.602872387349493,3.446026801462551,9.693472079301571,False,False,aligned_deterministic_seeds_not_common_randomness
2592,43.2,144,50,1,15,1,1,0.005857864376269049,0.01414213562373095,0.01530733729460359,0.21213203435596434,-0.5121320343559641,0.554327719506772,0.9942427197734521,0.9999999999999992,0.5319916840530966,0.5969408024838572,7.086720901540787,7.086720901540787,19.486469597368572,14.476998017954479,16.159352004017002,False,False,aligned_deterministic_seeds_not_common_randomness
2610,43.5,145,50,0,15,0,1,0.0,0.0,0.0,0.5121320343559641,-0.21213203435596434,0.554327719506772,0.9999999999999992,0.9999999999999992,0.5319916840530966,2.775866150652689,7.287313359273469,1.0000993157018456,18.399914033041295,11.383701462820898,8.508628649954028,True,False,aligned_deterministic_seeds_not_common_randomness
2628,43.8,146,50,10,15,1,1,-0.0585786437626905,-0.14142135623730956,0.15307337294603596,0.2238477631085024,-0.4838477631085023,0.5331195728106234,0.9999999999999992,0.9519843328436103,0.5479830788305362,14.036450979220433,0.054253817867333964,0.054253817867333964,20.873527262066986,2.6862565590015026,2.4189255766024833,False,False,aligned_deterministic_seeds_not_common_randomness
2646,44.1,147,50,2,15,1,1,-0.025857864376269052,-0.034142135623730946,0.042828898830704974,0.5121320343559641,-0.21213203435596434,0.554327719506772,0.9942427197734521,0.9886889302480966,0.5104125318766936,7.3018391455098595,0.1855827284280167,0.5181862533783601,20.764888119383738,3.1282275839198026,6.601073800905292,False,False,aligned_deterministic_seeds_not_common_randomness
2664,44.4,148,50,49,15,1,1,-0.28703535443718314,-0.692964645562816,0.7500595274355754,0.5121320343559641,-0.21213203435596434,0.554327719506772,0.9999999999999992,0.9942427197734528,0.5210889921348973,4.45164415682126,0.6359449702017628,0.6359449702017628,15.285674677413926,3.4917473012686533,3.0265297110279126,False,False,aligned_deterministic_seeds_not_common_randomness
2682,44.7,149,50,38,15,1,1,-0.22259884629822368,-0.5374011537017759,0.5816788171949361,0.6,0.0,0.6,0.9450674863610806,1.0,0.4,0.009018488094369559,1.3334434976024738,0.16916049922627963,2.265777604356357,4.832151323994333,3.552729188182369,False,False,aligned_deterministic_seeds_not_common_randomness
2700,45.0,150,50,1,15,1,1,0.005857864376269049,0.01414213562373095,0.01530733729460359,0.6,0.0,0.6,1.0,0.9942427197734528,0.3943957695944969,9.238728954164259,1.3407729851167858,1.3407729851167858,16.375186181290733,10.908631839451454,14.462597468339915,False,False,aligned_deterministic_seeds_not_common_randomness
2718,45.3,151,50,49,15,1,1,0.28703535443718314,0.692964645562816,0.7500595274355754,0.5121320343559641,-0.21213203435596434,0.554327719506772,1.0,0.9942427197734521,0.5210889921348968,6.140357938274121,0.7803247074014621,0.7803247074014621,9.810520703966553,8.599563193094589,12.134425657506027,False,False,aligned_deterministic_seeds_not_common_randomness
2736,45.6,152,50,48,15,1,1,0.0585786437626905,1.216223663640861,1.2176335481190859,0.4242640687119287,-0.4242640687119287,0.6000000000000002,0.9450674863610808,0.9886889302480966,0.3893130813345125,0.015898572428227453,4.297688592741622,0.16916049922622278,2.826371108752689,14.012261195365054,9.660106374544453,False,False,aligned_deterministic_seeds_not_common_randomness
2754,45.9,153,50,49,15,1,1,-0.09372583002030478,1.1596551211459372,1.1634365179127708,0.4535533905932738,-0.35355339059327384,0.5750744978858433,0.9942427197734521,0.9319600438841363,0.3708177460628427,3.3644349186831732,0.01284698058228173,0.04184328761922984,6.379902008485917,2.3684579643947887,7.337596147397494,False,False,aligned_deterministic_seeds_not_common_randomness
2772,46.2,154,50,50,15,1,1,-0.2928932188134522,0.707106781186547,0.765366864730179,0.6,0.0,0.6,0.9999999999999992,1.0,0.4,3.316807472681319,4.313214003178416,4.313214003178416,7.046975033916365,9.63853096269265,8.782968594557154,False,False,aligned_deterministic_seeds_not_common_randomness
2790,46.5,155,50,48,15,1,1,0.28117749006091414,-0.6788225099390851,0.7347521901409718,0.5121320343559641,0.21213203435596434,0.554327719506772,0.9886889302480972,0.9999999999999992,0.5319916840530966,0.2410813703201029,4.547984270013785,4.547984270013785,5.167634015107816,15.226281515156797,17.225108377635788,False,False,aligned_deterministic_seeds_not_common_randomness
2808,46.8,156,50,50,15,1,1,0.3211774900609142,-0.7188225099390851,0.7873123782317631,0.21213203435596434,0.5121320343559641,0.554327719506772,1.0,0.9886889302480966,0.5104125318766936,12.29733548485865,1.8622969698749046,1.0000993157018456,18.1558072945182,14.130886011340625,10.465808815415887,False,False,aligned_deterministic_seeds_not_common_randomness
2826,47.1,157,50,49,15,1,1,0.28703535443718314,-0.692964645562816,0.7500595274355754,0.4242640687119287,0.4242640687119287,0.6000000000000002,0.9942427197734528,0.9999999999999992,0.40000000000000013,10.531691077264298,7.497909306094016,1.3878614280155546,14.578876173186792,10.706110111176228,8.120158433734026,False,False,aligned_deterministic_seeds_not_common_randomness
2844,47.4,158,50,0,15,0,1,0.0,0.0,0.0,0.4242640687119287,0.4242640687119287,0.6000000000000002,0.9942427197734521,0.9942427197734521,0.3943957695944971,0.4020295163817309,2.04428480903249,2.04428480903249,12.620752734785139,17.92902566937567,18.900797958366102,True,False,aligned_deterministic_seeds_not_common_randomness
2862,47.7,159,50,23,15,1,1,-0.325269119345812,0.13473088065418806,0.35206875777588265,0.4242640687119287,0.4242640687119287,0.6000000000000002,0.9243866338786363,0.9999999999999992,0.40000000000000013,0.0004611305832895596,11.756041327393973,12.156998979934627,3.2077307610709322,14.758232410911557,16.737811601217555,False,False,aligned_deterministic_seeds_not_common_randomness
2880,48.0,160,50,50,15,1,1,-0.707106781186547,0.2928932188134522,0.765366864730179,0.4242640687119287,0.4242640687119287,0.6000000000000002,1.0,0.9999999999999992,0.40000000000000013,6.376742534156051,3.44915264127539,3.44915264127539,18.890691037650235,12.801854837023198,15.631503458079182,False,False,aligned_deterministic_seeds_not_common_randomness
2898,48.3,161,50,50,15,1,1,-0.7212489168102779,0.28703535443718314,0.7762662524526482,0.4242640687119287,0.4242640687119287,0.6000000000000002,0.9942427197734528,0.9999999999999992,0.40000000000000013,4.380987594535753,2.550461513844539,2.550461513844539,16.67223077468383,6.322260266296271,11.43686572087305,False,False,aligned_deterministic_seeds_not_common_randomness
2916,48.6,162,50,1,15,1,1,-0.0282842712474619,0.0,0.0282842712474619,0.21213203435596434,0.5121320343559641,0.554327719506772,0.9942427197734528,0.9942427197734528,0.5210889921348973,2.8273601349076785,1.041928149521567,1.041928149521567,16.139833035729254,6.197832816247517,11.0376119469397,False,False,aligned_deterministic_seeds_not_common_randomness
2934,48.9,163,50,1,15,1,1,0.01414213562373095,0.005857864376269049,0.01530733729460359,0.0,0.6,0.6,1.0,0.9942427197734528,0.3943957695944969,6.0378192242919795,2.986675716603088,0.16916049922627963,20.437647900832943,19.776218728348663,13.491717826928712,False,False,aligned_deterministic_seeds_not_common_randomness
2952,49.2,164,50,0,15,0,1,0.0,0.0,0.0,0.0,0.6,0.6,1.0,1.0,0.4,4.580458994803962,13.55888386595899,13.683504227911158,17.786283930996714,16.83966177254835,18.102090506331223,True,False,aligned_deterministic_seeds_not_common_randomness
2970,49.5,165,50,2,15,1,1,-0.0282842712474619,0.0,0.0282842712474619,0.0,0.6,0.6,0.9942427197734528,0.9942427197734528,0.3943957695944969,1.7928499924896073,6.806035042664888,6.806035042664888,19.672063475249335,16.615998312934302,18.48370459358957,False,False,aligned_deterministic_seeds_not_common_randomness
2988,49.8,166,50,2,15,1,1,-0.042426406871192854,-0.005857864376269049,0.042828898830704974,0.0,0.6,0.6,0.9886889302480972,0.9942427197734528,0.3943957695944969,2.9606980469054633,0.6193978286006541,0.6193978286006541,15.007473098300874,16.287114373130045,17.252072146661376,False,False,aligned_deterministic_seeds_not_common_randomness
3006,50.1,167,50,18,15,1,1,-0.2545584412271572,-0.10544155877284286,0.2755320713028647,0.0,0.6,0.6,0.9300724728593791,1.0,0.4,0.010805981993769365,0.15992198309839978,0.15992198309839978,2.203793255975687,19.465892646600704,19.656937374976195,False,False,aligned_deterministic_seeds_not_common_randomness
3024,50.4,168,50,49,15,1,1,-0.6646803743153542,-0.2753196256846451,0.7194448528463683,0.0,0.6,0.6,0.9942427197734521,0.9886889302480972,0.3893130813345122,10.037012538936438,0.7971758550725099,0.7971758550725099,17.905051069045662,5.133366882900364,10.657847390392323,False,False,aligned_deterministic_seeds_not_common_randomness
3042,50.7,169,50,2,15,1,1,-0.025857864376269052,-0.034142135623730946,0.042828898830704974,-0.21213203435596434,0.5121320343559641,0.554327719506772,0.9886889302480966,0.9942427197734521,0.5210889921348968,4.064146359665358,6.554152311601399,6.554152311601399,7.771566915812933,15.674821898195335,16.075482894855398,False,False,aligned_deterministic_seeds_not_common_randomness
3060,51.0,170,50,44,15,1,1,-0.25774603255583795,-0.6222539674441614,0.6735228409625575,-0.4242640687119287,0.4242640687119287,0.6000000000000002,0.9685767662847372,0.9999999999999992,0.40000000000000013,0.16766794990235212,4.709078486076123,0.1691604992262512,3.7870765999162064,8.611543682223614,6.318838229645046,False,False,aligned_deterministic_seeds_not_common_randomness
3078,51.3,171,50,19,15,1,1,-0.09958369439657382,-0.24041630560342625,0.2602247340082611,-0.488700576850888,0.26870057685088816,0.5576990710180453,0.9942427197734528,0.9300724728593791,0.40610418130827725,6.964410220016816,0.0029272375635969183,0.0029272375635969183,10.011770047133705,1.9817523034711269,8.132336916730454,False,False,aligned_deterministic_seeds_not_common_randomness
3096,51.6,172,50,46,15,1,1,-0.269461761308376,-0.6505382386916233,0.7041375155517647,-0.5179898987322332,0.19798989873223338,0.5545390294547619,0.9942427197734528,0.9833420792978612,0.5104125318766936,7.982601971404392,0.00995107524067862,0.00995107524067862,10.651392166874757,2.976608524485299,8.22527740343907,False,False,aligned_deterministic_seeds_not_common_randomness
3114,51.9,173,50,12,15,1,1,-0.0702943725152286,-0.16970562748477147,0.18368804753524315,-0.4242640687119287,0.4242640687119287,0.6000000000000002,0.9419632102160799,0.9942427197734521,0.3943957695944971,0.11056282933952843,2.8681200785187,1.3878614280155261,2.594976532271719,5.797366808072907,4.4934182880671845,False,False,aligned_deterministic_seeds_not_common_randomness
3132,52.199999999999996,174,50,1,15,1,1,-0.005857864376269049,-0.01414213562373095,0.01530733729460359,-0.4242640687119287,0.4242640687119287,0.6000000000000002,0.9942427197734521,0.9999999999999992,0.40000000000000013,0.8884728034389582,4.542713060805681,4.542713060805681,12.13618120959578,8.253621831803759,11.816286041067096,False,False,aligned_deterministic_seeds_not_common_randomness
3150,52.5,175,50,49,15,1,1,0.28703535443718314,0.692964645562816,0.7500595274355754,-0.5121320343559641,0.21213203435596434,0.554327719506772,0.9942427197734521,1.0,0.5319916840530973,3.3372776758944838,4.010238571842137,4.010238571842137,8.721707156161871,15.196327425830331,16.995930023093262,False,False,aligned_deterministic_seeds_not_common_randomness
3168,52.8,176,50,2,15,1,1,0.0,0.0282842712474619,0.0282842712474619,-0.5121320343559641,-0.21213203435596434,0.554327719506772,0.9942427197734528,0.9942427197734528,0.5210889921348973,0.49771151816150905,6.3338520652100385,1.0000993157018172,15.770047834637127,10.263617965205475,7.7346384345083745,False,False,aligned_deterministic_seeds_not_common_randomness
3186,53.1,177,50,26,15,1,1,0.1523044737829952,-0.36769552621700474,0.3979907696596933,-0.5589949493661166,-0.09899494936611668,0.5676930098361501,0.9640909256443189,0.9319600438841369,0.36955181300451473,2.075394536139214,0.04847141662420995,0.04847141662420995,5.590330253564718,2.071702693231664,1.6492830850737408,False,False,aligned_deterministic_seeds_not_common_randomness
3204,53.4,178,50,34,15,1,1,0.19916738879314752,-0.48083261120685217,0.5204494680165219,-0.5648528137423857,-0.08485281374238571,0.5711905997061666,0.9942427197734521,0.9364746916486049,0.3698687024742355,1.2577797884525808,0.09464176810223535,0.0,18.513169807629144,1.9362448479169239,1.5106756392620218,False,False,aligned_deterministic_seeds_not_common_randomness
3222,53.699999999999996,179,50,0,15,0,1,0.0,0.0,0.0,-0.5121320343559641,-0.21213203435596434,0.554327719506772,0.9999999999999992,0.9999999999999992,0.5319916840530966,11.193748508214895,3.3412396873283114,2.3719129944195174,14.633238433794808,7.588584739713107,6.093838925505488,True,False,aligned_deterministic_seeds_not_common_randomness
3240,54.0,180,50,1,15,1,1,0.01414213562373095,-0.005857864376269049,0.01530733729460359,-0.21213203435596434,-0.5121320343559641,0.554327719506772,0.9942427197734521,0.9999999999999992,0.5319916840530966,2.8707019117975108,0.17844124063677214,0.17844124063677214,17.918247540986563,5.585303025969936,4.280686383215963,False,False,aligned_deterministic_seeds_not_common_randomness
3258,54.3,181,50,44,15,1,1,0.23431457505076178,-0.5656854249492377,0.6122934917841433,-0.6,0.0,0.6,0.9886889302480966,0.9598282673389775,0.37081774606284246,2.4166515464949327,0.11946669226509243,0.11946669226509243,20.031139189748902,3.2485401345028078,2.539902432732398,False,False,aligned_deterministic_seeds_not_common_randomness
3276,54.6,182,50,50,15,1,1,0.30703535443718316,-0.712964645562816,0.7762662524526482,-0.6,0.0,0.6,0.9942427197734521,1.0,0.4,0.3965311308844548,6.841217342269175,4.735723920390484,18.1859545037385,15.682929982557903,12.24737239971028,False,False,aligned_deterministic_seeds_not_common_randomness
3294,54.9,183,50,49,15,1,1,0.28703535443718314,-0.692964645562816,0.7500595274355754,-0.6,0.0,0.6,0.9942427197734521,1.0,0.4,2.6281614815881653,0.18749409876301115,0.18749409876301115,20.086249118006496,4.4366920225380415,10.085610233768397,False,False,aligned_deterministic_seeds_not_common_randomness
3312,55.199999999999996,184,50,2,15,1,1,0.0,0.0,0.0,-0.5121320343559641,-0.21213203435596434,0.554327719506772,0.9942427197734521,0.9942427197734521,0.532478861293256,6.223335719840605,2.3178455421868875,2.3178455421868875,9.583858992658065,19.50625298036438,19.946024743051353,False,False,aligned_deterministic_seeds_not_common_randomness
3330,55.5,185,50,3,15,1,1,0.042426406871192854,-0.017573593128807144,0.04592201188381077,0.0,-0.6,0.6,0.9833420792978619,0.9685767662847372,0.3745898766594419,0.2317665643502096,0.3808052981181618,0.3808052981181618,6.712647666115356,8.749716350731752,6.809337068263798,False,False,aligned_deterministic_seeds_not_common_randomness
3348,55.8,186,50,1,15,1,1,-0.01414213562373095,-0.005857864376269049,0.01530733729460359,0.0,-0.6,0.6,0.9942427197734528,0.9882842712474619,0.38828427124746184,1.3780608850015597,0.8452800088786034,0.8452800088786034,16.80296920530333,19.09851833622548,15.93616551208887,False,False,aligned_deterministic_seeds_not_common_randomness
3366,56.1,187,50,2,15,1,1,0.0,0.0,0.0,0.0,-0.6,0.6,0.9942427197734528,0.9942427197734528,0.3943957695944969,0.4078160906348671,1.4731169832754745,1.4731169832754745,4.330126089377805,19.24360230875292,20.016921953842132,False,False,aligned_deterministic_seeds_not_common_randomness
3384,56.4,188,50,20,15,1,1,0.2545584412271572,0.10544155877284286,0.2755320713028647,0.0,-0.6,0.6,0.9284334738122602,0.9942427197734528,0.3943957695944969,0.00641850847830483,2.054797581498633,2.054797581498633,1.620597056122321,20.43106438525765,20.374229271037414,False,False,aligned_deterministic_seeds_not_common_randomness
3402,56.699999999999996,189,50,49,15,1,1,0.692964645562816,0.28703535443718314,0.7500595274355754,0.0,-0.6,0.6,0.9942427197734521,1.0,0.4,4.029163638215209,3.968380964094564,3.968380964094564,7.434058993589481,16.192847094849107,17.262016615008534,False,False,aligned_deterministic_seeds_not_common_randomness
3420,57.0,190,50,50,15,1,1,0.707106781186547,0.269461761308376,0.7567097467374208,0.0,-0.6,0.6,0.9886889302480966,0.9886889302480972,0.3893130813345122,10.357936791620887,5.861001936607408,5.861001936607408,14.158258008887245,14.404617175804868,17.008679277183425,False,False,aligned_deterministic_seeds_not_common_randomness
3438,57.3,191,50,49,15,1,1,0.692964645562816,0.28703535443718314,0.7500595274355754,0.0,-0.6,0.6,0.9942427197734521,1.0,0.4,9.282151451275041,3.0694331227410316,3.0694331227410316,14.4256981216443,19.026239363885928,18.61373710921016,False,False,aligned_deterministic_seeds_not_common_randomness
3456,57.6,192,50,50,15,1,1,0.6788225099390851,0.28117749006091414,0.7347521901409718,0.0,-0.6,0.6,0.9942427197734521,0.9942427197734528,0.3943957695944969,2.522117875324909,0.9820824161900532,0.9820824161900532,6.926781023327234,11.40974558372679,14.841255053775363,False,False,aligned_deterministic_seeds_not_common_randomness
3474,57.9,193,50,0,15,0,1,0.0,0.0,0.0,0.21213203435596434,-0.5121320343559641,0.554327719506772,0.9999999999999992,0.9999999999999992,0.5319916840530966,1.1309683871715492,0.0340739809355739,0.0340739809355739,4.832366001877046,8.846063331482775,12.092870101702001,True,False,aligned_deterministic_seeds_not_common_randomness
3492,58.199999999999996,194,50,0,15,0,1,0.0,0.0,0.0,0.5121320343559641,-0.21213203435596434,0.554327719506772,0.9999999999999992,0.9999999999999992,0.5319916840530966,5.460427240679735,5.188541204735316,1.0000993157018456,8.271604220969461,14.989912036075484,10.910568678293412,True,False,aligned_deterministic_seeds_not_common_randomness
3510,58.5,195,50,1,15,1,1,-0.005857864376269049,-0.01414213562373095,0.01530733729460359,0.21213203435596434,-0.5121320343559641,0.554327719506772,0.9999999999999992,0.9942427197734521,0.532478861293256,14.873861732218757,2.3987606487266078,1.0000993157018456,18.5332013389294,5.811339610347636,4.57867632353028,False,False,aligned_deterministic_seeds_not_common_randomness
3528,58.8,196,50,0,15,0,1,0.0,0.0,0.0,0.5121320343559641,-0.21213203435596434,0.554327719506772,0.9999999999999992,0.9999999999999992,0.5319916840530966,5.030628774701881,3.2855480718634453,2.647175041702667,9.992835327641233,6.305923030095974,4.9943536513792655,True,False,aligned_deterministic_seeds_not_common_randomness
3546,59.1,197,50,2,15,1,1,0.011715728752538098,0.0282842712474619,0.03061467458920718,0.3,-0.3,0.4242640687119285,1.0,0.9886889302480972,0.739976131573291,3.0294507758833618,0.2748812683755091,0.2748812683755091,11.788391840009007,3.2013977939396376,2.6320791808490624,False,False,aligned_deterministic_seeds_not_common_randomness
3564,59.4,198,50,1,15,1,1,-0.005857864376269049,0.01414213562373095,0.01530733729460359,0.6,0.0,0.6,0.9942427197734528,1.0,0.4,4.395929264386638,7.1068022960955375,0.9572545890431172,8.492140660375984,10.073147671344579,7.181997834732037,False,False,aligned_deterministic_seeds_not_common_randomness
3582,59.699999999999996,199,50,50,15,1,1,-0.2928932188134522,0.707106781186547,0.765366864730179,0.6,0.0,0.6,0.9999999999999992,1.0,0.4,1.0356977117655788,14.747781255341096,14.747781255341096,6.92949544797368,18.207956584624014,19.44402475485765,False,False,aligned_deterministic_seeds_not_common_randomness
3600,60.0,200,50,50,15,1,1,-0.1523044737829952,1.0182337649086275,1.0295613885214971,0.5589949493661166,-0.09899494936611668,0.5676930098361501,0.9942427197734521,0.9243866338786365,0.38079373313744436,4.191777979692432,0.01368960231394567,0.31127707020206685,13.53334205152582,2.688553887288851,9.036624429099964,False,False,aligned_deterministic_seeds_not_common_randomness
3618,60.3,201,50,49,15,1,1,0.0,1.385929291125632,1.385929291125632,0.4242640687119287,-0.4242640687119287,0.6000000000000002,0.9942427197734521,0.9942427197734521,0.3943957695944971,6.517714700879395,2.26368363973603,2.26368363973603,14.769095476780713,5.2884750844129345,7.873435406504684,False,False,aligned_deterministic_seeds_not_common_randomness
3636,60.6,202,50,39,15,1,1,-0.21674098192195465,0.5515432893255068,0.5926015974029203,0.5121320343559641,-0.21213203435596434,0.554327719506772,0.9450674863610806,0.9942427197734528,0.5210889921348973,0.08037262345249019,0.04124750854120407,0.04124750854120407,3.244843563337188,5.300357021472277,9.78735851684025,False,False,aligned_deterministic_seeds_not_common_randomness
3654,60.9,203,50,1,15,1,1,-0.005857864376269049,0.01414213562373095,0.01530733729460359,0.6,0.0,0.6,0.9942427197734528,1.0,0.4,5.508930971989173,5.445927669716724,0.16916049922627963,9.876812572196586,9.938524840646009,7.521041057129341,False,False,aligned_deterministic_seeds_not_common_randomness
3672,61.199999999999996,204,50,49,15,1,1,0.28703535443718314,-0.692964645562816,0.7500595274355754,0.5121320343559641,0.21213203435596434,0.554327719506772,0.9942427197734528,0.9999999999999992,0.5319916840530966,4.393679826158802,1.6862057519183509,1.6862057519183509,11.058451949712014,10.631425204680738,13.888734526864058,False,False,aligned_deterministic_seeds_not_common_randomness
3690,61.5,205,50,5,15,1,1,0.029289321881345243,-0.07071067811865475,0.07653668647301795,0.21213203435596434,0.5121320343559641,0.554327719506772,0.9732827033362801,0.9999999999999992,0.5319916840530966,0.3941276506383531,2.1761292717451113,1.0000993157018456,5.183942679714559,17.45457403209492,12.272236574479987,False,False,aligned_deterministic_seeds_not_common_randomness
3708,61.8,206,50,1,15,1,1,-0.01414213562373095,0.005857864376269049,0.01530733729460359,0.5121320343559641,0.21213203435596434,0.554327719506772,0.9886889302480966,0.9942427197734521,0.532478861293256,2.54775084163731,1.3644229240524623,1.0000993157018456,7.285380942759167,20.21020659812419,14.256740725260402,False,False,aligned_deterministic_seeds_not_common_randomness
3726,62.1,207,50,50,15,1,1,-0.707106781186547,0.2928932188134522,0.765366864730179,0.21213203435596434,0.5121320343559641,0.554327719506772,1.0,0.9999999999999992,0.5319916840530966,6.9280448979660605,7.857894012006767,2.6471750417026385,17.712765632840608,13.320914526614269,10.211429985704761,False,False,aligned_deterministic_seeds_not_common_randomness
3744,62.4,208,50,50,15,1,1,-0.727106781186547,0.3011774900609141,0.7870147087360269,0.5121320343559641,0.21213203435596434,0.554327719506772,0.9942427197734528,0.9942427197734521,0.5210889921348968,9.221669879120952,0.5595077970587283,0.5595077970587283,12.802605003923542,15.592304923648978,10.934607259678664,False,False,aligned_deterministic_seeds_not_common_randomness
3762,62.699999999999996,209,50,50,15,1,1,-0.7353910524340089,0.28117749006091414,0.787312378231763,0.4242640687119287,0.4242640687119287,0.6000000000000002,0.9886889302480972,0.9999999999999992,0.40000000000000013,1.8664623381897059,3.0607110078605615,0.1691604992262512,5.5243310232641525,16.030062331105096,11.247007978419942,False,False,aligned_deterministic_seeds_not_common_randomness
3780,63.0,210,50,49,15,1,1,-0.692964645562816,0.28703535443718314,0.7500595274355754,0.4242640687119287,0.4242640687119287,0.6000000000000002,1.0,0.9942427197734521,0.3943957695944971,3.9598743116152946,4.5251373269844635,4.5251373269844635,7.075358728021189,14.596011025978955,17.038321371407154,False,False,aligned_deterministic_seeds_not_common_randomness
3798,63.3,211,50,49,15,1,1,-0.692964645562816,0.28703535443718314,0.7500595274355754,0.4242640687119287,0.4242640687119287,0.6000000000000002,1.0,0.9942427197734521,0.3943957695944971,3.207372033742672,3.582211474174187,3.9091684167621565,7.147980117756649,6.920019380165029,11.250453911166355,False,False,aligned_deterministic_seeds_not_common_randomness
3816,63.6,212,50,2,15,1,1,-0.042426406871192854,-0.005857864376269049,0.042828898830704974,0.21213203435596434,0.5121320343559641,0.554327719506772,0.9886889302480972,0.9942427197734528,0.5210889921348973,0.20695372516058796,6.040719704781623,6.040719704781623,3.6766192694644655,14.607161249118462,16.085154939265195,False,False,aligned_deterministic_seeds_not_common_randomness
3834,63.9,213,50,49,15,1,1,-0.692964645562816,-0.28703535443718314,0.7500595274355754,0.0,0.6,0.6,0.9942427197734521,1.0,0.4,2.91257957021395,3.2226355943971043,0.16916049922627963,7.436643806032956,7.538408063260837,5.850640464534426,False,False,aligned_deterministic_seeds_not_common_randomness
3852,64.2,214,50,2,15,1,1,-0.0282842712474619,-0.011715728752538098,0.03061467458920718,-0.21213203435596434,0.5121320343559641,0.554327719506772,0.9999999999999992,0.9886889302480966,0.5104125318766936,15.170132897343535,0.04453588263902475,0.04453588263902475,20.20852936541564,5.219034401523633,10.309264818084465,False,False,aligned_deterministic_seeds_not_common_randomness
3870,64.5,215,50,2,15,1,1,-0.0282842712474619,-0.011715728752538098,0.03061467458920718,-0.4242640687119287,0.4242640687119287,0.6000000000000002,0.9999999999999992,0.9886889302480966,0.3893130813345125,0.7487736349092984,0.6627486572796215,0.6627486572796215,14.206793468915025,4.0810850080464025,3.3033589447109772,False,False,aligned_deterministic_seeds_not_common_randomness
3888,64.8,216,50,25,15,1,1,-0.35355339059327384,-0.14644660940672616,0.38268343236508984,-0.2687005768508881,0.488700576850888,0.5576990710180453,0.9999999999999992,0.9238795325112865,0.3745898766594422,8.633456241225872,0.02876830629372762,0.02876830629372762,17.068621756347408,2.477371409753472,7.343537373132531,False,False,aligned_deterministic_seeds_not_common_randomness
